Parameterization,N,Run,Variable,Median R_hat,Maximum R_hat,Diagnostics OK,Mean,q05,q50,q95
Centered,2,1,log_sigma_sq,1.0267300000000001,1.07306,False,-1.4173828653790175,-4.59212726,-1.3503977,1.4319150999999988
Centered,2,1,theta[1],1.0267300000000001,1.07306,False,-0.005621298394532249,-1.161688965,-0.00112356825,1.1095446199999988
Centered,2,2,log_sigma_sq,1.00715,1.02316,True,-1.0963535223864176,-3.875320945,-1.0798804,1.5575069649999995
Centered,2,2,theta[1],1.00715,1.02316,True,0.0033656635142625007,-1.161850185,-0.0072995831,1.2051628449999994
Centered,2,3,log_sigma_sq,1.0272350000000001,1.08696,False,-1.6454951555326878,-5.10732458,-1.4925940500000001,1.2877924999999988
Centered,2,3,theta[1],1.0272350000000001,1.08696,False,0.018810798957493154,-1.002257715,0.011755317000000001,1.0807704049999993
Centered,2,4,log_sigma_sq,1.007325,1.01774,True,-1.2017609749654676,-4.06626137,-1.1454857,1.6407099799999985
Centered,2,4,theta[1],1.007325,1.01774,True,0.007230443363318851,-1.183434345,0.0032800469,1.2150991199999996
Centered,2,5,log_sigma_sq,1.246625,1.39536,False,-3.145944232871823,-5.7831209,-3.3736611,0.8183121574999987
Centered,2,5,theta[1],1.246625,1.39536,False,-0.009824777031872997,-0.7514543284999999,-0.001962082,0.6598133874999998
Centered,2,6,log_sigma_sq,1.310105,1.5688,False,-2.7367811153038075,-6.3531912,-2.3881761,0.9964028184999971
Centered,2,6,theta[1],1.310105,1.5688,False,-0.0035001920155025004,-0.8687717085,0.015836926,0.8349537294999992
Centered,2,7,log_sigma_sq,1.00697,1.03462,False,-1.4047579454015926,-4.3412128,-1.3362248,1.3146796399999994
Centered,2,7,theta[1],1.00697,1.03462,False,-0.00045063626293000245,-1.078850375,-0.000558737845,1.0649937249999994
Centered,2,8,log_sigma_sq,1.1146699999999998,1.22164,False,-1.66249290441535,-4.698051,-1.5381825,1.3902504249999994
Centered,2,8,theta[1],1.1146699999999998,1.22164,False,-0.0020332029549277493,-1.053013445,-0.017025719,1.0302535449999977
Centered,2,9,log_sigma_sq,1.013835,1.03238,False,-1.466631796308475,-4.41082042,-1.4173925,1.243538819999999
Centered,2,9,theta[1],1.013835,1.03238,False,0.0061426278476600015,-1.0581176350000001,0.00271975085,1.080139245
Centered,2,10,log_sigma_sq,1.01088,1.02833,False,-1.3216181954530648,-3.9905041,-1.3842734,1.4362023649999993
Centered,2,10,theta[1],1.01088,1.02833,False,0.0234165727640065,-1.0414148650000001,0.0069167746500000005,1.1210077949999977
Centered,2,11,log_sigma_sq,1.003355,1.01086,True,-1.542804384939785,-4.357658,-1.5423889000000002,1.247555429999999
Centered,2,11,theta[1],1.003355,1.01086,True,0.01662421290162875,-1.015115685,0.00252514755,1.1214190499999999
Centered,2,12,log_sigma_sq,1.00431,1.01594,True,-1.1875363241944623,-4.062129685,-1.1292356,1.5479535049999997
Centered,2,12,theta[1],1.00431,1.01594,True,-0.0113551090591725,-1.15298493,0.0043758995499999995,1.0553194399999994
Centered,2,13,log_sigma_sq,1.0112100000000002,1.02348,False,-1.4434950546615175,-4.2169674,-1.50186935,1.489627039999998
Centered,2,13,theta[1],1.0112100000000002,1.02348,False,-0.01392976929119825,-1.114089895,-0.0017733899499999999,1.0346635699999984
Centered,2,14,log_sigma_sq,1.032715,1.0707,False,-1.8413384570929325,-5.49172988,-1.6751296,1.003381469999998
Centered,2,14,theta[1],1.032715,1.0707,False,-0.0031933124448225,-0.9432291564999999,0.000451280975,0.9504644599999994
Centered,2,15,log_sigma_sq,1.025585,1.07321,False,-1.5115215253678607,-4.61490538,-1.4863604499999998,1.4146473
Centered,2,15,theta[1],1.025585,1.07321,False,0.003931510844067249,-1.00339444,0.010988360499999999,1.0480677449999984
Centered,2,16,log_sigma_sq,1.0198900000000002,1.05409,False,-1.4490346601088049,-4.2687930949999995,-1.4121278,1.3528561
Centered,2,16,theta[1],1.0198900000000002,1.05409,False,-0.013204159539184999,-1.0168365899999998,0.001517012,0.9898504739999997
Centered,2,17,log_sigma_sq,1.01045,1.02627,False,-1.2979456732708252,-4.30719287,-1.20220065,1.3797850449999995
Centered,2,17,theta[1],1.01045,1.02627,False,-0.0201766634299125,-1.15604264,-0.0296021575,1.083431139999998
Centered,2,18,log_sigma_sq,1.0132349999999999,1.03846,False,-1.616247990974075,-4.8588652,-1.52083755,1.2317573
Centered,2,18,theta[1],1.0132349999999999,1.03846,False,-0.0008254347112674998,-1.06487246,-0.0046535637,1.055001609999998
Centered,2,19,log_sigma_sq,1.011115,1.03665,False,-1.362492950219525,-4.16977394,-1.36897825,1.4061272399999962
Centered,2,19,theta[1],1.011115,1.03665,False,0.0024486159958457526,-1.0256431,0.00533722505,1.0452461149999994
Centered,2,20,log_sigma_sq,1.002255,1.00713,True,-1.1779175394053127,-3.8675955,-1.0947581,1.3924858899999997
Centered,2,20,theta[1],1.002255,1.00713,True,0.023171796391757496,-1.15035008,0.012159447,1.2108794149999986
Centered,2,21,log_sigma_sq,1.016765,1.04535,False,-1.25690550488993,-4.0068385,-1.1916630499999998,1.3870332299999997
Centered,2,21,theta[1],1.016765,1.04535,False,0.0096449259007275,-1.080640895,0.0093649104,1.129716174999999
Centered,2,22,log_sigma_sq,1.011025,1.02322,False,-1.4689014779339227,-4.2111841100000005,-1.4127085,1.1495781099999998
Centered,2,22,theta[1],1.011025,1.02322,False,0.0004721916248775351,-1.0574121349999999,0.013599252999999999,0.9736490784999998
Centered,2,23,log_sigma_sq,1.065385,1.17833,False,-2.2076453249178902,-5.3916823,-2.1664724,1.0084035449999997
Centered,2,23,theta[1],1.065385,1.17833,False,-0.0271294131227712,-0.9805917624999999,0.011472411,0.8173748764999985
Centered,2,24,log_sigma_sq,1.004985,1.01471,True,-1.676748273591315,-4.81369555,-1.5741527,1.0977395599999997
Centered,2,24,theta[1],1.004985,1.01471,True,-0.009659253784680001,-1.057558115,0.005680430300000001,0.9564278324999995
Centered,2,25,log_sigma_sq,1.022555,1.06072,False,-1.9357884104321001,-5.141716,-1.8371151000000001,1.124963589999999
Centered,2,25,theta[1],1.022555,1.06072,False,0.0023798443122225008,-0.9105169674999999,-0.0009411125,0.8797247064999988
Centered,2,26,log_sigma_sq,1.017465,1.04468,False,-1.6776226731500699,-4.57607255,-1.63580105,1.2599150899999996
Centered,2,26,theta[1],1.017465,1.04468,False,-0.021150651365214195,-1.04837279,-0.00577465655,0.9468634999999984
Centered,2,27,log_sigma_sq,1.012315,1.03187,False,-1.6391978929993725,-4.732596825,-1.49248085,1.2467511199999992
Centered,2,27,theta[1],1.012315,1.03187,False,-0.0041222221010669986,-1.037226975,0.0014957442,1.0194938049999986
Centered,2,28,log_sigma_sq,1.012125,1.03508,False,-1.6185138986185976,-4.5490431,-1.5543427,1.2836304799999998
Centered,2,28,theta[1],1.012125,1.03508,False,-0.012236382410457748,-1.114246175,-0.0087854042,1.0442423
Centered,2,29,log_sigma_sq,1.012095,1.03835,False,-1.3885362899797502,-4.272107685,-1.2925232,1.352410664999999
Centered,2,29,theta[1],1.012095,1.03835,False,-0.003200930973998247,-1.07926768,-0.00218628925,1.0256778049999986
Centered,2,30,log_sigma_sq,1.0155699999999999,1.03485,False,-1.6421772031058124,-4.912912319999999,-1.5445815,1.280133864999999
Centered,2,30,theta[1],1.0155699999999999,1.03485,False,0.004244034433440252,-1.0120404349999998,0.0012075797,1.0491573099999996
Centered,2,31,log_sigma_sq,1.01411,1.04193,False,-1.8058897398416,-4.652098855,-1.87893685,1.2326845999999998
Centered,2,31,theta[1],1.01411,1.04193,False,0.011792605262224245,-0.9323812789999999,0.012543002000000001,0.9777858949999999
Centered,2,32,log_sigma_sq,1.016505,1.03936,False,-1.6221618112676233,-4.9114247,-1.6064529,1.264887125
Centered,2,32,theta[1],1.016505,1.03936,False,0.009048447163329506,-0.9053244475,0.018522608000000003,0.9695321054999997
Centered,2,33,log_sigma_sq,1.031385,1.06743,False,-2.0387011682528375,-5.76068042,-1.86808095,1.263107415
Centered,2,33,theta[1],1.031385,1.06743,False,0.020804272260887005,-0.9626278264999999,0.00632074925,1.0375386049999997
Centered,2,34,log_sigma_sq,1.00455,1.01435,True,-1.486128626919795,-4.092356655000001,-1.4524954,1.1436946649999993
Centered,2,34,theta[1],1.00455,1.01435,True,0.007788880134512501,-0.9738144004999999,0.0066361045,0.9758836179999999
Centered,2,35,log_sigma_sq,1.06895,1.1066,False,-1.778319515232285,-4.6823671,-1.7257943999999998,1.2155179149999988
Centered,2,35,theta[1],1.06895,1.1066,False,0.008418284551729502,-0.9812546125,0.0174015115,1.0286045699999997
Centered,2,36,log_sigma_sq,1.005125,1.00905,True,-1.4187949775515498,-4.2206021,-1.3253508,1.2582403649999994
Centered,2,36,theta[1],1.005125,1.00905,True,0.018098662911995,-1.03954849,0.00634819655,1.0657315199999997
Centered,2,37,log_sigma_sq,1.016005,1.04607,False,-1.5625130577167101,-4.797176045,-1.3898994999999998,1.26201537
Centered,2,37,theta[1],1.016005,1.04607,False,0.005900537356691745,-1.022066065,-0.0059648793,1.0644367299999968
Centered,2,38,log_sigma_sq,1.00815,1.02321,True,-1.4331238927387924,-4.1562896,-1.38828495,1.1894396599999986
Centered,2,38,theta[1],1.00815,1.02321,True,-0.011739687241462498,-1.01273123,-0.000750823135,0.9340957649999988
Centered,2,39,log_sigma_sq,1.00783,1.0241,True,-1.4490972871416326,-4.48140059,-1.33565005,1.2525763049999992
Centered,2,39,theta[1],1.00783,1.0241,True,0.0029206901041374978,-1.075003735,-0.0027336,1.0947346499999977
Centered,2,40,log_sigma_sq,1.00566,1.01806,True,-1.1948355820828473,-4.2456054,-1.1167669999999998,1.4477960599999995
Centered,2,40,theta[1],1.00566,1.01806,True,-0.0087182647342195,-1.153858345,-0.011585624,1.1126928599999995
Centered,2,41,log_sigma_sq,,,False,-2.862043467339826,-7.1480166,-2.23702015,1.2080006799999978
Centered,2,41,theta[1],,,False,0.0035780468083499986,-0.9453376569999998,0.024439423,0.9190239279999998
Centered,2,42,log_sigma_sq,1.00899,1.02387,True,-1.5645464244546423,-4.404527065,-1.5056703,1.1670720399999996
Centered,2,42,theta[1],1.00899,1.02387,True,0.0034486176830300012,-0.9968127499999999,0.0010805753,1.0342726599999983
Centered,2,43,log_sigma_sq,1.00919,1.02304,True,-1.29627615193269,-4.293969805,-1.22250405,1.472462394999999
Centered,2,43,theta[1],1.00919,1.02304,True,0.01836572017419,-1.06737026,0.0085605584,1.1570381399999998
Centered,2,44,log_sigma_sq,1.007215,1.01852,True,-1.247641181526925,-4.406803525,-1.0558638500000002,1.4359296699999993
Centered,2,44,theta[1],1.007215,1.01852,True,-0.018524128023825,-1.21326848,-0.0121745785,1.1461756399999994
Centered,2,45,log_sigma_sq,1.007925,1.0293,True,-1.48640991494465,-4.62312576,-1.3896965,1.2620265449999994
Centered,2,45,theta[1],1.007925,1.0293,True,-0.00349659592678125,-1.11212694,0.0014070609999999998,1.0521550100000001
Centered,2,46,log_sigma_sq,1.0070649999999999,1.01916,True,-1.5198343782054275,-4.7884364,-1.45568115,1.5559132099999997
Centered,2,46,theta[1],1.0070649999999999,1.01916,True,0.020515205163751996,-1.0555358449999999,0.00732586215,1.1689797849999997
Centered,2,47,log_sigma_sq,1.01443,1.0298,False,-1.6507021452990251,-4.51207705,-1.58298465,1.1324565249999996
Centered,2,47,theta[1],1.01443,1.0298,False,-0.01917378331525,-1.032124115,-0.0184811455,1.0578335299999981
Centered,2,48,log_sigma_sq,1.0092400000000001,1.02669,True,-1.09924628541745,-3.789868,-1.0621699,1.544401109999997
Centered,2,48,theta[1],1.0092400000000001,1.02669,True,-0.016556809350760003,-1.20702556,0.00443838335,1.1105111849999987
Centered,2,49,log_sigma_sq,1.00577,1.01463,True,-1.1816379986675702,-3.84991292,-1.1630979,1.3605195649999986
Centered,2,49,theta[1],1.00577,1.01463,True,-0.011855041957350003,-1.121432835,-0.0075636095,1.118716119999999
Centered,2,50,log_sigma_sq,1.00803,1.02217,True,-1.3268593295552626,-4.0381776,-1.2856231,1.328040945
Centered,2,50,theta[1],1.00803,1.02217,True,0.013204853833669997,-1.04279135,0.010482100500000001,1.0896280249999997
Centered,2,51,log_sigma_sq,1.006345,1.02658,True,-1.5152395440545374,-4.5945482,-1.4358172,1.3189084850000001
Centered,2,51,theta[1],1.006345,1.02658,True,0.007345309430093751,-1.071138,0.003048418,1.0760284799999995
Centered,2,52,log_sigma_sq,1.0246,1.07306,False,-1.7798077568322523,-4.8998861,-1.7214483999999999,1.2686264749999987
Centered,2,52,theta[1],1.0246,1.07306,False,0.003367887590091501,-0.9495718235,0.0069234412,0.980376411
Centered,2,53,log_sigma_sq,1.012395,1.02932,False,-1.446429038869725,-4.33795601,-1.3614285,1.2965907149999976
Centered,2,53,theta[1],1.012395,1.02932,False,-0.000624984896752498,-1.0485792749999998,-0.0047372226,1.049717029999999
Centered,2,54,log_sigma_sq,1.0092850000000002,1.03085,False,-1.3024394479039603,-4.192368855,-1.2055351,1.350791484999999
Centered,2,54,theta[1],1.0092850000000002,1.03085,False,0.004262891719887748,-1.0802977749999998,0.0127277835,1.0633014549999995
Centered,2,55,log_sigma_sq,1.011425,1.03355,False,-1.6118739590512174,-4.2063309,-1.63061955,1.1461319549999978
Centered,2,55,theta[1],1.011425,1.03355,False,-0.005879685959777004,-0.9732966064999999,0.005276261650000001,1.01978887
Centered,2,56,log_sigma_sq,1.00793,1.02356,True,-1.520210834050635,-4.7303943,-1.3973607499999998,1.3714051749999996
Centered,2,56,theta[1],1.00793,1.02356,True,-0.0009573261105274993,-1.074506175,4.754856e-05,1.056956629999999
Centered,2,57,log_sigma_sq,1.004645,1.01453,True,-1.5461229708000501,-4.34951177,-1.6148231499999999,1.40460338
Centered,2,57,theta[1],1.004645,1.01453,True,-0.0008565629023165475,-0.966081554,0.0106514955,0.9734815115
Centered,2,58,log_sigma_sq,1.01463,1.04071,False,-1.4194778708059976,-4.5357261,-1.3156118,1.3778787349999984
Centered,2,58,theta[1],1.01463,1.04071,False,0.0007707115579270471,-1.111361195,0.0030361775499999997,1.1010823099999993
Centered,2,59,log_sigma_sq,1.0103550000000001,1.02707,False,-1.46890569018513,-4.2255991,-1.42064575,1.1109497599999998
Centered,2,59,theta[1],1.0103550000000001,1.02707,False,0.012147112742995002,-0.9992138479999997,-0.00043455722,1.0495266949999997
Centered,2,60,log_sigma_sq,1.031295,1.08913,False,-1.49088089922456,-4.3313281,-1.3984668,1.3875484049999995
Centered,2,60,theta[1],1.031295,1.08913,False,0.009293783366665004,-1.143971235,0.0463658985,1.11958446
Centered,2,61,log_sigma_sq,1.005445,1.02098,True,-1.4076606559790126,-4.3501575699999995,-1.3780028,1.5070238499999995
Centered,2,61,theta[1],1.005445,1.02098,True,-0.015833519903136,-1.12470721,0.020968731,1.0237834949999995
Centered,2,62,log_sigma_sq,1.00631,1.02343,True,-1.162401015389945,-3.8276649,-1.0995252500000001,1.2991450699999998
Centered,2,62,theta[1],1.00631,1.02343,True,0.02127935169592925,-1.078796155,0.0049147020999999996,1.1608178799999995
Centered,2,63,log_sigma_sq,1.01057,1.02376,False,-1.29594521803929,-3.9768271250000002,-1.2518439,1.2045235749999996
Centered,2,63,theta[1],1.01057,1.02376,False,0.0130660591032536,-1.067827395,0.015531634999999998,1.105342164999999
Centered,2,64,log_sigma_sq,1.007015,1.0141,True,-1.390554920000145,-4.326856965,-1.3626757,1.365817104999998
Centered,2,64,theta[1],1.007015,1.0141,True,-0.011960344868015003,-1.067897155,-0.00314454845,1.02742714
Centered,2,65,log_sigma_sq,1.007075,1.02755,True,-1.397914476795425,-4.7007561,-1.2963369500000002,1.3285852449999997
Centered,2,65,theta[1],1.007075,1.02755,True,0.001638788869896497,-1.06245492,0.0088307019,1.0417869949999978
Centered,2,66,log_sigma_sq,1.02087,1.05059,False,-1.73480113902504,-5.3141676,-1.5752898499999999,1.2387387249999986
Centered,2,66,theta[1],1.02087,1.05059,False,0.0018414843073275016,-1.046648445,0.023861496500000003,1.0290595799999993
Centered,2,67,log_sigma_sq,1.0208650000000001,1.06666,False,-1.6818137695344977,-4.5920764,-1.6222229000000001,1.0599573049999993
Centered,2,67,theta[1],1.0208650000000001,1.06666,False,0.005612923875969749,-0.934860129,-0.0126743135,0.9669430749999994
Centered,2,68,log_sigma_sq,1.014645,1.05459,False,-1.4246583237016124,-4.3453081,-1.37006465,1.3284784999999988
Centered,2,68,theta[1],1.014645,1.05459,False,-0.005477615066007999,-1.05757278,-0.00667844045,1.0656003399999991
Centered,2,69,log_sigma_sq,1.0262250000000002,1.06845,False,-1.7587150259336828,-5.4090105,-1.5871736,1.2718609499999998
Centered,2,69,theta[1],1.0262250000000002,1.06845,False,-0.005578242572337001,-0.9903096914999999,-0.0225577355,1.0289440699999994
Centered,2,70,log_sigma_sq,1.0183200000000001,1.03635,False,-1.440972640184855,-4.4407371,-1.3487089,1.346720545
Centered,2,70,theta[1],1.0183200000000001,1.03635,False,0.0021620166874457506,-1.0298826349999999,0.006930813,1.086517769999999
Centered,2,71,log_sigma_sq,1.00821,1.0209,True,-1.5312746708080327,-4.1458863,-1.4733976000000002,1.137320229999999
Centered,2,71,theta[1],1.00821,1.0209,True,0.021980755311443705,-0.950082742,0.0166461925,1.0309717549999955
Centered,2,72,log_sigma_sq,1.0087199999999998,1.01847,True,-1.5910403459575526,-4.42168121,-1.56267175,1.2448094349999992
Centered,2,72,theta[1],1.0087199999999998,1.01847,True,0.0147017206253755,-0.8939686135,-0.0017025606,0.9627842954999983
Centered,2,73,log_sigma_sq,1.00663,1.01642,True,-1.4982759486592228,-4.520501,-1.4359134500000001,1.3560024800000001
Centered,2,73,theta[1],1.00663,1.01642,True,-0.0041913360021725,-1.0228333,-0.0056945292,1.025735749999999
Centered,2,74,log_sigma_sq,1.0250750000000002,1.05385,False,-1.636349900894185,-5.5786387,-1.4657087999999998,1.319716744999999
Centered,2,74,theta[1],1.0250750000000002,1.05385,False,0.0037295814710225023,-1.0256782,-0.0006794916,1.068777615
Centered,2,75,log_sigma_sq,1.01004,1.03235,False,-1.4097062490034078,-4.174170705,-1.3615037,1.1917646099999994
Centered,2,75,theta[1],1.01004,1.03235,False,-0.018067751622929003,-1.066986015,-0.0087443753,1.0692029599999995
Centered,2,76,log_sigma_sq,1.00692,1.01534,True,-1.4049055346294999,-3.768835025,-1.44092865,1.2416252999999997
Centered,2,76,theta[1],1.00692,1.01534,True,0.0032986312821249994,-1.0293228099999998,0.00222435305,1.001924209999998
Centered,2,77,log_sigma_sq,1.01752,1.05769,False,-1.3911240059580976,-4.39632779,-1.314734,1.2495700349999999
Centered,2,77,theta[1],1.01752,1.05769,False,0.00545775752858178,-1.0198286849999998,0.00929985195,1.0476665749999994
Centered,2,78,log_sigma_sq,1.0269650000000001,1.07527,False,-1.72668951257545,-5.1727959,-1.6269767499999999,1.2585601899999992
Centered,2,78,theta[1],1.0269650000000001,1.07527,False,0.005406903421567498,-0.9767072339999999,-0.00423030415,0.9965556379999998
Centered,2,79,log_sigma_sq,1.0079850000000001,1.02488,True,-1.3724066852086894,-4.212289495,-1.2739778,1.2942720299999992
Centered,2,79,theta[1],1.0079850000000001,1.02488,True,0.0030988219860548756,-0.99479937,0.0036840987,1.0271835149999997
Centered,2,80,log_sigma_sq,1.00339,1.00778,True,-1.25460295596827,-3.97522251,-1.20849,1.2709249049999998
Centered,2,80,theta[1],1.00339,1.00778,True,-0.0107065834380005,-1.163766805,0.00358521165,1.08505452
Centered,2,81,log_sigma_sq,1.02436,1.06451,False,-1.6118860650932674,-4.513913710000001,-1.5737995,1.3028509049999986
Centered,2,81,theta[1],1.02436,1.06451,False,0.0031313989556419957,-1.0550339999999998,0.0046323061,1.0758551999999986
Centered,2,82,log_sigma_sq,1.0052050000000001,1.01632,True,-1.1730219088732725,-3.8236945999999996,-1.11673725,1.391252585
Centered,2,82,theta[1],1.0052050000000001,1.01632,True,0.008139581412778499,-1.158140725,0.0017186221,1.149198329999999
Centered,2,83,log_sigma_sq,1.013265,1.03159,False,-1.2667171093737999,-4.3055797,-1.13404685,1.4170516299999996
Centered,2,83,theta[1],1.013265,1.03159,False,-0.005961860450115826,-1.1523735149999998,-0.017259549,1.1841840799999992
Centered,2,84,log_sigma_sq,1.01971,1.04839,False,-1.2297906833107501,-4.2723142,-1.1176311,1.40474617
Centered,2,84,theta[1],1.01971,1.04839,False,-0.011776078584205,-1.1325201449999998,-0.0044213319000000004,1.0858888699999973
Centered,2,85,log_sigma_sq,1.043365,1.08698,False,-1.9132081347514849,-5.3091391,-1.73748605,1.1162453699999995
Centered,2,85,theta[1],1.043365,1.08698,False,-0.0007807315871649991,-0.942975189,-0.0076398904,1.0186785399999998
Centered,2,86,log_sigma_sq,1.0058349999999998,1.01662,True,-1.3164622392131795,-3.9989431,-1.26237475,1.2731139200000001
Centered,2,86,theta[1],1.0058349999999998,1.01662,True,-0.013951582147335002,-1.130687735,-0.0028035497,1.0742968549999998
Centered,2,87,log_sigma_sq,1.02685,1.06177,False,-1.4243516111009251,-4.812960224999999,-1.2274145,1.4571908199999983
Centered,2,87,theta[1],1.02685,1.06177,False,0.0049725633376600025,-1.08116131,0.00168141595,1.1543841000000001
Centered,2,88,log_sigma_sq,1.006435,1.0226,True,-1.060343155783649,-3.78570699,-1.0296783,1.703250839999999
Centered,2,88,theta[1],1.006435,1.0226,True,0.00048360586399624815,-1.1827797549999999,0.000801323475,1.131221064999998
Centered,2,89,log_sigma_sq,1.015175,1.03798,False,-1.7549792155975623,-4.8607149,-1.67836645,1.1432817549999972
Centered,2,89,theta[1],1.015175,1.03798,False,0.007617725451347501,-0.9333013720000001,0.013525168,0.9754793444999996
Centered,2,90,log_sigma_sq,1.00652,1.02434,True,-1.5531905291813,-4.4310649,-1.5490082,1.2720649149999999
Centered,2,90,theta[1],1.00652,1.02434,True,-0.004006084311820002,-0.9908595214999999,-0.00823088835,0.9831179394999997
Centered,2,91,log_sigma_sq,1.03693,1.09709,False,-1.527803235670025,-5.5665714,-1.35729125,1.3660395799999987
Centered,2,91,theta[1],1.03693,1.09709,False,0.01579041470514725,-1.0377612949999997,-0.0016175769999999998,1.137333279999999
Centered,2,92,log_sigma_sq,1.005385,1.01771,True,-1.635600509936195,-4.9028714,-1.55624795,1.216950899999999
Centered,2,92,theta[1],1.005385,1.01771,True,-0.0027456846067975015,-1.00635366,0.014125414,1.0042054899999997
Centered,2,93,log_sigma_sq,1.00884,1.01904,True,-1.3375200028097503,-4.2074503,-1.2413252,1.3220116849999992
Centered,2,93,theta[1],1.00884,1.01904,True,-0.00495165200817,-1.134414375,-0.0009944548600000001,1.1294547099999985
Centered,2,94,log_sigma_sq,1.01369,1.03996,False,-1.6693935152837576,-4.8763439,-1.5681788,1.3301875399999998
Centered,2,94,theta[1],1.01369,1.03996,False,0.01759712371949,-0.9891767914999999,0.0069035835,1.080984135
Centered,2,95,log_sigma_sq,1.027425,1.07789,False,-1.78462913641175,-4.9773841,-1.6203128,1.150499299999999
Centered,2,95,theta[1],1.027425,1.07789,False,0.01329767544322925,-0.995969715,0.0011225029,1.0325792549999977
Centered,2,96,log_sigma_sq,1.02464,1.05183,False,-1.488442202720425,-4.7893613,-1.3431514999999998,1.3720759349999985
Centered,2,96,theta[1],1.02464,1.05183,False,0.0039441975389259976,-1.0405977299999998,0.0049333086,1.0644411249999997
Centered,2,97,log_sigma_sq,1.00679,1.01515,True,-1.238300003812715,-3.82094992,-1.2656711999999999,1.4171182299999994
Centered,2,97,theta[1],1.00679,1.01515,True,-0.006407698974455001,-1.06708844,-0.00371840235,1.0412926349999996
Centered,2,98,log_sigma_sq,1.0176500000000002,1.04786,False,-1.417097658305391,-4.276282015,-1.337218,1.462970499999999
Centered,2,98,theta[1],1.0176500000000002,1.04786,False,-0.0086824416631215,-1.000808285,-0.00906854185,1.0920198349999999
Centered,2,99,log_sigma_sq,1.005615,1.01318,True,-1.4125728484423348,-4.3289999,-1.4298215,1.3593279249999997
Centered,2,99,theta[1],1.005615,1.01318,True,-0.00035254519835175023,-1.02384145,0.0023619669499999997,0.9900169414999999
Centered,2,100,log_sigma_sq,1.0089549999999998,1.02747,True,-1.4450695648735976,-4.1553518,-1.48776405,1.3571368499999992
Centered,2,100,theta[1],1.0089549999999998,1.02747,True,-0.0033492851201999997,-1.0286165600000001,-0.00281867155,1.0247922099999998
Centered,4,1,log_sigma_sq,1.001665,1.01167,True,-1.3230403156920125,-4.4960226,-1.1679078,1.0440944650000001
Centered,4,1,theta[1],1.001665,1.01167,True,0.32959964515126233,-0.47816746349999995,0.192407995,1.546014855
Centered,4,2,log_sigma_sq,1.006155,1.0329,False,-1.5013224002035952,-4.776701275,-1.3055251,0.861027374
Centered,4,2,theta[1],1.006155,1.0329,False,0.3025387289557175,-0.5015945935,0.166799625,1.4664339599999994
Centered,4,3,log_sigma_sq,1.0394700000000001,1.19327,False,-1.7160156542321097,-4.8287452,-1.5300818,0.8429540759999993
Centered,4,3,theta[1],1.0394700000000001,1.19327,False,0.25800496034547826,-0.4468056909999999,0.129287365,1.32802318
Centered,4,4,log_sigma_sq,1.012045,1.05585,False,-1.40534941452115,-4.225182655,-1.2246907,0.8817580019999953
Centered,4,4,theta[1],1.012045,1.05585,False,0.29864935291114,-0.494407416,0.180811935,1.4711736799999997
Centered,4,5,log_sigma_sq,1.013345,1.05322,False,-1.5449234529551221,-5.04047356,-1.26565085,0.9193859819999995
Centered,4,5,theta[1],1.013345,1.05322,False,0.29883405636786,-0.4682000185,0.15276554,1.4521869749999996
Centered,4,6,log_sigma_sq,1.0101849999999999,1.0487,False,-1.508492614841365,-4.6359288,-1.3035269999999999,0.9168038339999999
Centered,4,6,theta[1],1.0101849999999999,1.0487,False,0.3052214149294225,-0.46360500699999996,0.16539610999999999,1.4820071149999994
Centered,4,7,log_sigma_sq,1.00329,1.01711,True,-1.5101712953278084,-4.170452105000001,-1.39222445,0.8402976264999973
Centered,4,7,theta[1],1.00329,1.01711,True,0.279880870983183,-0.4786040385,0.1600616,1.3767253199999998
Centered,4,8,log_sigma_sq,1.01563,1.06065,False,-1.7315569061643945,-4.73556633,-1.55578855,0.9058522664999998
Centered,4,8,theta[1],1.01563,1.06065,False,0.274650933524027,-0.474343071,0.13596674,1.3888338049999995
Centered,4,9,log_sigma_sq,1.009145,1.03935,False,-1.6878167256282022,-4.9664499,-1.46842135,0.941495479999999
Centered,4,9,theta[1],1.009145,1.03935,False,0.27575764107848927,-0.4509323145,0.12659502,1.4204584649999994
Centered,4,10,log_sigma_sq,1.003665,1.01519,True,-1.4966287565736174,-4.2869177,-1.3788561499999998,0.8556601114999999
Centered,4,10,theta[1],1.003665,1.01519,True,0.2891585817664818,-0.44926063299999996,0.16617419,1.4266725399999993
Centered,4,11,log_sigma_sq,1.00322,1.00723,True,-1.473408396241485,-4.317899945,-1.32642545,0.904612812999999
Centered,4,11,theta[1],1.00322,1.00723,True,0.29563634584778997,-0.48252730499999996,0.157798685,1.4399123099999998
Centered,4,12,log_sigma_sq,1.00279,1.00977,True,-1.4182007956152043,-4.146868155,-1.3125489,0.9752332764999997
Centered,4,12,theta[1],1.00279,1.00977,True,0.299760888140796,-0.5028941525,0.169843525,1.4955725699999998
Centered,4,13,log_sigma_sq,1.01457,1.04311,False,-1.639238792273725,-4.6358478,-1.4156607,0.8450907679999998
Centered,4,13,theta[1],1.01457,1.04311,False,0.28348957666788727,-0.458749572,0.13984843,1.4474467199999994
Centered,4,14,log_sigma_sq,1.0120200000000001,1.0413,False,-1.5707319713609476,-4.5634481,-1.39000065,0.8651959139999994
Centered,4,14,theta[1],1.0120200000000001,1.0413,False,0.2666250198948625,-0.5241302305,0.130295725,1.4975351049999979
Centered,4,15,log_sigma_sq,1.007475,1.01748,True,-1.4155735430791356,-4.326370649999999,-1.25646055,0.9382652119999997
Centered,4,15,theta[1],1.007475,1.01748,True,0.3054880410129895,-0.50026883,0.169857425,1.4509833249999993
Centered,4,16,log_sigma_sq,1.00884,1.03831,False,-1.7004447258179933,-4.9948891,-1.50404615,0.9339417879999995
Centered,4,16,theta[1],1.00884,1.03831,False,0.2876521228737857,-0.453050278,0.13534575,1.4875567799999998
Centered,4,17,log_sigma_sq,1.013895,1.0563,False,-1.5615979035197773,-4.5155261,-1.40817625,0.9085016764999998
Centered,4,17,theta[1],1.013895,1.0563,False,0.284876243795777,-0.481402982,0.14667332,1.4418273899999992
Centered,4,18,log_sigma_sq,1.007285,1.0256,True,-1.6311475804727749,-4.40957277,-1.5077703,0.8418212814999998
Centered,4,18,theta[1],1.007285,1.0256,True,0.2595890921357875,-0.488171538,0.12872449,1.4075574649999996
Centered,4,19,log_sigma_sq,1.01563,1.05227,False,-1.69441532058867,-4.9502976,-1.4880512000000001,0.7691676149999992
Centered,4,19,theta[1],1.01563,1.05227,False,0.2709386552831472,-0.4493978,0.135653845,1.3767334699999991
Centered,4,20,log_sigma_sq,1.001695,1.03622,False,-1.5294546866183576,-4.56453026,-1.3763695,0.9247282644999997
Centered,4,20,theta[1],1.001695,1.03622,False,0.28540848942582747,-0.4888523819999999,0.15687308,1.3837341199999997
Centered,4,21,log_sigma_sq,1.00624,1.02098,True,-1.3904209968488974,-4.1448291,-1.2676215000000002,0.9356202819999994
Centered,4,21,theta[1],1.00624,1.02098,True,0.3005992851082283,-0.476869977,0.179276825,1.50883202
Centered,4,22,log_sigma_sq,1.0079,1.02423,True,-1.5060874963217452,-4.36454858,-1.3611776999999998,0.882733409999999
Centered,4,22,theta[1],1.0079,1.02423,True,0.28566332737723027,-0.48959261549999994,0.151660085,1.442665209999999
Centered,4,23,log_sigma_sq,1.00433,1.01254,True,-1.3911679838474125,-3.9888354,-1.2613336,0.8268981314999999
Centered,4,23,theta[1],1.00433,1.01254,True,0.27890343896698677,-0.5123567515,0.17660071,1.3984071149999993
Centered,4,24,log_sigma_sq,1.013245,1.04148,False,-1.8672304697140951,-4.944235315,-1.6943049499999998,0.8451118685
Centered,4,24,theta[1],1.013245,1.04148,False,0.24907688523323748,-0.42755187949999995,0.10562622999999999,1.3298168949999996
Centered,4,25,log_sigma_sq,1.0138449999999999,1.07055,False,-1.60298330337015,-4.746235015,-1.38038955,0.8499669124999967
Centered,4,25,theta[1],1.0138449999999999,1.07055,False,0.29147956066860753,-0.4639658695,0.15166523999999998,1.5016828199999996
Centered,4,26,log_sigma_sq,1.01071,1.03075,False,-1.7036392659040454,-4.5566372,-1.5529395,0.8022029489999994
Centered,4,26,theta[1],1.01071,1.03075,False,0.2585081157236303,-0.4432047985,0.13487428,1.3621523199999996
Centered,4,27,log_sigma_sq,1.01464,1.04502,False,-1.711254285716915,-4.9255207,-1.542618,0.9859762869999997
Centered,4,27,theta[1],1.01464,1.04502,False,0.2756499030223915,-0.48627923199999995,0.128148395,1.4746753899999998
Centered,4,28,log_sigma_sq,1.003605,1.02254,True,-1.4194654511869775,-4.153813185000001,-1.27453305,0.8720720549999995
Centered,4,28,theta[1],1.003605,1.02254,True,0.28497024125787257,-0.5029457215,0.16513476,1.4205276449999993
Centered,4,29,log_sigma_sq,1.00712,1.01904,True,-1.65504042616785,-4.2929939,-1.57478745,0.7782865319999996
Centered,4,29,theta[1],1.00712,1.01904,True,0.2707034319273141,-0.43911892199999997,0.14643533,1.38706581
Centered,4,30,log_sigma_sq,1.0119250000000002,1.03255,False,-1.5609880624778,-4.32042798,-1.42033175,0.8877444019999979
Centered,4,30,theta[1],1.0119250000000002,1.03255,False,0.29604552275644425,-0.42790889049999997,0.152821985,1.4918645549999994
Centered,4,31,log_sigma_sq,1.0129299999999999,1.04362,False,-1.6406753088353998,-4.9278094,-1.50368645,0.8643830754999995
Centered,4,31,theta[1],1.0129299999999999,1.04362,False,0.26185700479028595,-0.4926013135,0.132606815,1.3500540349999999
Centered,4,32,log_sigma_sq,1.0039699999999998,1.01211,True,-1.2784385635112399,-4.1792408,-1.1198123999999998,0.9579695174999998
Centered,4,32,theta[1],1.0039699999999998,1.01211,True,0.31971849575821976,-0.5347738355,0.191340615,1.5284755499999996
Centered,4,33,log_sigma_sq,1.01343,1.06171,False,-1.436582871391955,-4.7294451749999995,-1.24360655,1.054562035
Centered,4,33,theta[1],1.01343,1.06171,False,0.32562242581914996,-0.46118704199999994,0.16883828499999998,1.5444321499999982
Centered,4,34,log_sigma_sq,1.004925,1.02576,True,-1.414354899383925,-4.141499555,-1.2715669,0.9058828934999972
Centered,4,34,theta[1],1.004925,1.02576,True,0.29411612756454997,-0.48554651749999994,0.167448565,1.4471155099999993
Centered,4,35,log_sigma_sq,1.00735,1.03165,False,-1.6925420954599575,-4.9219182,-1.47566625,0.8392647384999999
Centered,4,35,theta[1],1.00735,1.03165,False,0.2696924706843125,-0.42992202449999994,0.13387959,1.3714312149999992
Centered,4,36,log_sigma_sq,1.05119,1.19632,False,-1.9064617940337247,-5.206858,-1.6091841,0.8924810729999995
Centered,4,36,theta[1],1.05119,1.19632,False,0.281923597252135,-0.4254366834999999,0.14427813,1.3966114299999972
Centered,4,37,log_sigma_sq,1.03162,1.17411,False,-1.8498961745071352,-5.2761203,-1.64571785,0.8251759759999999
Centered,4,37,theta[1],1.03162,1.17411,False,0.26929104577294843,-0.44364724099999997,0.12213921,1.3998104449999993
Centered,4,38,log_sigma_sq,1.00442,1.01285,True,-1.3485285856914249,-4.13346148,-1.16212795,1.0057029049999995
Centered,4,38,theta[1],1.00442,1.01285,True,0.2987155937222725,-0.48258155599999997,0.17586318,1.4381482599999997
Centered,4,39,log_sigma_sq,1.005935,1.01588,True,-1.5180854278747102,-4.27970899,-1.3959047,0.8879424494999987
Centered,4,39,theta[1],1.005935,1.01588,True,0.2835170646645875,-0.479652745,0.15622129,1.45439581
Centered,4,40,log_sigma_sq,1.00453,1.01601,True,-1.3639126703834499,-4.0983995,-1.2275488,0.9339644254999997
Centered,4,40,theta[1],1.00453,1.01601,True,0.29722537414371153,-0.5639430365,0.165584595,1.5375832149999997
Centered,4,41,log_sigma_sq,1.00394,1.01746,True,-1.55749266866185,-4.002247355,-1.5206764,0.8034569269999999
Centered,4,41,theta[1],1.00394,1.01746,True,0.2700570657854363,-0.48440287349999994,0.14598982500000002,1.4125732349999987
Centered,4,42,log_sigma_sq,1.00514,1.0207,True,-1.5208254109423,-4.52525823,-1.31081935,0.7668578384999998
Centered,4,42,theta[1],1.00514,1.0207,True,0.2822668605440775,-0.5047664215000001,0.15639766,1.41757725
Centered,4,43,log_sigma_sq,1.005315,1.02267,True,-1.3808480078677,-4.302659619999999,-1.20573855,0.9683448049999998
Centered,4,43,theta[1],1.005315,1.02267,True,0.29981849167982527,-0.5356820205,0.17210431999999998,1.4845857949999999
Centered,4,44,log_sigma_sq,1.0227149999999998,1.08206,False,-1.6367353125007749,-4.609940325,-1.40491615,0.8720204799999991
Centered,4,44,theta[1],1.0227149999999998,1.08206,False,0.2791521114213425,-0.462243562,0.128415495,1.4197100349999998
Centered,4,45,log_sigma_sq,1.0047350000000002,1.01637,True,-1.424171748097945,-3.9931031,-1.2886188,0.8302842904999999
Centered,4,45,theta[1],1.0047350000000002,1.01637,True,0.2956161145730425,-0.47383032750000004,0.173146565,1.3712390299999997
Centered,4,46,log_sigma_sq,1.0083099999999998,1.0234,True,-1.5146581187598325,-4.41627046,-1.4005564,0.9673218779999992
Centered,4,46,theta[1],1.0083099999999998,1.0234,True,0.2793330254881125,-0.469828286,0.14675426,1.4579811699999998
Centered,4,47,log_sigma_sq,1.01027,1.0538,False,-1.568902767149625,-4.73114804,-1.39455085,0.9229071609999998
Centered,4,47,theta[1],1.01027,1.0538,False,0.27673431473659693,-0.527650581,0.14414746499999997,1.451660655
Centered,4,48,log_sigma_sq,1.00531,1.01868,True,-1.4654421416336603,-4.3851602,-1.2962238,0.9534837679999998
Centered,4,48,theta[1],1.00531,1.01868,True,0.2899442020850745,-0.496181542,0.150102015,1.4493596199999998
Centered,4,49,log_sigma_sq,1.0052949999999998,1.0228,True,-1.534251702886035,-4.48077687,-1.3572998,0.9636043224999999
Centered,4,49,theta[1],1.0052949999999998,1.0228,True,0.29229643444388753,-0.4870999005,0.15341010500000002,1.5118097499999992
Centered,4,50,log_sigma_sq,1.0054699999999999,1.01035,True,-1.3893197628305824,-4.2837203,-1.17147315,0.8588479619999997
Centered,4,50,theta[1],1.0054699999999999,1.01035,True,0.30497069658056625,-0.489842414,0.174874465,1.499449964999999
Centered,4,51,log_sigma_sq,1.010895,1.02381,False,-1.4103784585568158,-4.54577261,-1.2491880499999999,0.9914604194999965
Centered,4,51,theta[1],1.010895,1.02381,False,0.30142445484704,-0.4975543215,0.1564513,1.5283012699999996
Centered,4,52,log_sigma_sq,1.01205,1.04002,False,-1.4667713321781588,-4.366384630000001,-1.3204055000000001,0.8997849359999996
Centered,4,52,theta[1],1.01205,1.04002,False,0.29725058034026974,-0.4839257495,0.161881585,1.4469410049999998
Centered,4,53,log_sigma_sq,1.020245,1.07905,False,-1.7757511213878447,-5.0723221,-1.4658125,0.7350427174999996
Centered,4,53,theta[1],1.020245,1.07905,False,0.24457211305687324,-0.47625563049999997,0.10119183,1.335626479999999
Centered,4,54,log_sigma_sq,1.008795,1.02741,True,-1.6821722605387799,-4.646462,-1.5268166,0.8345063009999985
Centered,4,54,theta[1],1.008795,1.02741,True,0.257337922228225,-0.5058261795,0.12361126,1.4208630849999997
Centered,4,55,log_sigma_sq,1.007625,1.02185,True,-1.7278460975570076,-4.74946869,-1.58124665,0.770767099499997
Centered,4,55,theta[1],1.007625,1.02185,True,0.25770215066680047,-0.48135367949999996,0.12706461,1.405515749999999
Centered,4,56,log_sigma_sq,1.014935,1.06298,False,-1.4313463695282225,-4.7418894,-1.16924535,1.0744232249999988
Centered,4,56,theta[1],1.014935,1.06298,False,0.31616657792455,-0.516459202,0.14814296999999998,1.6025008399999996
Centered,4,57,log_sigma_sq,1.01493,1.05125,False,-1.514211598704675,-4.4472184,-1.3208355,0.9229957159999994
Centered,4,57,theta[1],1.01493,1.05125,False,0.28218558498896257,-0.4792199,0.14949616500000001,1.3986837549999995
Centered,4,58,log_sigma_sq,1.08297,1.22625,False,-2.0262133888235443,-5.2401729,-1.7863794,0.72658401
Centered,4,58,theta[1],1.08297,1.22625,False,0.2388713706525275,-0.503631621,0.0853223995,1.307018385
Centered,4,59,log_sigma_sq,1.0125899999999999,1.06014,False,-1.7057613635414728,-4.9678181,-1.48966485,0.8737088819999999
Centered,4,59,theta[1],1.0125899999999999,1.06014,False,0.2762920127315,-0.439138557,0.14364529,1.3887016399999994
Centered,4,60,log_sigma_sq,1.0396450000000002,1.15383,False,-2.031167190128947,-5.5043139,-1.71218755,0.7491193439999999
Centered,4,60,theta[1],1.0396450000000002,1.15383,False,0.2335611106254675,-0.4925242555,0.12183621,1.39095262
Centered,4,61,log_sigma_sq,1.00865,1.0352,False,-1.374902720765475,-4.3948763,-1.1729829999999999,1.0582578999999999
Centered,4,61,theta[1],1.00865,1.0352,False,0.3050070224632625,-0.49518569549999997,0.17817908,1.5050342299999997
Centered,4,62,log_sigma_sq,1.0066000000000002,1.01893,True,-1.428686642232145,-4.299566065,-1.2791701500000001,0.9600189479999997
Centered,4,62,theta[1],1.0066000000000002,1.01893,True,0.30352506637515503,-0.4820103125,0.17071752,1.4692222949999991
Centered,4,63,log_sigma_sq,1.004285,1.01721,True,-1.383985740206978,-4.2511243,-1.1895717000000001,0.9768518279999999
Centered,4,63,theta[1],1.004285,1.01721,True,0.3139202388142445,-0.4715601545,0.16486365,1.5494372349999987
Centered,4,64,log_sigma_sq,1.00475,1.01876,True,-1.5165342544521563,-4.6099422,-1.31410035,0.9381027439999998
Centered,4,64,theta[1],1.00475,1.01876,True,0.29956993476355875,-0.48114007750000004,0.16123548,1.5200574799999986
Centered,4,65,log_sigma_sq,1.0039950000000002,1.01881,True,-1.2437817886204725,-4.1852546,-1.0363702,1.0367906499999988
Centered,4,65,theta[1],1.0039950000000002,1.01881,True,0.3338145573481475,-0.496791808,0.20749159,1.5315698949999976
Centered,4,66,log_sigma_sq,1.003775,1.00905,True,-1.55359127405708,-4.2777967,-1.44267345,0.9685333284999998
Centered,4,66,theta[1],1.003775,1.00905,True,0.27671275413114926,-0.44421466849999997,0.142304415,1.4128833649999997
Centered,4,67,log_sigma_sq,1.0070000000000001,1.02425,True,-1.325456573953,-3.990001815,-1.2235754,0.9153518449999999
Centered,4,67,theta[1],1.0070000000000001,1.02425,True,0.306828458408574,-0.5059518439999999,0.187436995,1.4776232999999999
Centered,4,68,log_sigma_sq,1.0080149999999999,1.03851,False,-1.717813787455565,-5.59331943,-1.36424605,0.9006786519999997
Centered,4,68,theta[1],1.0080149999999999,1.03851,False,0.28046720718919677,-0.484411755,0.126031585,1.4199612949999998
Centered,4,69,log_sigma_sq,1.004275,1.01072,True,-1.37131060821696,-4.23369469,-1.21587055,0.9094355539999999
Centered,4,69,theta[1],1.004275,1.01072,True,0.28666099274876,-0.534080328,0.158352995,1.4548958249999997
Centered,4,70,log_sigma_sq,1.00735,1.03832,False,-1.4177910837400625,-4.2699511,-1.2866236,0.9585831594999992
Centered,4,70,theta[1],1.00735,1.03832,False,0.29804745456314224,-0.45986198999999994,0.17054355999999998,1.480112969999999
Centered,4,71,log_sigma_sq,1.0094249999999998,1.03097,False,-1.443977687650575,-4.1363897,-1.3134736999999999,0.8401395494999999
Centered,4,71,theta[1],1.0094249999999998,1.03097,False,0.295054750237245,-0.48036943,0.16598057,1.4373355249999988
Centered,4,72,log_sigma_sq,1.062725,1.14723,False,-1.649071140716892,-4.1102139,-1.4542906,0.8182764049999982
Centered,4,72,theta[1],1.062725,1.14723,False,0.2783979054893567,-0.42691865049999994,0.1157181,1.4639695799999997
Centered,4,73,log_sigma_sq,1.0304799999999998,1.11764,False,-1.8038114086453125,-5.404994,-1.50881965,0.9182682694999998
Centered,4,73,theta[1],1.0304799999999998,1.11764,False,0.2863142432268595,-0.4563234234999999,0.11594529,1.484022155
Centered,4,74,log_sigma_sq,1.0991,1.31753,False,-2.036959619695761,-5.4099268,-1.7144978499999999,0.7182748329999998
Centered,4,74,theta[1],1.0991,1.31753,False,0.24367998600708252,-0.436508615,0.077787897,1.3123727049999991
Centered,4,75,log_sigma_sq,1.007585,1.02994,True,-1.517281375008415,-4.40969,-1.3950889,0.8817032694999999
Centered,4,75,theta[1],1.007585,1.02994,True,0.26782563342535753,-0.488699514,0.15965362,1.3733629099999993
Centered,4,76,log_sigma_sq,1.002175,1.01694,True,-1.5734097289864,-4.5914472,-1.4093263,0.9484783654999995
Centered,4,76,theta[1],1.002175,1.01694,True,0.2838189490522275,-0.44350797299999994,0.14118542,1.4896840949999999
Centered,4,77,log_sigma_sq,1.00887,1.03156,False,-1.437908715307475,-4.408599735,-1.2975965,1.0016010549999996
Centered,4,77,theta[1],1.00887,1.03156,False,0.290841523264256,-0.4820024345,0.1592827,1.49952965
Centered,4,78,log_sigma_sq,1.0079150000000001,1.02479,True,-1.6110855957426125,-4.2318697,-1.5888102499999999,0.8702585949999998
Centered,4,78,theta[1],1.0079150000000001,1.02479,True,0.258306362104345,-0.480018862,0.12956564999999998,1.365316204999998
Centered,4,79,log_sigma_sq,1.0027750000000002,1.01047,True,-1.3514381860859375,-4.4448709,-1.1763791000000001,1.0517378799999995
Centered,4,79,theta[1],1.0027750000000002,1.01047,True,0.32479632754162,-0.4824345105,0.19095347000000001,1.5357330049999995
Centered,4,80,log_sigma_sq,1.01161,1.03256,False,-1.2921227626254326,-4.0176177,-1.1836009,1.0428899949999995
Centered,4,80,theta[1],1.01161,1.03256,False,0.31932179466154775,-0.514677759,0.18382961,1.562313305
Centered,4,81,log_sigma_sq,1.00865,1.02029,True,-1.635405400458495,-4.3731591,-1.5162254499999999,0.7709704164999985
Centered,4,81,theta[1],1.00865,1.02029,True,0.2663332338466512,-0.45644779049999995,0.14141832,1.3951410149999997
Centered,4,82,log_sigma_sq,1.00719,1.01417,True,-1.5739727643336925,-4.4264802,-1.4161736,0.8539834554999981
Centered,4,82,theta[1],1.00719,1.01417,True,0.2783458287312075,-0.4817282055,0.15220462,1.429866539999999
Centered,4,83,log_sigma_sq,1.00976,1.02779,True,-1.541300193441345,-4.541923,-1.3662363499999999,0.8621113754999996
Centered,4,83,theta[1],1.00976,1.02779,True,0.283240537712325,-0.4675283735,0.147166245,1.4224085549999996
Centered,4,84,log_sigma_sq,1.0197699999999998,1.10156,False,-1.61461947363901,-5.1634317,-1.3846614,0.9390398824999995
Centered,4,84,theta[1],1.0197699999999998,1.10156,False,0.27471192679622003,-0.4777549345,0.147374615,1.432462195
Centered,4,85,log_sigma_sq,1.007865,1.02893,True,-1.5847222426674,-4.559346424999999,-1.41826815,0.9566029349999999
Centered,4,85,theta[1],1.007865,1.02893,True,0.2986476485426825,-0.48189503899999997,0.155871075,1.4601400649999996
Centered,4,86,log_sigma_sq,1.013725,1.0873,False,-1.9327684755822079,-5.9674328,-1.6118089,0.7976662889999996
Centered,4,86,theta[1],1.013725,1.0873,False,0.25988885157660246,-0.447359111,0.0999180995,1.4518116599999993
Centered,4,87,log_sigma_sq,1.00894,1.03544,False,-1.6586911816469398,-4.821595095,-1.4189896499999999,0.8081813879999996
Centered,4,87,theta[1],1.00894,1.03544,False,0.2701950283208628,-0.477920279,0.13242587500000003,1.4140694699999992
Centered,4,88,log_sigma_sq,1.0086149999999998,1.02494,True,-1.5241876598554627,-4.1721481,-1.3993536500000001,0.9094681074999991
Centered,4,88,theta[1],1.0086149999999998,1.02494,True,0.27464282841850696,-0.5055529515,0.15025449000000002,1.4566907999999996
Centered,4,89,log_sigma_sq,1.00302,1.0116,True,-1.1336327566238624,-3.741495145,-1.0102623,1.011414884999998
Centered,4,89,theta[1],1.00302,1.0116,True,0.34150390946496895,-0.546573401,0.221395815,1.5909400599999997
Centered,4,90,log_sigma_sq,1.011465,1.0515,False,-1.7687779942081001,-4.7914133,-1.6440188500000001,0.8391942819999989
Centered,4,90,theta[1],1.011465,1.0515,False,0.25644579819363855,-0.47556909299999994,0.114634285,1.4192811099999998
Centered,4,91,log_sigma_sq,1.006135,1.02258,True,-1.4268399674004248,-4.15428584,-1.26238905,0.9455303464999995
Centered,4,91,theta[1],1.006135,1.02258,True,0.292624379563893,-0.515499854,0.15857259499999998,1.5095369649999986
Centered,4,92,log_sigma_sq,1.00609,1.01539,True,-1.6937713567554802,-4.7169749,-1.5745872,0.8084285634999999
Centered,4,92,theta[1],1.00609,1.01539,True,0.25803477966280525,-0.46741136049999993,0.128101175,1.3647733149999999
Centered,4,93,log_sigma_sq,1.008535,1.02704,True,-1.3893207594675474,-4.107617,-1.23312355,1.0008852849999998
Centered,4,93,theta[1],1.008535,1.02704,True,0.3119673635604282,-0.48501928299999997,0.18552845,1.4929498149999982
Centered,4,94,log_sigma_sq,1.00516,1.03464,False,-1.4448610993839075,-4.3361579,-1.2920943,0.8990547709999984
Centered,4,94,theta[1],1.00516,1.03464,False,0.29343286542214253,-0.485492425,0.16625368000000001,1.4392081849999971
Centered,4,95,log_sigma_sq,1.01666,1.07126,False,-1.688644026415765,-4.8942849,-1.4087972,0.7982399684999991
Centered,4,95,theta[1],1.01666,1.07126,False,0.27721892992048747,-0.48750983749999993,0.13467425,1.4422963249999998
Centered,4,96,log_sigma_sq,1.008995,1.02887,True,-1.5134444889943497,-4.3950453,-1.3485768,0.8405223475
Centered,4,96,theta[1],1.008995,1.02887,True,0.2790851986282925,-0.47136909250000003,0.16048980000000002,1.360575495
Centered,4,97,log_sigma_sq,1.0027849999999998,1.01218,True,-1.381914622549735,-4.094583655,-1.2211549,0.9433585729999994
Centered,4,97,theta[1],1.0027849999999998,1.01218,True,0.30672141109247547,-0.4837579405,0.171807045,1.5264907649999997
Centered,4,98,log_sigma_sq,1.01715,1.06526,False,-1.7788499160256301,-5.1782435,-1.4587970000000001,0.9284273229999999
Centered,4,98,theta[1],1.01715,1.06526,False,0.27737501294475747,-0.460279812,0.11647942,1.4479607199999998
Centered,4,99,log_sigma_sq,1.02247,1.06651,False,-2.1456698159883527,-5.6229239,-1.84701775,0.7621127665
Centered,4,99,theta[1],1.02247,1.06651,False,0.22952262424669775,-0.47205920549999997,0.069864829,1.3835512599999986
Centered,4,100,log_sigma_sq,1.0076,1.01955,True,-1.6517416041480875,-4.38651022,-1.5204204,0.8085796544999994
Centered,4,100,theta[1],1.0076,1.01955,True,0.266487414000645,-0.4657648095,0.14567563,1.3779146999999998
Centered,16,1,log_sigma_sq,1.01915,1.05565,False,-3.675394653817825,-6.9035464,-3.4990514,-1.3062646500000004
Centered,16,1,theta[1],1.01915,1.05565,False,0.0863462601261935,-0.20209990299999997,0.0393187195,0.5010144275
Centered,16,2,log_sigma_sq,1.00217,1.00504,True,-3.4232993540760828,-6.15425161,-3.33147105,-1.1881847250000004
Centered,16,2,theta[1],1.00217,1.00504,True,0.09411714158969249,-0.223727906,0.0526730985,0.545357913
Centered,16,3,log_sigma_sq,1.00512,1.01495,True,-3.175004916077225,-5.55950024,-3.0604218999999997,-1.0685037500000005
Centered,16,3,theta[1],1.00512,1.01495,True,0.106743416766688,-0.22347203899999998,0.06611700549999999,0.5516705384999999
Centered,16,4,log_sigma_sq,1.00647,1.01746,True,-3.348591510796,-6.08922951,-3.20112305,-1.1219065950000002
Centered,16,4,theta[1],1.00647,1.01746,True,0.09936390076526751,-0.24195337349999999,0.056535699,0.5492064929999998
Centered,16,5,log_sigma_sq,1.001925,1.01044,True,-3.3123975391505,-5.9747697749999995,-3.1860105,-1.1775977800000008
Centered,16,5,theta[1],1.001925,1.01044,True,0.09884977670928526,-0.23215407749999997,0.0593971555,0.5516748844999999
Centered,16,6,log_sigma_sq,1.0103300000000002,1.03039,False,-3.372519333399025,-5.9919985449999995,-3.2323223,-1.1594534900000004
Centered,16,6,theta[1],1.0103300000000002,1.03039,False,0.100637730733525,-0.2323244,0.060885367,0.5529411539999997
Centered,16,7,log_sigma_sq,1.0041099999999998,1.01297,True,-3.3546231787950003,-5.9420744,-3.2249001,-1.2588987700000012
Centered,16,7,theta[1],1.0041099999999998,1.01297,True,0.09022706284523276,-0.22678550449999998,0.0552852775,0.5092443919999999
Centered,16,8,log_sigma_sq,1.01143,1.0363,False,-3.3486401721195,-6.230096175,-3.1790845,-1.1650530950000004
Centered,16,8,theta[1],1.01143,1.0363,False,0.09270011993915,-0.23482135199999996,0.050247807500000005,0.5283245234999999
Centered,16,9,log_sigma_sq,1.006025,1.01743,True,-3.230510239310775,-5.82860408,-3.0453135,-1.1207268200000007
Centered,16,9,theta[1],1.006025,1.01743,True,0.10818512641926961,-0.2203756625,0.061968661,0.561080146
Centered,16,10,log_sigma_sq,1.002275,1.01111,True,-3.4244504158258997,-6.2516184,-3.2525059,-1.108851865
Centered,16,10,theta[1],1.002275,1.01111,True,0.09393975000783748,-0.244210976,0.050540123,0.5561657789999996
Centered,16,11,log_sigma_sq,1.0076800000000001,1.02798,True,-3.3811353125453496,-5.9597801,-3.2464124500000002,-1.1813633950000009
Centered,16,11,theta[1],1.0076800000000001,1.02798,True,0.09230123613224625,-0.2332202735,0.051313802000000006,0.5398647609999999
Centered,16,12,log_sigma_sq,1.00488,1.01607,True,-3.4371449868364996,-6.274285685,-3.2651286500000003,-1.091990115
Centered,16,12,theta[1],1.00488,1.01607,True,0.09504507821170151,-0.2253834695,0.046274614500000005,0.5577354514999999
Centered,16,13,log_sigma_sq,1.125305,1.2133,False,-4.32566336972325,-7.3722163,-4.0400996,-1.32596335
Centered,16,13,theta[1],1.125305,1.2133,False,0.07124066958856724,-0.180712568,0.028878965,0.4617965734999999
Centered,16,14,log_sigma_sq,1.004695,1.01657,True,-3.2911524490371504,-5.9535951449999995,-3.17268955,-1.0456032700000006
Centered,16,14,theta[1],1.004695,1.01657,True,0.09370310255077899,-0.2348235835,0.057103752,0.5320876939999997
Centered,16,15,log_sigma_sq,1.0117,1.03136,False,-3.61898961748,-6.600926265,-3.4452994500000003,-1.2483958900000007
Centered,16,15,theta[1],1.0117,1.03136,False,0.08303323430834626,-0.2123972875,0.041587689,0.5061315249999997
Centered,16,16,log_sigma_sq,1.00214,1.0125,True,-3.210814995911,-5.514487845,-3.1504731,-1.1490578850000015
Centered,16,16,theta[1],1.00214,1.0125,True,0.0968705050325165,-0.23283223099999997,0.060235984,0.5352419674999999
Centered,16,17,log_sigma_sq,1.04941,1.13235,False,-3.566662303839,-7.0167277,-3.3757021500000004,-1.214747750000001
Centered,16,17,theta[1],1.04941,1.13235,False,0.09073142703507676,-0.21814089,0.046606207,0.5423728869999996
Centered,16,18,log_sigma_sq,1.0048050000000002,1.01331,True,-3.50331293589615,-6.03507048,-3.4390568000000004,-1.214423795
Centered,16,18,theta[1],1.0048050000000002,1.01331,True,0.08957368192607675,-0.2103144975,0.0473596815,0.5114296314999999
Centered,16,19,log_sigma_sq,1.007655,1.02196,True,-3.39305757470475,-6.30902632,-3.2146692999999997,-1.0980588600000003
Centered,16,19,theta[1],1.007655,1.02196,True,0.10608496612615974,-0.21678837,0.0518058515,0.5750889724999999
Centered,16,20,log_sigma_sq,1.0039150000000001,1.01399,True,-3.4024724574615,-5.917376095,-3.29986485,-1.22089704
Centered,16,20,theta[1],1.0039150000000001,1.01399,True,0.09378112343913951,-0.2089410385,0.052521367,0.5406344599999998
Centered,16,21,log_sigma_sq,1.0055749999999999,1.01396,True,-3.40352346729175,-6.420741,-3.2169974999999997,-1.140851195000001
Centered,16,21,theta[1],1.0055749999999999,1.01396,True,0.10073092053267756,-0.214011583,0.0553505345,0.5467650384999991
Centered,16,22,log_sigma_sq,1.17882,1.31013,False,-3.969678081497,-7.0891708,-3.640781,-1.2929751400000007
Centered,16,22,theta[1],1.17882,1.31013,False,0.07497243575785825,-0.194694351,0.018275759500000002,0.5020906274999996
Centered,16,23,log_sigma_sq,1.0359099999999999,1.0841,False,-3.675151447374,-7.0164057,-3.50251435,-1.302685255
Centered,16,23,theta[1],1.0359099999999999,1.0841,False,0.08737685892749751,-0.206404802,0.038083360999999996,0.5350005784999995
Centered,16,24,log_sigma_sq,1.04847,1.09898,False,-3.609951061533,-7.1450978,-3.3526649500000003,-1.2697402549999999
Centered,16,24,theta[1],1.04847,1.09898,False,0.09191934106905074,-0.21542326449999996,0.042771595,0.5393779619999995
Centered,16,25,log_sigma_sq,1.023825,1.09017,False,-3.6095616602712504,-6.8661696,-3.4719509,-1.2300595450000025
Centered,16,25,theta[1],1.023825,1.09017,False,0.08707134061032999,-0.2065410135,0.0396740285,0.5085052254999995
Centered,16,26,log_sigma_sq,1.003995,1.01399,True,-3.5407783538143,-6.403237215,-3.3440280500000004,-1.2230676150000002
Centered,16,26,theta[1],1.003995,1.01399,True,0.09064071847492,-0.21697897449999998,0.0458629445,0.5283117029999995
Centered,16,27,log_sigma_sq,1.0109,1.02817,False,-3.5538478543295002,-6.663991644999999,-3.3955508500000002,-1.1915056050000015
Centered,16,27,theta[1],1.0109,1.02817,False,0.08806403354454974,-0.21682913,0.0404741735,0.5296074049999997
Centered,16,28,log_sigma_sq,1.004425,1.01821,True,-3.304431828516,-6.14917871,-3.0897409,-1.0815615150000013
Centered,16,28,theta[1],1.004425,1.01821,True,0.1073590824945919,-0.2362758995,0.0568666195,0.5878721829999997
Centered,16,29,log_sigma_sq,1.004955,1.00975,True,-3.32055865578375,-5.6883915,-3.24991545,-1.1490635950000008
Centered,16,29,theta[1],1.004955,1.00975,True,0.09630026474130725,-0.21708110249999998,0.05569350050000001,0.5377320099999999
Centered,16,30,log_sigma_sq,1.01424,1.04321,False,-3.4501218725315246,-6.414162065,-3.2808484499999997,-1.142074750000001
Centered,16,30,theta[1],1.01424,1.04321,False,0.09393088937447094,-0.233007734,0.0476104945,0.5621765499999987
Centered,16,31,log_sigma_sq,1.01843,1.05333,False,-3.7046548347352743,-7.0518058,-3.48858865,-1.2701569000000001
Centered,16,31,theta[1],1.01843,1.05333,False,0.08348372774692675,-0.2301376285,0.0355401115,0.5154500874999999
Centered,16,32,log_sigma_sq,1.002755,1.00912,True,-3.35272619082375,-5.87881656,-3.2288689,-1.2146564550000003
Centered,16,32,theta[1],1.002755,1.00912,True,0.09384576884367002,-0.238148424,0.053806768500000005,0.5462599929999998
Centered,16,33,log_sigma_sq,1.00453,1.01493,True,-3.2529197496051245,-5.902433139999999,-3.06299275,-1.1789570450000002
Centered,16,33,theta[1],1.00453,1.01493,True,0.10300370685785849,-0.23057744049999998,0.059767021000000004,0.5828300144999997
Centered,16,34,log_sigma_sq,1.024225,1.09104,False,-3.51057626683335,-6.9157111,-3.2972368000000003,-1.142549030000001
Centered,16,34,theta[1],1.024225,1.09104,False,0.09551360537988399,-0.21675270449999998,0.047107631,0.5530649204999999
Centered,16,35,log_sigma_sq,1.005285,1.01769,True,-3.4474229867022497,-6.106428095,-3.33400135,-1.2932538800000002
Centered,16,35,theta[1],1.005285,1.01769,True,0.09428177482928049,-0.2089389595,0.0543348,0.5500468664999998
Centered,16,36,log_sigma_sq,1.001265,1.00603,True,-3.4306836140715977,-6.068483725,-3.3405561,-1.1391248950000004
Centered,16,36,theta[1],1.001265,1.00603,True,0.09643236465803152,-0.22607261499999998,0.056476026,0.5439704834999995
Centered,16,37,log_sigma_sq,1.00211,1.00712,True,-3.2482811025719998,-5.640885064999999,-3.14416655,-1.1433423350000003
Centered,16,37,theta[1],1.00211,1.00712,True,0.09701888981829275,-0.2331919915,0.0588328145,0.5416808645
Centered,16,38,log_sigma_sq,1.0098799999999999,1.03523,False,-3.31304555978075,-5.7640454,-3.2129898,-1.2282947000000002
Centered,16,38,theta[1],1.0098799999999999,1.03523,False,0.10383764406946751,-0.21422922949999998,0.06376096,0.5386691004999998
Centered,16,39,log_sigma_sq,1.0037500000000001,1.00922,True,-3.3274497159910252,-5.958982175,-3.18723795,-1.1395957000000005
Centered,16,39,theta[1],1.0037500000000001,1.00922,True,0.10416237783004036,-0.21342420199999998,0.0622268565,0.5513543194999989
Centered,16,40,log_sigma_sq,1.00173,1.00507,True,-3.2682153690433,-5.8379942,-3.1561289,-1.1451864150000017
Centered,16,40,theta[1],1.00173,1.00507,True,0.096837410934765,-0.2433162135,0.05953027549999999,0.5647256264999998
Centered,16,41,log_sigma_sq,1.00413,1.00824,True,-3.3610052370932753,-6.1471087,-3.26274385,-1.146419815
Centered,16,41,theta[1],1.00413,1.00824,True,0.09804673674951199,-0.21323947199999999,0.05479759,0.5380807919999994
Centered,16,42,log_sigma_sq,1.006055,1.01421,True,-3.3915972128715004,-5.955623549999999,-3.2827595499999997,-1.2245111900000005
Centered,16,42,theta[1],1.006055,1.01421,True,0.0914734778040575,-0.21970745399999997,0.051981273,0.5343662014999999
Centered,16,43,log_sigma_sq,1.005935,1.01654,True,-3.334517292908,-6.03846131,-3.21475555,-1.146549505
Centered,16,43,theta[1],1.005935,1.01654,True,0.10077447674225218,-0.21301534849999998,0.053408739999999996,0.5562727674999998
Centered,16,44,log_sigma_sq,1.0066700000000002,1.01123,True,-3.4869432944596,-6.0279272,-3.4090414,-1.233445985000002
Centered,16,44,theta[1],1.0066700000000002,1.01123,True,0.091026302151249,-0.215473665,0.045941652,0.5379653714999996
Centered,16,45,log_sigma_sq,1.0094750000000001,1.02759,True,-3.3572269015702494,-5.8217733549999995,-3.2432289,-1.185055155
Centered,16,45,theta[1],1.0094750000000001,1.02759,True,0.09892125382808524,-0.22468838049999998,0.055425286000000004,0.5406441104999999
Centered,16,46,log_sigma_sq,1.0041,1.01516,True,-3.276961205294025,-5.7293338,-3.18597995,-1.1447639600000015
Centered,16,46,theta[1],1.0041,1.01516,True,0.10059914366049524,-0.22270765649999996,0.057884835499999995,0.553993301
Centered,16,47,log_sigma_sq,1.00571,1.0188,True,-3.33613062570955,-5.943906695,-3.2260866999999998,-1.1425663700000015
Centered,16,47,theta[1],1.00571,1.0188,True,0.097910293449245,-0.222842382,0.051321133000000005,0.5650915639999999
Centered,16,48,log_sigma_sq,1.1328200000000002,1.21768,False,-4.04180055508925,-7.4775645,-3.7546567499999997,-1.2454003200000001
Centered,16,48,theta[1],1.1328200000000002,1.21768,False,0.0772593787453975,-0.186692893,0.0263108415,0.4965260469999994
Centered,16,49,log_sigma_sq,1.00687,1.01699,True,-3.181356874885775,-5.6640916,-3.0431600999999997,-1.1583150600000005
Centered,16,49,theta[1],1.00687,1.01699,True,0.10175353640925826,-0.23254223949999997,0.0678866535,0.5351068484999999
Centered,16,50,log_sigma_sq,1.00335,1.00753,True,-3.50308621461025,-6.3238029,-3.3749715,-1.2466210800000006
Centered,16,50,theta[1],1.00335,1.00753,True,0.086079734823798,-0.22903581099999998,0.042577108,0.526876967
Centered,16,51,log_sigma_sq,1.00359,1.00711,True,-3.224685942538875,-5.653349055,-3.11619285,-1.075611635
Centered,16,51,theta[1],1.00359,1.00711,True,0.099689057460675,-0.240992262,0.0591378895,0.5471763789999997
Centered,16,52,log_sigma_sq,1.0134949999999998,1.03712,False,-3.6253452424819996,-6.622561500000001,-3.4454101,-1.2609411750000001
Centered,16,52,theta[1],1.0134949999999998,1.03712,False,0.08589469671996476,-0.217977591,0.044025668500000004,0.5186480434999998
Centered,16,53,log_sigma_sq,1.01266,1.02893,False,-3.3584640855629,-6.2949016,-3.2014534,-1.0987914050000003
Centered,16,53,theta[1],1.01266,1.02893,False,0.10206856511979,-0.23139140199999997,0.056464558,0.5428127915
Centered,16,54,log_sigma_sq,1.00308,1.0066,True,-3.3912793140560002,-5.883146895,-3.28218685,-1.2774655200000011
Centered,16,54,theta[1],1.00308,1.0066,True,0.09498736864400817,-0.21527496699999998,0.053495772999999996,0.536014184
Centered,16,55,log_sigma_sq,1.0047700000000002,1.01491,True,-3.2101383524229994,-5.633083125000001,-3.11224755,-1.0903095450000015
Centered,16,55,theta[1],1.0047700000000002,1.01491,True,0.10671037264469525,-0.2156566175,0.06698445850000001,0.5724687419999999
Centered,16,56,log_sigma_sq,1.003165,1.00976,True,-3.363352755536875,-5.853242935,-3.27547245,-1.1928619000000005
Centered,16,56,theta[1],1.003165,1.00976,True,0.09187914410994512,-0.22368626449999998,0.0517473455,0.5183181389999998
Centered,16,57,log_sigma_sq,1.00564,1.01688,True,-3.4989018292548524,-6.1914102,-3.35655245,-1.2424663600000008
Centered,16,57,theta[1],1.00564,1.01688,True,0.08481014679916726,-0.22239814549999998,0.043008204,0.5271583939999993
Centered,16,58,log_sigma_sq,1.0063849999999999,1.0156,True,-3.5318791520099997,-6.33749962,-3.3469188,-1.2832292
Centered,16,58,theta[1],1.0063849999999999,1.0156,True,0.09172652845099902,-0.2039776765,0.046029587999999996,0.5299113494999996
Centered,16,59,log_sigma_sq,1.005265,1.01956,True,-3.3753596223162496,-6.11710393,-3.1866327500000002,-1.2655942200000008
Centered,16,59,theta[1],1.005265,1.01956,True,0.09474528765440125,-0.2231621445,0.052532634,0.5300691319999999
Centered,16,60,log_sigma_sq,1.208465,1.30243,False,-3.9255832887962248,-7.249641,-3.6742236000000004,-1.2436907350000022
Centered,16,60,theta[1],1.208465,1.30243,False,0.08910852448624575,-0.193914591,0.0280283895,0.5364188944999991
Centered,16,61,log_sigma_sq,1.0038049999999998,1.01096,True,-3.38430719935775,-5.96454277,-3.31237805,-1.1500000150000016
Centered,16,61,theta[1],1.0038049999999998,1.01096,True,0.0960803366717625,-0.213157174,0.057425805999999996,0.5185735579999993
Centered,16,62,log_sigma_sq,1.00996,1.02911,True,-3.48239226019575,-6.3292792,-3.32454715,-1.1611564500000002
Centered,16,62,theta[1],1.00996,1.02911,True,0.09311668061264651,-0.21818619849999996,0.04576119,0.554691987
Centered,16,63,log_sigma_sq,1.01906,1.04637,False,-3.590477295207375,-6.848709695,-3.35607525,-1.1550020100000007
Centered,16,63,theta[1],1.01906,1.04637,False,0.09212086535135774,-0.227069153,0.0504739355,0.5347362544999997
Centered,16,64,log_sigma_sq,1.00593,1.02524,True,-3.54474968668885,-6.42255141,-3.3905098000000002,-1.2818890950000008
Centered,16,64,theta[1],1.00593,1.02524,True,0.0921249774686241,-0.2032825945,0.047600679,0.5162068694999997
Centered,16,65,log_sigma_sq,1.007575,1.02823,True,-3.435988236989,-6.1545358,-3.2982849,-1.133654875000001
Centered,16,65,theta[1],1.007575,1.02823,True,0.096603866496377,-0.2285963495,0.050417188,0.5622622499999999
Centered,16,66,log_sigma_sq,1.0089299999999999,1.02679,True,-3.44764203102925,-6.03549247,-3.3459135,-1.1974825700000005
Centered,16,66,theta[1],1.0089299999999999,1.02679,True,0.09366048472667625,-0.205613383,0.052568526500000004,0.528246286999999
Centered,16,67,log_sigma_sq,1.006165,1.02149,True,-3.265513961057,-5.7848511,-3.17883565,-1.082467215
Centered,16,67,theta[1],1.006165,1.02149,True,0.1126310946170195,-0.227298866,0.062951875,0.5810827409999999
Centered,16,68,log_sigma_sq,1.0026199999999998,1.00565,True,-3.34021182595979,-5.82520558,-3.25940135,-1.2082583300000014
Centered,16,68,theta[1],1.0026199999999998,1.00565,True,0.09350974238280775,-0.221680625,0.051717244999999995,0.5503167354999997
Centered,16,69,log_sigma_sq,1.0082200000000001,1.0203,True,-3.4379847069992504,-6.240018595,-3.26995055,-1.187473995000003
Centered,16,69,theta[1],1.0082200000000001,1.0203,True,0.09667448027273526,-0.22344957449999997,0.051617342,0.5453939349999993
Centered,16,70,log_sigma_sq,1.043805,1.11636,False,-3.6047885855394997,-7.0710621,-3.41667085,-1.2180522500000006
Centered,16,70,theta[1],1.043805,1.11636,False,0.08882115821045976,-0.21191577549999996,0.042479888,0.5600204109999999
Centered,16,71,log_sigma_sq,1.004245,1.01653,True,-3.2600183899875,-5.98737393,-3.0933091499999996,-1.1424453200000002
Centered,16,71,theta[1],1.004245,1.01653,True,0.10046963983567551,-0.2480143115,0.0546665665,0.5811892909999998
Centered,16,72,log_sigma_sq,1.004295,1.0237,True,-3.40431060513775,-6.07569637,-3.31963695,-1.213667185
Centered,16,72,theta[1],1.004295,1.0237,True,0.0925960361902685,-0.22470108549999998,0.054259925,0.5291772619999997
Centered,16,73,log_sigma_sq,1.010815,1.0292,False,-3.51920377906225,-6.2407679,-3.382836,-1.2644376950000003
Centered,16,73,theta[1],1.010815,1.0292,False,0.08876941654923826,-0.2160376415,0.0438060225,0.5240793974999997
Centered,16,74,log_sigma_sq,1.02409,1.05311,False,-3.6250037011852503,-6.2186512,-3.52138275,-1.2437801750000017
Centered,16,74,theta[1],1.02409,1.05311,False,0.082271495536885,-0.211456225,0.039312373,0.5177631734999998
Centered,16,75,log_sigma_sq,1.070085,1.15955,False,-3.7129396761817497,-7.2161811,-3.4533308500000004,-1.1583403800000003
Centered,16,75,theta[1],1.070085,1.15955,False,0.087578399799618,-0.21386447099999994,0.033615269,0.5422985964999998
Centered,16,76,log_sigma_sq,1.0026950000000001,1.00669,True,-3.2834274286705005,-5.869906299999999,-3.1646800500000003,-1.1670181250000007
Centered,16,76,theta[1],1.0026950000000001,1.00669,True,0.10056700857992999,-0.2263175065,0.056962486,0.5774985364999999
Centered,16,77,log_sigma_sq,1.00462,1.02482,True,-3.3732234961709078,-6.02505718,-3.202976,-1.1716356000000003
Centered,16,77,theta[1],1.00462,1.02482,True,0.0987889880697915,-0.2333172235,0.052936013000000004,0.5732122809999992
Centered,16,78,log_sigma_sq,1.01346,1.03447,False,-3.351014234031925,-6.353470034999999,-3.1520699,-1.1450546400000026
Centered,16,78,theta[1],1.01346,1.03447,False,0.09974802774714,-0.22675077599999996,0.060184539499999995,0.5430042194999999
Centered,16,79,log_sigma_sq,1.0052050000000001,1.01547,True,-3.276894685977325,-5.8103414,-3.1737795,-1.1683386400000002
Centered,16,79,theta[1],1.0052050000000001,1.01547,True,0.10155077122048999,-0.2335062615,0.06281004949999999,0.5631495414999996
Centered,16,80,log_sigma_sq,1.0183,1.05622,False,-3.3142175137386247,-6.2779464,-3.1589341500000003,-1.0181358100000009
Centered,16,80,theta[1],1.0183,1.05622,False,0.10125186776592425,-0.22356287049999998,0.056767036,0.5535955934999991
Centered,16,81,log_sigma_sq,1.0070999999999999,1.02516,True,-3.4050540187277503,-6.119134,-3.2848837,-1.1480659350000004
Centered,16,81,theta[1],1.0070999999999999,1.02516,True,0.092154034716574,-0.22045002249999998,0.047505404,0.5447525449999993
Centered,16,82,log_sigma_sq,1.004515,1.01203,True,-3.2832592278872497,-5.6861635,-3.2033632,-1.141619535
Centered,16,82,theta[1],1.004515,1.01203,True,0.1047158476226013,-0.216654681,0.06387087450000001,0.5489241609999997
Centered,16,83,log_sigma_sq,1.01098,1.03385,False,-3.6064516188051248,-6.6146424,-3.4387991500000004,-1.24452121
Centered,16,83,theta[1],1.01098,1.03385,False,0.08770240374882834,-0.21959247099999998,0.042465161,0.5369725129999999
Centered,16,84,log_sigma_sq,1.002345,1.00518,True,-3.191243556378,-5.540439835,-3.1086141,-1.1146581150000001
Centered,16,84,theta[1],1.002345,1.00518,True,0.10081449202412,-0.243169988,0.062115937,0.5532132335
Centered,16,85,log_sigma_sq,1.0020600000000002,1.00631,True,-3.318683333942275,-5.85040141,-3.24492605,-1.1751236050000011
Centered,16,85,theta[1],1.0020600000000002,1.00631,True,0.09597799102566275,-0.23233133399999997,0.052009834,0.5362706749999996
Centered,16,86,log_sigma_sq,1.0042550000000001,1.01314,True,-3.3573480837686875,-6.272684099999999,-3.1545877,-1.1531603550000014
Centered,16,86,theta[1],1.0042550000000001,1.01314,True,0.097680618030159,-0.22817482449999998,0.051613495999999995,0.5767362635
Centered,16,87,log_sigma_sq,1.005,1.02007,True,-3.14728033952925,-5.592394595,-3.0427260499999997,-1.0320687700000015
Centered,16,87,theta[1],1.005,1.02007,True,0.111625934971812,-0.2306871975,0.0667593575,0.5892317769999998
Centered,16,88,log_sigma_sq,1.128635,1.22866,False,-3.6583712229462,-6.9924555,-3.3922064499999998,-1.2134843850000006
Centered,16,88,theta[1],1.128635,1.22866,False,0.0953839471936215,-0.22157479449999998,0.042569484,0.5565063315
Centered,16,89,log_sigma_sq,1.04749,1.08087,False,-3.6993657237032496,-8.0451144,-3.31812495,-1.1268889650000014
Centered,16,89,theta[1],1.04749,1.08087,False,0.09936621374456475,-0.22087887650000002,0.039799968500000005,0.5643027939999995
Centered,16,90,log_sigma_sq,1.007525,1.02151,True,-3.4647064639438505,-6.480644880000001,-3.2736501000000002,-1.1470139750000024
Centered,16,90,theta[1],1.007525,1.02151,True,0.09378521357942145,-0.21347348949999997,0.0467064425,0.5376616009999996
Centered,16,91,log_sigma_sq,1.00297,1.00612,True,-3.239378957773125,-5.684124215000001,-3.1237472000000004,-1.2324953700000003
Centered,16,91,theta[1],1.00297,1.00612,True,0.10266056917918265,-0.21951645599999994,0.0665862235,0.5435260249999995
Centered,16,92,log_sigma_sq,1.00355,1.01285,True,-3.3158432134436,-5.9866009,-3.1654714,-1.173494235000001
Centered,16,92,theta[1],1.00355,1.01285,True,0.10296204657943124,-0.229850098,0.06113489,0.5752486224999998
Centered,16,93,log_sigma_sq,1.00311,1.00989,True,-3.384707270768975,-5.89308169,-3.29781565,-1.19139382
Centered,16,93,theta[1],1.00311,1.00989,True,0.0948098273091104,-0.215473741,0.052075278,0.5524684329999995
Centered,16,94,log_sigma_sq,1.007345,1.02527,True,-3.3362006137446496,-6.009659795,-3.2118759,-1.1415910850000004
Centered,16,94,theta[1],1.007345,1.02527,True,0.1001706270699664,-0.2371973625,0.05414042,0.5829756044999999
Centered,16,95,log_sigma_sq,1.01759,1.03482,False,-3.848854734214625,-7.2353409,-3.54145045,-1.3440002500000001
Centered,16,95,theta[1],1.01759,1.03482,False,0.07920059896658375,-0.21562655899999997,0.030586916,0.4934055049999996
Centered,16,96,log_sigma_sq,1.0111400000000001,1.03446,False,-3.37444562788665,-5.877447385,-3.31869715,-1.2335738550000002
Centered,16,96,theta[1],1.0111400000000001,1.03446,False,0.08951214903794028,-0.23862297500000001,0.05331687,0.5066982514999999
Centered,16,97,log_sigma_sq,1.0051649999999999,1.01286,True,-3.2574432270415,-6.0028945,-3.10553625,-1.1049060900000012
Centered,16,97,theta[1],1.0051649999999999,1.01286,True,0.10723301953136125,-0.2316803955,0.06261860899999999,0.5611261684999997
Centered,16,98,log_sigma_sq,1.00179,1.00964,True,-3.28234059754685,-5.94233296,-3.1634446499999997,-1.1853369400000002
Centered,16,98,theta[1],1.00179,1.00964,True,0.10210362717504251,-0.227092143,0.0579911625,0.5472176419999996
Centered,16,99,log_sigma_sq,1.0127,1.03647,False,-3.3230744197815003,-5.812793555,-3.2244745000000004,-1.134284810000001
Centered,16,99,theta[1],1.0127,1.03647,False,0.09618995373288525,-0.231236369,0.051734076500000004,0.5714262429999998
Centered,16,100,log_sigma_sq,1.00711,1.02096,True,-3.476923463617425,-6.0642812,-3.320735,-1.2378571250000001
Centered,16,100,theta[1],1.00711,1.02096,True,0.096636287315175,-0.20351781149999998,0.049031951500000004,0.5736867769999996
Centered,64,1,log_sigma_sq,1.00223,1.00468,True,-1.90485544058725,-3.24552837,-1.8648869000000001,-0.7108586805000001
Centered,64,1,theta[1],1.00223,1.00468,True,0.4362752173606605,0.06485047610000001,0.42902668,0.8599333324999998
Centered,64,2,log_sigma_sq,1.000335,1.00256,True,-1.9171563354117749,-3.2589822049999997,-1.8932924,-0.6814425525000003
Centered,64,2,theta[1],1.000335,1.00256,True,0.43762611497750503,0.0586912791,0.429697745,0.8338853104999995
Centered,64,3,log_sigma_sq,1.0006149999999998,1.00294,True,-1.89851690064875,-3.1848654699999996,-1.8745329000000002,-0.6836080365000001
Centered,64,3,theta[1],1.0006149999999998,1.00294,True,0.43894527575458653,0.06138004510000004,0.42820538,0.8529070369999998
Centered,64,4,log_sigma_sq,1.00061,1.00139,True,-1.880400147681025,-3.15710648,-1.85772595,-0.6757067365000006
Centered,64,4,theta[1],1.00061,1.00139,True,0.4455943168389857,0.057854202650000006,0.43430118500000003,0.847949675
Centered,64,5,log_sigma_sq,1.000745,1.00314,True,-1.87565659142952,-3.1572635,-1.8551790499999998,-0.6699908750000007
Centered,64,5,theta[1],1.000745,1.00314,True,0.443584970732685,0.075933225,0.43772073499999997,0.845159673
Centered,64,6,log_sigma_sq,1.00101,1.00299,True,-1.90609215542075,-3.273577865,-1.87231825,-0.6462859380000004
Centered,64,6,theta[1],1.00101,1.00299,True,0.435070969730575,0.05939154080000001,0.428270315,0.8306818239999998
Centered,64,7,log_sigma_sq,1.000715,1.00475,True,-1.9179176349749,-3.29322812,-1.8784241000000002,-0.6939279755000002
Centered,64,7,theta[1],1.000715,1.00475,True,0.435019996382705,0.05693783860000001,0.426028305,0.8353205979999999
Centered,64,8,log_sigma_sq,1.0009649999999999,1.00176,True,-1.931244340769525,-3.333973265,-1.88742625,-0.6894475540000014
Centered,64,8,theta[1],1.0009649999999999,1.00176,True,0.43557193749602374,0.06444815085000001,0.428792245,0.835878802
Centered,64,9,log_sigma_sq,1.001185,1.00249,True,-1.91453432640725,-3.280354595,-1.8544610000000001,-0.6963183815000005
Centered,64,9,theta[1],1.001185,1.00249,True,0.4365947971379627,0.0632867136,0.432120505,0.8349196864999999
Centered,64,10,log_sigma_sq,1.0012150000000002,1.00268,True,-1.9194715060621501,-3.3089628149999997,-1.8655016500000001,-0.6820208745000003
Centered,64,10,theta[1],1.0012150000000002,1.00268,True,0.433656690131395,0.052412297100000005,0.428614615,0.832601396
Centered,64,11,log_sigma_sq,1.00101,1.00282,True,-1.8984493478337499,-3.234753805,-1.8607187,-0.7171095850000003
Centered,64,11,theta[1],1.00101,1.00282,True,0.4379369311174501,0.0641608015,0.4335198,0.83052399
Centered,64,12,log_sigma_sq,1.001245,1.00415,True,-1.9112376718047002,-3.268930205,-1.8795247000000002,-0.7054243905000005
Centered,64,12,theta[1],1.001245,1.00415,True,0.43477032731443,0.0656513811,0.428296225,0.8348045244999996
Centered,64,13,log_sigma_sq,1.00085,1.00322,True,-1.8906063145667975,-3.24129688,-1.8550564,-0.6501940915000005
Centered,64,13,theta[1],1.00085,1.00322,True,0.4392395660825225,0.07367327515000001,0.42909293000000004,0.8283688184999998
Centered,64,14,log_sigma_sq,1.001085,1.00665,True,-1.9310239666796174,-3.2737911349999997,-1.8882766,-0.7177117835000009
Centered,64,14,theta[1],1.001085,1.00665,True,0.43459395472455004,0.06532406080000003,0.4241104,0.8349358225
Centered,64,15,log_sigma_sq,1.000835,1.00238,True,-1.912827469744925,-3.30958044,-1.8556197499999998,-0.6968036700000002
Centered,64,15,theta[1],1.000835,1.00238,True,0.43795336923966793,0.06754138135000003,0.431399435,0.8331526664999998
Centered,64,16,log_sigma_sq,1.00116,1.00411,True,-1.8957034318837,-3.257568065,-1.86415825,-0.6575160335000003
Centered,64,16,theta[1],1.00116,1.00411,True,0.4419007626594114,0.07385175295,0.436135175,0.8518823694999998
Centered,64,17,log_sigma_sq,1.01318,1.06843,False,-2.103713526096475,-5.5456831,-1.9121416500000001,-0.7142226790000005
Centered,64,17,theta[1],1.01318,1.06843,False,0.42145786958992504,0.025991858,0.41560424,0.8640601434999999
Centered,64,18,log_sigma_sq,1.001175,1.0027,True,-1.950527588137425,-3.3045165450000002,-1.90468035,-0.7126397575
Centered,64,18,theta[1],1.001175,1.0027,True,0.42935970307676,0.05382442035000001,0.419544505,0.8182886259999997
Centered,64,19,log_sigma_sq,1.00115,1.00222,True,-1.891559855700925,-3.203115055,-1.8749346999999998,-0.6782974115000001
Centered,64,19,theta[1],1.00115,1.00222,True,0.438487416697952,0.0735747253,0.427923555,0.8374857255
Centered,64,20,log_sigma_sq,1.001455,1.00299,True,-1.8973998436740949,-3.188200315,-1.8645386,-0.6855172475000004
Centered,64,20,theta[1],1.001455,1.00299,True,0.44013386821251255,0.07466307550000002,0.43199085000000004,0.8302376324999999
Centered,64,21,log_sigma_sq,1.00112,1.00213,True,-1.887149450930225,-3.1980956849999997,-1.86039635,-0.6551186730000003
Centered,64,21,theta[1],1.00112,1.00213,True,0.4419754049786135,0.081522727,0.43067193000000004,0.8421410574999996
Centered,64,22,log_sigma_sq,1.001195,1.00279,True,-1.9230515908938748,-3.286999655,-1.88258495,-0.7066329305000001
Centered,64,22,theta[1],1.001195,1.00279,True,0.43102034979277504,0.0489320986,0.41884491,0.8388503809999998
Centered,64,23,log_sigma_sq,1.0015049999999999,1.00275,True,-1.9065376232573998,-3.28817961,-1.85516935,-0.7079128435000006
Centered,64,23,theta[1],1.0015049999999999,1.00275,True,0.44234331377667596,0.06522269905000001,0.430750065,0.8426779484999999
Centered,64,24,log_sigma_sq,1.00121,1.00166,True,-1.925877370380325,-3.2164834399999997,-1.891818,-0.7543252125000015
Centered,64,24,theta[1],1.00121,1.00166,True,0.429696259457505,0.06728762735,0.42258958,0.8209563179999999
Centered,64,25,log_sigma_sq,1.000725,1.00146,True,-1.9251379244952525,-3.2193267,-1.9064279499999999,-0.7023354390000003
Centered,64,25,theta[1],1.000725,1.00146,True,0.4285042531015481,0.07579554805,0.42314162499999997,0.8253181139999997
Centered,64,26,log_sigma_sq,1.0006249999999999,1.00124,True,-1.890169981890025,-3.1651065000000003,-1.8609922,-0.7257065405000002
Centered,64,26,theta[1],1.0006249999999999,1.00124,True,0.43852718189558526,0.0661076181,0.431660625,0.8389697139999998
Centered,64,27,log_sigma_sq,1.0008650000000001,1.00298,True,-1.9139006498422926,-3.254886775,-1.8756483,-0.6434991545000015
Centered,64,27,theta[1],1.0008650000000001,1.00298,True,0.436005458381225,0.062445099450000006,0.421318095,0.8395869404999999
Centered,64,28,log_sigma_sq,1.00115,1.00269,True,-1.9008926978765,-3.228541225,-1.8789506999999999,-0.7059088875000015
Centered,64,28,theta[1],1.00115,1.00269,True,0.43889870944314247,0.061821313300000014,0.42656850999999996,0.858770693
Centered,64,29,log_sigma_sq,1.0008400000000002,1.00194,True,-1.947915588524435,-3.353989125,-1.9130129,-0.6731876460000001
Centered,64,29,theta[1],1.0008400000000002,1.00194,True,0.43028263501373,0.05097004990000001,0.421094415,0.8370078279999996
Centered,64,30,log_sigma_sq,1.001425,1.00293,True,-1.9245603223702499,-3.338015895,-1.87547315,-0.692424024500001
Centered,64,30,theta[1],1.001425,1.00293,True,0.43379818488773,0.056089497,0.42926178000000004,0.835389579
Centered,64,31,log_sigma_sq,1.0000149999999999,1.00348,True,-1.907150213573675,-3.163070845,-1.88959105,-0.7242306205000001
Centered,64,31,theta[1],1.0000149999999999,1.00348,True,0.43773387007734027,0.07624272715000001,0.429393365,0.8400910364999996
Centered,64,32,log_sigma_sq,1.000785,1.00281,True,-1.9037616054656374,-3.21143023,-1.874997,-0.7082348885000002
Centered,64,32,theta[1],1.000785,1.00281,True,0.43623232988363747,0.07653204635000001,0.43087331500000003,0.8200674624999995
Centered,64,33,log_sigma_sq,1.000775,1.00206,True,-1.94018731210725,-3.34449828,-1.90251255,-0.6860909015000001
Centered,64,33,theta[1],1.000775,1.00206,True,0.43567028889401,0.05611618065000001,0.42608546,0.8407728845
Centered,64,34,log_sigma_sq,1.0013,1.00443,True,-1.935266913648375,-3.3400633699999998,-1.89240115,-0.6867543130000002
Centered,64,34,theta[1],1.0013,1.00443,True,0.43094379949623723,0.05959248850000002,0.41963421,0.8250840065
Centered,64,35,log_sigma_sq,1.000535,1.00164,True,-1.9149734486980001,-3.22050071,-1.8601694,-0.7142695525000002
Centered,64,35,theta[1],1.000535,1.00164,True,0.4334295133044587,0.06673046925000001,0.427323815,0.8364588289999998
Centered,64,36,log_sigma_sq,1.00119,1.00329,True,-1.906232095844775,-3.2689807799999997,-1.87213615,-0.6786864235000005
Centered,64,36,theta[1],1.00119,1.00329,True,0.43849916333247246,0.06051751635,0.42669173,0.8490721419999999
Centered,64,37,log_sigma_sq,1.00138,1.00536,True,-1.929165018788975,-3.3253989649999998,-1.87109035,-0.6899402765000011
Centered,64,37,theta[1],1.00138,1.00536,True,0.43395067923961744,0.046233156500000004,0.429348395,0.8295943149999999
Centered,64,38,log_sigma_sq,1.0009299999999999,1.00236,True,-1.922094021989,-3.307774425,-1.8796134,-0.6938989370000007
Centered,64,38,theta[1],1.0009299999999999,1.00236,True,0.43943044471975495,0.07552075895,0.434322475,0.8276154914999998
Centered,64,39,log_sigma_sq,1.001055,1.00362,True,-1.92841649833815,-3.3103575100000002,-1.8882165,-0.6790548095000006
Centered,64,39,theta[1],1.001055,1.00362,True,0.43327842897785773,0.05903647735,0.42882123,0.8295596564999999
Centered,64,40,log_sigma_sq,1.0014500000000002,1.00278,True,-1.9148605986010003,-3.22245603,-1.879154,-0.7142285265
Centered,64,40,theta[1],1.0014500000000002,1.00278,True,0.43479888133220757,0.07100383475000001,0.422687205,0.8327744499999999
Centered,64,41,log_sigma_sq,1.0017,1.00359,True,-1.9427152049985001,-3.3240614899999996,-1.8928233,-0.7483840425000007
Centered,64,41,theta[1],1.0017,1.00359,True,0.43273972403381994,0.07070322395,0.424520235,0.8403741245
Centered,64,42,log_sigma_sq,1.000845,1.00162,True,-1.886817466587725,-3.177156835,-1.85752945,-0.6658987830000002
Centered,64,42,theta[1],1.000845,1.00162,True,0.4411129342797875,0.06709909730000004,0.43938275,0.8419290169999997
Centered,64,43,log_sigma_sq,1.00088,1.00413,True,-1.9330040401663025,-3.383039195,-1.8889453,-0.6620161460000009
Centered,64,43,theta[1],1.00088,1.00413,True,0.436007109568505,0.04017542540000001,0.428892345,0.8524711544999999
Centered,64,44,log_sigma_sq,1.0018699999999998,1.00352,True,-1.958157301515,-3.3435038799999997,-1.90468305,-0.721940699
Centered,64,44,theta[1],1.0018699999999998,1.00352,True,0.42937594288180253,0.06291969480000002,0.41941002,0.830523141
Centered,64,45,log_sigma_sq,1.00131,1.00399,True,-1.911743673635,-3.200692385,-1.88801365,-0.6776396185000007
Centered,64,45,theta[1],1.00131,1.00399,True,0.4354151485948651,0.056381141150000015,0.42379750000000005,0.8454843839999998
Centered,64,46,log_sigma_sq,1.0009000000000001,1.00285,True,-1.9100157125585002,-3.24746134,-1.8803127499999999,-0.6724895455000002
Centered,64,46,theta[1],1.0009000000000001,1.00285,True,0.4346986249648375,0.06669914935,0.424892475,0.8483508904999995
Centered,64,47,log_sigma_sq,1.00156,1.00486,True,-1.943046909175925,-3.422712705,-1.8867871,-0.6767137505000004
Centered,64,47,theta[1],1.00156,1.00486,True,0.4297821762396875,0.052667031300000014,0.425271705,0.8235309584999998
Centered,64,48,log_sigma_sq,1.000525,1.00197,True,-1.9003804549185002,-3.2172905,-1.85544215,-0.7044388065000002
Centered,64,48,theta[1],1.000525,1.00197,True,0.44077497797057497,0.06738654135000004,0.43268313,0.8465967499999999
Centered,64,49,log_sigma_sq,1.00135,1.00715,True,-1.8727224907528501,-3.11243181,-1.84665435,-0.7233143800000003
Centered,64,49,theta[1],1.00135,1.00715,True,0.440009064969845,0.07457648245000002,0.43450224000000004,0.8444226619999995
Centered,64,50,log_sigma_sq,1.000435,1.00139,True,-1.8776658686570002,-3.195619995,-1.8454529000000002,-0.6518557155000023
Centered,64,50,theta[1],1.000435,1.00139,True,0.44295414250712245,0.07901874175000001,0.43318724,0.8514833359999998
Centered,64,51,log_sigma_sq,1.0013,1.00302,True,-1.908029168614775,-3.228540025,-1.8720769499999999,-0.7017173545000004
Centered,64,51,theta[1],1.0013,1.00302,True,0.4384646238524863,0.066578229,0.427652765,0.8366106514999998
Centered,64,52,log_sigma_sq,1.001515,1.00305,True,-1.917269103902,-3.30590451,-1.8936055,-0.6501851415000001
Centered,64,52,theta[1],1.001515,1.00305,True,0.43016932681517495,0.0667808826,0.41169970499999997,0.8520222724999997
Centered,64,53,log_sigma_sq,1.00202,1.00354,True,-1.88387998849365,-3.2174862650000002,-1.8503148999999999,-0.678789080000002
Centered,64,53,theta[1],1.00202,1.00354,True,0.437042190084175,0.05634194735,0.43428964999999997,0.8374277109999996
Centered,64,54,log_sigma_sq,1.00166,1.00338,True,-1.9259395741394252,-3.278918965,-1.8776066,-0.700824252
Centered,64,54,theta[1],1.00166,1.00338,True,0.4342870496673074,0.05584894265000001,0.425513775,0.8227067284999995
Centered,64,55,log_sigma_sq,1.000875,1.00133,True,-1.887160525559525,-3.15781492,-1.8875476,-0.6931141875000004
Centered,64,55,theta[1],1.000875,1.00133,True,0.44129992955054004,0.06343503565,0.43326874,0.8449223825000001
Centered,64,56,log_sigma_sq,1.001,1.00284,True,-1.8683328196812499,-3.18236518,-1.82504035,-0.6770678360000003
Centered,64,56,theta[1],1.001,1.00284,True,0.43827398297179004,0.049502221900000004,0.43182188499999996,0.8426015109999996
Centered,64,57,log_sigma_sq,1.001785,1.00526,True,-1.955811194842825,-3.3950270099999997,-1.8968738,-0.7361888030000006
Centered,64,57,theta[1],1.001785,1.00526,True,0.43331580444844997,0.053212999200000013,0.427703355,0.8398622489999998
Centered,64,58,log_sigma_sq,1.001325,1.00318,True,-1.891646715462075,-3.19022558,-1.8623592,-0.7053017035000003
Centered,64,58,theta[1],1.001325,1.00318,True,0.43833380394191,0.07220869385,0.42630484,0.8223783129999999
Centered,64,59,log_sigma_sq,1.00193,1.00464,True,-1.9292601808112777,-3.39634852,-1.85757315,-0.6820257505000015
Centered,64,59,theta[1],1.00193,1.00464,True,0.44157238415770994,0.058123146199999996,0.434733535,0.8394270574999999
Centered,64,60,log_sigma_sq,1.00225,1.00855,True,-1.951146737700175,-3.50176111,-1.8709622000000001,-0.668448847000001
Centered,64,60,theta[1],1.00225,1.00855,True,0.43439845675569244,0.0522171502,0.42395843499999997,0.8464603784999999
Centered,64,61,log_sigma_sq,1.000855,1.00179,True,-1.8839837059336,-3.174231835,-1.8540842,-0.6620686835000004
Centered,64,61,theta[1],1.000855,1.00179,True,0.44428401288840746,0.0807604784,0.436595475,0.8335545909999998
Centered,64,62,log_sigma_sq,1.00082,1.00283,True,-1.9357959319522502,-3.246930135,-1.89869435,-0.7376805690000002
Centered,64,62,theta[1],1.00082,1.00283,True,0.4310903788345125,0.05842443745000001,0.424153375,0.8240078164999997
Centered,64,63,log_sigma_sq,1.00139,1.01152,True,-1.93426703988775,-3.29412375,-1.88370315,-0.6775813960000001
Centered,64,63,theta[1],1.00139,1.01152,True,0.437612986677825,0.05021819,0.432560075,0.8389610175000001
Centered,64,64,log_sigma_sq,1.000855,1.00193,True,-1.899016800191835,-3.24990731,-1.8694819,-0.6750231540000002
Centered,64,64,theta[1],1.000855,1.00193,True,0.43755645553498995,0.07418585800000001,0.431364455,0.827916601
Centered,64,65,log_sigma_sq,1.00057,1.00283,True,-1.908560926061925,-3.22980766,-1.87508155,-0.7078797950000005
Centered,64,65,theta[1],1.00057,1.00283,True,0.4379731806052415,0.05469711505000002,0.43112287000000005,0.8407836439999999
Centered,64,66,log_sigma_sq,1.000855,1.00233,True,-1.90508297357425,-3.2918171399999996,-1.8535963500000001,-0.7008075355000001
Centered,64,66,theta[1],1.000855,1.00233,True,0.435705124093235,0.05768523610000001,0.428611305,0.829294738
Centered,64,67,log_sigma_sq,1.0006599999999999,1.00253,True,-1.9449602767110175,-3.326608865,-1.89404785,-0.7268522400000006
Centered,64,67,theta[1],1.0006599999999999,1.00253,True,0.43591072643337253,0.06532880155000001,0.42418726,0.837397539
Centered,64,68,log_sigma_sq,1.00122,1.00386,True,-1.9202302447957,-3.30584228,-1.8696874,-0.6744687565000002
Centered,64,68,theta[1],1.00122,1.00386,True,0.4413509158384575,0.06137024480000001,0.433018055,0.8396817359999996
Centered,64,69,log_sigma_sq,1.0006650000000001,1.0022,True,-1.9055608998950249,-3.1999091049999997,-1.878186,-0.7505568790000001
Centered,64,69,theta[1],1.0006650000000001,1.0022,True,0.439264530239205,0.07174178685,0.434230405,0.8451525199999997
Centered,64,70,log_sigma_sq,1.001355,1.00324,True,-1.94254086136675,-3.265893375,-1.8940553,-0.7292884960000006
Centered,64,70,theta[1],1.001355,1.00324,True,0.4312613567883575,0.05809232675000001,0.42012206,0.837644151
Centered,64,71,log_sigma_sq,1.001325,1.00235,True,-1.896547595685365,-3.209811485,-1.86874305,-0.6951399935000009
Centered,64,71,theta[1],1.001325,1.00235,True,0.43833391647633246,0.0667490613,0.434361555,0.8219589919999998
Centered,64,72,log_sigma_sq,1.0005600000000001,1.00233,True,-1.9000567770006,-3.197082735,-1.8581078,-0.7124547980000003
Centered,64,72,theta[1],1.0005600000000001,1.00233,True,0.43770889572407673,0.0644138318,0.433300605,0.8326995344999998
Centered,64,73,log_sigma_sq,1.000695,1.0027,True,-1.90441975758965,-3.2336089550000002,-1.857573,-0.7359688935000002
Centered,64,73,theta[1],1.000695,1.0027,True,0.43309123995010496,0.05115417035,0.423277075,0.8391576289999993
Centered,64,74,log_sigma_sq,1.00164,1.00427,True,-1.910650843997625,-3.35816992,-1.8600701499999999,-0.6856130490000008
Centered,64,74,theta[1],1.00164,1.00427,True,0.43477722672114,0.05957492355000002,0.426519045,0.8427242875
Centered,64,75,log_sigma_sq,1.00098,1.00297,True,-1.8811617338968976,-3.2154771749999997,-1.8302844999999999,-0.7327587760000003
Centered,64,75,theta[1],1.00098,1.00297,True,0.4381427408132075,0.06568097010000004,0.434688185,0.8244850504999999
Centered,64,76,log_sigma_sq,1.001055,1.00425,True,-1.94571199414525,-3.34059792,-1.9088905999999999,-0.6949781605000002
Centered,64,76,theta[1],1.001055,1.00425,True,0.435947925241355,0.06594111315000001,0.42998953500000003,0.8391063125
Centered,64,77,log_sigma_sq,1.000365,1.00342,True,-1.9124724487968252,-3.217003425,-1.8819632,-0.7071285585000002
Centered,64,77,theta[1],1.000365,1.00342,True,0.4396990090867,0.05444106805000001,0.42947764,0.8489508989999999
Centered,64,78,log_sigma_sq,1.001045,1.00259,True,-1.923977645987775,-3.3115287849999997,-1.87480345,-0.691585431000001
Centered,64,78,theta[1],1.001045,1.00259,True,0.434236232067085,0.0598476477,0.42382684000000004,0.8420309289999999
Centered,64,79,log_sigma_sq,1.0012150000000002,1.00331,True,-1.922771415997075,-3.280208185,-1.8735027999999998,-0.7523875900000001
Centered,64,79,theta[1],1.0012150000000002,1.00331,True,0.4349810799467963,0.055261075500000006,0.43042992,0.8297731274999997
Centered,64,80,log_sigma_sq,1.000855,1.00245,True,-1.9759859345489998,-3.471427975,-1.9149752,-0.7314729105000003
Centered,64,80,theta[1],1.000855,1.00245,True,0.430207138300029,0.057648524050000004,0.42065471499999996,0.8419020254999998
Centered,64,81,log_sigma_sq,1.0017399999999999,1.00375,True,-1.8995681880983253,-3.23889463,-1.8698539,-0.6471648625
Centered,64,81,theta[1],1.0017399999999999,1.00375,True,0.4402298540608,0.06531175975,0.431339475,0.8381455189999995
Centered,64,82,log_sigma_sq,1.0019399999999998,1.00361,True,-1.90956003382315,-3.289376665,-1.8457691,-0.6847641185000004
Centered,64,82,theta[1],1.0019399999999998,1.00361,True,0.43964456284075254,0.05737544575000002,0.428782355,0.8567911954999997
Centered,64,83,log_sigma_sq,1.00074,1.00273,True,-1.896271464340225,-3.23818532,-1.86654225,-0.6905126975000002
Centered,64,83,theta[1],1.00074,1.00273,True,0.4413078136753618,0.059109195,0.43275362,0.8580590289999994
Centered,64,84,log_sigma_sq,1.00109,1.00332,True,-1.9213259933587077,-3.33886325,-1.8740076499999998,-0.6433771175000002
Centered,64,84,theta[1],1.00109,1.00332,True,0.439967553038215,0.06362384525000002,0.42889544999999996,0.8401153099999998
Centered,64,85,log_sigma_sq,1.0006650000000001,1.00154,True,-1.895798366578,-3.16328775,-1.87371215,-0.6628970130000013
Centered,64,85,theta[1],1.0006650000000001,1.00154,True,0.440132563464765,0.07879424190000002,0.432491435,0.8329833744999998
Centered,64,86,log_sigma_sq,1.0005950000000001,1.00238,True,-1.91650189746875,-3.2360375350000004,-1.88820925,-0.698015309000002
Centered,64,86,theta[1],1.0005950000000001,1.00238,True,0.43526562502382,0.07404594015,0.42572424,0.8299901869999999
Centered,64,87,log_sigma_sq,1.000305,1.00323,True,-1.8899548661776748,-3.2105965199999997,-1.8512195500000002,-0.6657300590000031
Centered,64,87,theta[1],1.000305,1.00323,True,0.4440659769365975,0.0798731207,0.43332377,0.8546064754999999
Centered,64,88,log_sigma_sq,1.00061,1.00457,True,-1.8733822935214999,-3.140524655,-1.83696225,-0.7201019865000006
Centered,64,88,theta[1],1.00061,1.00457,True,0.4446705793790475,0.0722347193,0.43594394000000003,0.8381261845
Centered,64,89,log_sigma_sq,1.001735,1.00427,True,-1.960272211929775,-3.48596513,-1.8756281499999998,-0.6845300845000007
Centered,64,89,theta[1],1.001735,1.00427,True,0.43600855493971197,0.040224023200000014,0.4283745,0.8650852299999999
Centered,64,90,log_sigma_sq,1.00024,1.00281,True,-1.8597624599678748,-3.1499314050000002,-1.8387099,-0.6562815335000012
Centered,64,90,theta[1],1.00024,1.00281,True,0.44146189065809094,0.058120519249999995,0.43381154,0.8530573094999999
Centered,64,91,log_sigma_sq,1.00098,1.00422,True,-1.9191274619034,-3.28706521,-1.8765030999999999,-0.7138020390000002
Centered,64,91,theta[1],1.00098,1.00422,True,0.43386106747680003,0.060454283950000014,0.42547383,0.838102651
Centered,64,92,log_sigma_sq,1.0011700000000001,1.00282,True,-1.8964831144166001,-3.21809916,-1.86404605,-0.7061863620000024
Centered,64,92,theta[1],1.0011700000000001,1.00282,True,0.444541990517415,0.0836107113,0.435967215,0.8433126689999997
Centered,64,93,log_sigma_sq,1.0003834999999999,1.00428,True,-1.8880913132682249,-3.25870465,-1.8443553499999998,-0.6827898265000005
Centered,64,93,theta[1],1.0003834999999999,1.00428,True,0.44243153041506805,0.06602073860000002,0.436147505,0.8501071089999996
Centered,64,94,log_sigma_sq,1.00107,1.0037,True,-1.9143910298970002,-3.3295297649999998,-1.88209415,-0.6583220300000004
Centered,64,94,theta[1],1.00107,1.0037,True,0.43937831632125746,0.06114535555000001,0.43256245,0.8485917799999999
Centered,64,95,log_sigma_sq,1.0013,1.00214,True,-1.8916101292767753,-3.205945285,-1.87125975,-0.670273677500001
Centered,64,95,theta[1],1.0013,1.00214,True,0.44266235161719997,0.05567290750000002,0.435359675,0.8443668904999998
Centered,64,96,log_sigma_sq,1.00078,1.00119,True,-1.9166635758903177,-3.2405301900000003,-1.86591305,-0.7154166060000005
Centered,64,96,theta[1],1.00078,1.00119,True,0.4336642795387375,0.07239714720000001,0.42613412500000003,0.8463896734999999
Centered,64,97,log_sigma_sq,1.000635,1.00317,True,-1.915886705990425,-3.276515995,-1.8919774,-0.6819629145000001
Centered,64,97,theta[1],1.000635,1.00317,True,0.4340125021226903,0.06845203155,0.41993358000000003,0.8431589064999998
Centered,64,98,log_sigma_sq,1.0011,1.0024,True,-1.9066625733829001,-3.26393224,-1.8687318,-0.6624627450000011
Centered,64,98,theta[1],1.0011,1.0024,True,0.43474582679964247,0.07352716695,0.42353859,0.8393520624999999
Centered,64,99,log_sigma_sq,1.0021,1.0084,True,-1.937602448061525,-3.32012317,-1.86177735,-0.7170722780000004
Centered,64,99,theta[1],1.0021,1.0084,True,0.43128849438258,0.03472136950000001,0.4214423,0.8357959474999997
Centered,64,100,log_sigma_sq,1.0018099999999999,1.00568,True,-1.9879059640815249,-3.55115818,-1.8917057000000002,-0.6752724610000002
Centered,64,100,theta[1],1.0018099999999999,1.00568,True,0.43122246951561005,0.06332251470000001,0.42584798,0.8463396244999999
Centered,128,1,log_sigma_sq,1.0008650000000001,1.00264,True,-1.3183556904528224,-2.19932468,-1.33374755,-0.34827680099999997
Centered,128,1,theta[1],1.0008650000000001,1.00264,True,0.72211740712,0.4259000885,0.715853025,1.04261709
Centered,128,2,log_sigma_sq,1.000875,1.00272,True,-1.3293387423913,-2.252936315,-1.36020885,-0.313004265000001
Centered,128,2,theta[1],1.000875,1.00272,True,0.722933722366,0.42279887,0.7182382700000001,1.033050925
Centered,128,3,log_sigma_sq,1.0012699999999999,1.00313,True,-1.31917485550525,-2.24372761,-1.3324213,-0.3454953155000004
Centered,128,3,theta[1],1.0012699999999999,1.00313,True,0.720522430785,0.42024860199999997,0.721122305,1.0195189299999998
Centered,128,4,log_sigma_sq,1.00069,1.00194,True,-1.332761558438325,-2.23034117,-1.3513756,-0.35055794100000015
Centered,128,4,theta[1],1.00069,1.00194,True,0.7187561787757499,0.425997433,0.718918205,1.017665855
Centered,128,5,log_sigma_sq,1.000715,1.00259,True,-1.3252860866571323,-2.219187295,-1.3521138000000001,-0.3459746215000016
Centered,128,5,theta[1],1.000715,1.00259,True,0.721634650752,0.4235503715,0.7204100849999999,1.021816025
Centered,128,6,log_sigma_sq,1.001365,1.00254,True,-1.32780114953315,-2.233117365,-1.35585925,-0.3474370105000001
Centered,128,6,theta[1],1.001365,1.00254,True,0.7178479746349999,0.42343043,0.717352695,1.0264955349999998
Centered,128,7,log_sigma_sq,1.0016,1.00215,True,-1.320446175693225,-2.207770605,-1.3474968999999999,-0.3226606155000002
Centered,128,7,theta[1],1.0016,1.00215,True,0.7206574124142501,0.4198949525,0.7162076150000001,1.0272685549999998
Centered,128,8,log_sigma_sq,1.000815,1.00121,True,-1.32220593014375,-2.235907625,-1.34553205,-0.33396021450000096
Centered,128,8,theta[1],1.000815,1.00121,True,0.7207892768474999,0.433034224,0.71713821,1.024000495
Centered,128,9,log_sigma_sq,1.001065,1.00224,True,-1.3210580421367477,-2.2026329550000003,-1.34771845,-0.37316111700000076
Centered,128,9,theta[1],1.001065,1.00224,True,0.722512531652,0.42985035650000003,0.7182463750000001,1.02440391
Centered,128,10,log_sigma_sq,1.000645,1.00344,True,-1.3268049614533752,-2.240280715,-1.345984,-0.3517238640000008
Centered,128,10,theta[1],1.000645,1.00344,True,0.719524685265,0.424374252,0.715192625,1.02574465
Centered,128,11,log_sigma_sq,1.00089,1.00246,True,-1.31802759956585,-2.183873925,-1.34474815,-0.37419204250000043
Centered,128,11,theta[1],1.00089,1.00246,True,0.72339035988975,0.41921790950000004,0.721210785,1.030185035
Centered,128,12,log_sigma_sq,1.00082,1.00358,True,-1.342558809671855,-2.2212469649999997,-1.3673997500000001,-0.3944414345000003
Centered,128,12,theta[1],1.00082,1.00358,True,0.7223405389125,0.4223825565,0.7170033499999999,1.0349755649999997
Centered,128,13,log_sigma_sq,1.00114,1.0058,True,-1.3337239666085425,-2.194356845,-1.3563433,-0.40100127700000004
Centered,128,13,theta[1],1.00114,1.0058,True,0.720341695144,0.42544331150000003,0.71871247,1.0303396049999998
Centered,128,14,log_sigma_sq,1.0014500000000002,1.00318,True,-1.3187032485465249,-2.18590425,-1.34565255,-0.36526542700000003
Centered,128,14,theta[1],1.0014500000000002,1.00318,True,0.72427575435275,0.432063499,0.722116735,1.0253663199999998
Centered,128,15,log_sigma_sq,1.000695,1.00387,True,-1.3401421784291423,-2.25002176,-1.3653672000000001,-0.3690773445000011
Centered,128,15,theta[1],1.000695,1.00387,True,0.71880615810775,0.429160468,0.71492212,1.0166778199999997
Centered,128,16,log_sigma_sq,1.001495,1.00419,True,-1.323378035154925,-2.2039098100000003,-1.3518568,-0.3560494500000002
Centered,128,16,theta[1],1.001495,1.00419,True,0.7227197640875,0.4244329965,0.71758334,1.02687062
Centered,128,17,log_sigma_sq,1.001265,1.00587,True,-1.3144209486609,-2.209062125,-1.34747005,-0.32658766800000033
Centered,128,17,theta[1],1.001265,1.00587,True,0.72037790581525,0.4211801385,0.717293035,1.032084755
Centered,128,18,log_sigma_sq,1.00099,1.00262,True,-1.31888419300635,-2.219636305,-1.33499005,-0.36234768800000056
Centered,128,18,theta[1],1.00099,1.00262,True,0.7175212448275,0.4200700785,0.714071335,1.0154835799999997
Centered,128,19,log_sigma_sq,1.000975,1.00255,True,-1.32071115119655,-2.217184735,-1.3448892,-0.3311763790000001
Centered,128,19,theta[1],1.000975,1.00255,True,0.7172008041900001,0.4090200575,0.714154135,1.030998565
Centered,128,20,log_sigma_sq,1.0008949999999999,1.00165,True,-1.3287954653121001,-2.208408405,-1.3543490999999999,-0.35438666900000027
Centered,128,20,theta[1],1.0008949999999999,1.00165,True,0.720448477565,0.42559840600000004,0.719667045,1.02647644
Centered,128,21,log_sigma_sq,1.00081,1.00214,True,-1.3338104294693498,-2.210215395,-1.37014655,-0.31730767250000064
Centered,128,21,theta[1],1.00081,1.00214,True,0.7250611710200001,0.42831713650000003,0.7239674899999999,1.035524245
Centered,128,22,log_sigma_sq,1.000915,1.00186,True,-1.3157628066867,-2.2111645149999997,-1.3276260500000001,-0.32545765800000076
Centered,128,22,theta[1],1.000915,1.00186,True,0.7228779864799999,0.418842722,0.721488145,1.0272058849999999
Centered,128,23,log_sigma_sq,1.00074,1.00407,True,-1.3136325505333248,-2.22137715,-1.3364634,-0.32152829650000087
Centered,128,23,theta[1],1.00074,1.00407,True,0.7231720533425,0.42404835900000004,0.7194912099999999,1.0309954499999996
Centered,128,24,log_sigma_sq,1.001175,1.00344,True,-1.335138771840075,-2.230682915,-1.3650451000000001,-0.3653382900000007
Centered,128,24,theta[1],1.001175,1.00344,True,0.7182460449837499,0.4325124065,0.714490855,1.0232339249999995
Centered,128,25,log_sigma_sq,1.00126,1.00303,True,-1.320429994792575,-2.237720175,-1.3470393999999999,-0.316241597
Centered,128,25,theta[1],1.00126,1.00303,True,0.717162107465,0.4098476295,0.716426165,1.0330781699999998
Centered,128,26,log_sigma_sq,1.00155,1.00285,True,-1.3203383173729248,-2.22223779,-1.3451347,-0.34302416200000024
Centered,128,26,theta[1],1.00155,1.00285,True,0.722981531765,0.4173932645,0.720510585,1.0314275149999999
Centered,128,27,log_sigma_sq,1.000675,1.00369,True,-1.3320678135589001,-2.2420331499999997,-1.3526245,-0.29797524400000003
Centered,128,27,theta[1],1.000675,1.00369,True,0.7181831659975001,0.429132289,0.71488011,1.018978355
Centered,128,28,log_sigma_sq,1.000375,1.00355,True,-1.32047395344195,-2.203823625,-1.3391677,-0.39408756750000096
Centered,128,28,theta[1],1.000375,1.00355,True,0.7205840786424998,0.42270949950000003,0.71666948,1.0391550999999999
Centered,128,29,log_sigma_sq,1.000465,1.00311,True,-1.3176959496856497,-2.226635015,-1.34024925,-0.3521119035000001
Centered,128,29,theta[1],1.000465,1.00311,True,0.72025938911,0.429282074,0.717243945,1.0235115299999997
Centered,128,30,log_sigma_sq,1.001245,1.00232,True,-1.3251837681100251,-2.2379688,-1.34486345,-0.33957587400000006
Centered,128,30,theta[1],1.001245,1.00232,True,0.7196187937625,0.4224662065,0.71737818,1.0285978299999996
Centered,128,31,log_sigma_sq,1.00087,1.00292,True,-1.3252553628022625,-2.222427835,-1.34871765,-0.3276583935000001
Centered,128,31,theta[1],1.00087,1.00292,True,0.7224192542215001,0.41838272849999997,0.7197054199999999,1.02820637
Centered,128,32,log_sigma_sq,1.00039,1.00284,True,-1.3179818452046,-2.20213694,-1.3341991,-0.35199562450000066
Centered,128,32,theta[1],1.00039,1.00284,True,0.7250439419854999,0.43101522750000004,0.7257577799999999,1.0147717399999998
Centered,128,33,log_sigma_sq,1.00102,1.00481,True,-1.32683231065225,-2.2511647900000002,-1.34176495,-0.3233558775000009
Centered,128,33,theta[1],1.00102,1.00481,True,0.71894597541775,0.41724915749999997,0.71692737,1.0262476349999998
Centered,128,34,log_sigma_sq,1.000785,1.00429,True,-1.3207427797027251,-2.23977005,-1.3417078500000001,-0.36016701500000203
Centered,128,34,theta[1],1.000785,1.00429,True,0.7214411059775,0.42097608400000003,0.7190355850000001,1.0235824949999996
Centered,128,35,log_sigma_sq,1.001645,1.00363,True,-1.3175190029850001,-2.18128704,-1.34485445,-0.3592228985000003
Centered,128,35,theta[1],1.001645,1.00363,True,0.7211113851425001,0.422040457,0.719933775,1.03166425
Centered,128,36,log_sigma_sq,1.0015200000000002,1.00227,True,-1.3279959915259498,-2.2562106,-1.35779855,-0.3201692235
Centered,128,36,theta[1],1.0015200000000002,1.00227,True,0.71918995124625,0.422645775,0.716382375,1.0274933299999998
Centered,128,37,log_sigma_sq,1.001105,1.0029,True,-1.31823731848285,-2.230105245,-1.3483899,-0.31657257050000115
Centered,128,37,theta[1],1.001105,1.0029,True,0.7192780204999999,0.419673435,0.7155570250000001,1.0223065749999998
Centered,128,38,log_sigma_sq,1.001335,1.00214,True,-1.335339664707905,-2.240281615,-1.35148415,-0.3734372400000002
Centered,128,38,theta[1],1.001335,1.00214,True,0.7219219841050001,0.4161894695,0.721756065,1.02999261
Centered,128,39,log_sigma_sq,1.0009450000000002,1.00177,True,-1.326946805333375,-2.20320822,-1.3564091,-0.3295971860000006
Centered,128,39,theta[1],1.0009450000000002,1.00177,True,0.72133781193225,0.4262581545,0.714698465,1.038841655
Centered,128,40,log_sigma_sq,1.000575,1.00262,True,-1.3308452143116627,-2.20616948,-1.3619765,-0.3606254505000047
Centered,128,40,theta[1],1.000575,1.00262,True,0.720532272055,0.42228551249999996,0.716724275,1.026942335
Centered,128,41,log_sigma_sq,1.0006300000000001,1.00171,True,-1.313955018189575,-2.21573938,-1.32441435,-0.3631520050000001
Centered,128,41,theta[1],1.0006300000000001,1.00171,True,0.7239845595750001,0.4390297065,0.72014017,1.0238940699999997
Centered,128,42,log_sigma_sq,1.0006249999999999,1.00654,True,-1.33100993058944,-2.21700453,-1.3500678499999998,-0.3875972420000006
Centered,128,42,theta[1],1.0006249999999999,1.00654,True,0.72120539658,0.419161388,0.72243634,1.036101785
Centered,128,43,log_sigma_sq,1.00069,1.0029,True,-1.32653067446565,-2.21663209,-1.3461595499999999,-0.3530618950000001
Centered,128,43,theta[1],1.00069,1.0029,True,0.720780525849,0.429654055,0.718673915,1.018303735
Centered,128,44,log_sigma_sq,1.0008849999999998,1.0052,True,-1.32313174292858,-2.23809593,-1.34468345,-0.3279827670000009
Centered,128,44,theta[1],1.0008849999999998,1.0052,True,0.72378993066,0.4246233625,0.7207300249999999,1.03456713
Centered,128,45,log_sigma_sq,1.00068,1.00249,True,-1.3307896904968253,-2.224481945,-1.3563930499999999,-0.38552849050000254
Centered,128,45,theta[1],1.00068,1.00249,True,0.7205139651317499,0.426480288,0.7177984,1.025790635
Centered,128,46,log_sigma_sq,1.000535,1.0032,True,-1.3102973161231297,-2.18958443,-1.3302789499999998,-0.354051295
Centered,128,46,theta[1],1.000535,1.0032,True,0.7262841247725,0.43094319000000003,0.72294826,1.029807665
Centered,128,47,log_sigma_sq,1.00098,1.00271,True,-1.32834901513175,-2.22292517,-1.3490993,-0.3489515040000003
Centered,128,47,theta[1],1.00098,1.00271,True,0.7234028378649999,0.417526449,0.720202205,1.02617729
Centered,128,48,log_sigma_sq,1.00077,1.00386,True,-1.3379766972360776,-2.2126911949999997,-1.3541594,-0.381813191000001
Centered,128,48,theta[1],1.00077,1.00386,True,0.7188469494285,0.4175227485,0.7159235100000001,1.028882465
Centered,128,49,log_sigma_sq,1.00121,1.0041,True,-1.330600344390925,-2.227714165,-1.3578473500000001,-0.34607803000000054
Centered,128,49,theta[1],1.00121,1.0041,True,0.71715792040225,0.4144930055,0.71539358,1.02227683
Centered,128,50,log_sigma_sq,1.00147,1.00474,True,-1.3165112579192675,-2.206269785,-1.3424421,-0.3325857845000001
Centered,128,50,theta[1],1.00147,1.00474,True,0.72418438834925,0.41850767950000006,0.7199939399999999,1.0384475249999998
Centered,128,51,log_sigma_sq,1.0002550000000001,1.0026,True,-1.3227422330505452,-2.21859731,-1.3547269,-0.31634041200000007
Centered,128,51,theta[1],1.0002550000000001,1.0026,True,0.7250132623975001,0.42392788950000004,0.723253425,1.049833925
Centered,128,52,log_sigma_sq,1.001305,1.00252,True,-1.323249320161325,-2.1972319799999998,-1.3604281999999999,-0.33906817000000067
Centered,128,52,theta[1],1.001305,1.00252,True,0.7240702032505,0.42577180200000003,0.72048327,1.037812795
Centered,128,53,log_sigma_sq,1.0004300000000002,1.00293,True,-1.328999090800627,-2.21570824,-1.35417435,-0.33211220800000035
Centered,128,53,theta[1],1.0004300000000002,1.00293,True,0.71814133259775,0.4343867395,0.71159056,1.0240832549999999
Centered,128,54,log_sigma_sq,1.00092,1.0047,True,-1.32698942785235,-2.211437445,-1.3528267999999999,-0.3374049010000005
Centered,128,54,theta[1],1.00092,1.0047,True,0.7238938112442499,0.4274787265,0.723662915,1.030590655
Centered,128,55,log_sigma_sq,1.00044,1.00258,True,-1.3429528424452248,-2.22618184,-1.3620651499999998,-0.395122011000002
Centered,128,55,theta[1],1.00044,1.00258,True,0.72007195488,0.42227470300000003,0.718342655,1.0241957149999998
Centered,128,56,log_sigma_sq,1.000975,1.00468,True,-1.3233598670034747,-2.201925485,-1.3417468499999998,-0.3451229655000001
Centered,128,56,theta[1],1.000975,1.00468,True,0.724474634565,0.41762074,0.7281735149999999,1.02689455
Centered,128,57,log_sigma_sq,1.0003600000000001,1.00238,True,-1.3326016319896998,-2.2144126799999997,-1.36253255,-0.3513029545000008
Centered,128,57,theta[1],1.0003600000000001,1.00238,True,0.72105683994575,0.431775838,0.71568818,1.0219308999999992
Centered,128,58,log_sigma_sq,1.000435,1.00599,True,-1.3282897586250502,-2.204851095,-1.3551319,-0.3561002605000005
Centered,128,58,theta[1],1.000435,1.00599,True,0.7245129582100001,0.4364836715,0.7212307099999999,1.0257888549999998
Centered,128,59,log_sigma_sq,1.000655,1.00182,True,-1.3155171193036002,-2.204931785,-1.345825,-0.3425291745000007
Centered,128,59,theta[1],1.000655,1.00182,True,0.719407367797,0.414575532,0.72126555,1.024780115
Centered,128,60,log_sigma_sq,1.00115,1.00251,True,-1.3166369342914024,-2.213873285,-1.32966645,-0.34726805100000013
Centered,128,60,theta[1],1.00115,1.00251,True,0.7242235048397501,0.424520154,0.7215949150000001,1.0274526
Centered,128,61,log_sigma_sq,1.001835,1.00322,True,-1.329437281565155,-2.242879485,-1.3535515999999999,-0.3469898155
Centered,128,61,theta[1],1.001835,1.00322,True,0.72403675520275,0.41967226700000004,0.7205740700000001,1.0368578899999998
Centered,128,62,log_sigma_sq,1.000805,1.00225,True,-1.3249662861770526,-2.222391645,-1.3577666499999999,-0.3698124530000007
Centered,128,62,theta[1],1.000805,1.00225,True,0.7227984543350001,0.437299247,0.718938265,1.01812993
Centered,128,63,log_sigma_sq,1.0009700000000001,1.00267,True,-1.31151726335958,-2.17872642,-1.33698105,-0.3629126125000012
Centered,128,63,theta[1],1.0009700000000001,1.00267,True,0.72367191621775,0.41224545650000005,0.721320035,1.0330040950000001
Centered,128,64,log_sigma_sq,1.000495,1.00242,True,-1.3400967678766251,-2.24296169,-1.3709536,-0.3859763510000006
Centered,128,64,theta[1],1.000495,1.00242,True,0.7162936711515,0.4216220765,0.71489648,1.0256544249999997
Centered,128,65,log_sigma_sq,1.000455,1.00292,True,-1.324633177078925,-2.23672266,-1.3452247000000002,-0.34730120400000014
Centered,128,65,theta[1],1.000455,1.00292,True,0.72344191040305,0.42208231800000007,0.72596572,1.0177037699999998
Centered,128,66,log_sigma_sq,1.000945,1.00356,True,-1.3256183858331252,-2.200108085,-1.35005625,-0.34397478350000016
Centered,128,66,theta[1],1.000945,1.00356,True,0.722888340235,0.423824578,0.71943046,1.0309062649999996
Centered,128,67,log_sigma_sq,1.000585,1.00274,True,-1.3339844541770252,-2.22721264,-1.36036815,-0.3471812470000002
Centered,128,67,theta[1],1.000585,1.00274,True,0.720913988115,0.409727244,0.717986805,1.0298296199999997
Centered,128,68,log_sigma_sq,1.000485,1.00414,True,-1.3215803516991,-2.2353919049999997,-1.35117365,-0.3174282895000001
Centered,128,68,theta[1],1.000485,1.00414,True,0.72036193725,0.44197107799999996,0.717889365,1.015755615
Centered,128,69,log_sigma_sq,1.001585,1.00268,True,-1.34324095895697,-2.263267515,-1.35416815,-0.3768716560000003
Centered,128,69,theta[1],1.001585,1.00268,True,0.7196494750100001,0.4221335845,0.717642305,1.02351183
Centered,128,70,log_sigma_sq,1.00083,1.0026,True,-1.3308036535000602,-2.2294039299999997,-1.3606124,-0.33975327250000015
Centered,128,70,theta[1],1.00083,1.0026,True,0.71934388769275,0.42165397699999996,0.714932805,1.02715128
Centered,128,71,log_sigma_sq,1.001125,1.00325,True,-1.32674678524095,-2.2310226849999997,-1.34631145,-0.38028304400000007
Centered,128,71,theta[1],1.001125,1.00325,True,0.72083216424,0.41931907150000003,0.7158900349999999,1.025095335
Centered,128,72,log_sigma_sq,1.00067,1.00271,True,-1.318440238501125,-2.20191604,-1.3423952,-0.33267785350000023
Centered,128,72,theta[1],1.00067,1.00271,True,0.7234155289334999,0.43325831600000003,0.71702954,1.03099994
Centered,128,73,log_sigma_sq,1.000925,1.00327,True,-1.33793163103295,-2.21501693,-1.36645,-0.3563899275000001
Centered,128,73,theta[1],1.000925,1.00327,True,0.7183090608689999,0.4191755555,0.7135168949999999,1.025638405
Centered,128,74,log_sigma_sq,1.000445,1.00374,True,-1.3261956380207025,-2.2273643,-1.359969,-0.3576054385000002
Centered,128,74,theta[1],1.000445,1.00374,True,0.7233042747899999,0.4206824225,0.718500725,1.0437649399999995
Centered,128,75,log_sigma_sq,1.000805,1.0029,True,-1.32974884627795,-2.202019155,-1.3724617,-0.3358658355000012
Centered,128,75,theta[1],1.000805,1.0029,True,0.717290124615,0.4231564175,0.7140748,1.02106894
Centered,128,76,log_sigma_sq,1.002205,1.00378,True,-1.32345544496335,-2.231872415,-1.3576573500000002,-0.3466739480000011
Centered,128,76,theta[1],1.002205,1.00378,True,0.7206442006249999,0.4266455875,0.716014775,1.021031305
Centered,128,77,log_sigma_sq,1.00092,1.00224,True,-1.3200760747562,-2.194425655,-1.3527963,-0.34064642650000104
Centered,128,77,theta[1],1.00092,1.00224,True,0.7224298736625001,0.4276100425,0.720035955,1.0312460249999997
Centered,128,78,log_sigma_sq,1.00082,1.00336,True,-1.3331195840713004,-2.21423229,-1.3529925999999999,-0.36250006700000026
Centered,128,78,theta[1],1.00082,1.00336,True,0.7199159206765,0.421286453,0.71844025,1.03402182
Centered,128,79,log_sigma_sq,1.001055,1.00229,True,-1.3375991219408474,-2.2261260949999997,-1.3509164999999999,-0.406487013
Centered,128,79,theta[1],1.001055,1.00229,True,0.7204822050824999,0.428961116,0.7119330100000001,1.0228688399999997
Centered,128,80,log_sigma_sq,1.001265,1.00221,True,-1.336023531763175,-2.25787638,-1.3509475,-0.33640791300000006
Centered,128,80,theta[1],1.001265,1.00221,True,0.716956287815,0.419462383,0.71638007,1.0175332
Centered,128,81,log_sigma_sq,1.00045,1.00182,True,-1.3270912947990048,-2.191055775,-1.3502893,-0.3471363580000005
Centered,128,81,theta[1],1.00045,1.00182,True,0.7208161660275,0.4338034495,0.71820485,1.0261384599999999
Centered,128,82,log_sigma_sq,1.000925,1.00187,True,-1.3241219723561999,-2.22250417,-1.3477473500000001,-0.35496258550000026
Centered,128,82,theta[1],1.000925,1.00187,True,0.71703513319275,0.41314650900000005,0.7132298850000001,1.0286790699999993
Centered,128,83,log_sigma_sq,1.00064,1.00353,True,-1.333769872980175,-2.203647105,-1.3710767499999998,-0.37861405600000053
Centered,128,83,theta[1],1.00064,1.00353,True,0.721156104875,0.4258154695,0.718463845,1.02654963
Centered,128,84,log_sigma_sq,1.001025,1.00353,True,-1.3251758194141499,-2.21489129,-1.34924975,-0.35268174350000037
Centered,128,84,theta[1],1.001025,1.00353,True,0.716879328613,0.4184978445,0.71433556,1.015720075
Centered,128,85,log_sigma_sq,1.00132,1.00452,True,-1.32075698934175,-2.215512745,-1.33948055,-0.3509200640000002
Centered,128,85,theta[1],1.00132,1.00452,True,0.724442763894,0.4128363195,0.72214197,1.039432575
Centered,128,86,log_sigma_sq,1.001215,1.00306,True,-1.336348389990625,-2.2375686349999997,-1.36346935,-0.3500568960000001
Centered,128,86,theta[1],1.001215,1.00306,True,0.72021693684925,0.4096691785,0.7188949849999999,1.029586875
Centered,128,87,log_sigma_sq,1.0015,1.00349,True,-1.3234952909530702,-2.2224218949999996,-1.35134705,-0.3439373685000004
Centered,128,87,theta[1],1.0015,1.00349,True,0.7262148108280001,0.4297978175,0.724949265,1.03392918
Centered,128,88,log_sigma_sq,1.000975,1.00364,True,-1.322056585652925,-2.228857185,-1.3461165,-0.33715741950000006
Centered,128,88,theta[1],1.000975,1.00364,True,0.720890765693,0.4257867925,0.7195524600000001,1.0243126399999996
Centered,128,89,log_sigma_sq,1.00088,1.00485,True,-1.338113486766375,-2.25087856,-1.3528183500000002,-0.3764032000000012
Centered,128,89,theta[1],1.00088,1.00485,True,0.7199916537300001,0.41748651999999997,0.715285455,1.0400568849999998
Centered,128,90,log_sigma_sq,1.0005899999999999,1.00555,True,-1.3206749711166248,-2.2036771099999997,-1.34267585,-0.35327646000000007
Centered,128,90,theta[1],1.0005899999999999,1.00555,True,0.71703579156825,0.4220324905,0.71673728,1.01662163
Centered,128,91,log_sigma_sq,1.00088,1.00304,True,-1.3437649090803252,-2.240164035,-1.3681781000000002,-0.3525893020000005
Centered,128,91,theta[1],1.00088,1.00304,True,0.72142556382625,0.43287552549999997,0.717588585,1.0240788649999997
Centered,128,92,log_sigma_sq,1.00103,1.00572,True,-1.3345208130644,-2.20572334,-1.3560449,-0.3850700695000009
Centered,128,92,theta[1],1.00103,1.00572,True,0.71917119338,0.430433438,0.713221295,1.026985965
Centered,128,93,log_sigma_sq,1.00053,1.00189,True,-1.333644720023525,-2.249009965,-1.3555530500000001,-0.32657891150000024
Centered,128,93,theta[1],1.00053,1.00189,True,0.72077112685975,0.4297649055,0.71715478,1.034247865
Centered,128,94,log_sigma_sq,1.001115,1.00391,True,-1.3154889481003251,-2.235201155,-1.33252725,-0.3467276670000002
Centered,128,94,theta[1],1.001115,1.00391,True,0.7187568281975,0.4217097695,0.71620966,1.0216285599999997
Centered,128,95,log_sigma_sq,1.00088,1.00237,True,-1.31913135386262,-2.2111016549999998,-1.34891535,-0.3342022005000007
Centered,128,95,theta[1],1.00088,1.00237,True,0.720839633746315,0.42945626800000003,0.719124995,1.0168648949999997
Centered,128,96,log_sigma_sq,1.00107,1.00316,True,-1.3131705341523898,-2.2310169099999997,-1.3383967499999998,-0.3336426940000013
Centered,128,96,theta[1],1.00107,1.00316,True,0.7228780581575,0.414790324,0.720953065,1.0309670149999999
Centered,128,97,log_sigma_sq,1.00069,1.00226,True,-1.317455538254575,-2.1977506900000003,-1.3290311,-0.3743685130000002
Centered,128,97,theta[1],1.00069,1.00226,True,0.7245365424849999,0.4346576535,0.721328085,1.021145625
Centered,128,98,log_sigma_sq,1.000815,1.00384,True,-1.3361480123616576,-2.2213431850000003,-1.3643908,-0.32031571600000086
Centered,128,98,theta[1],1.000815,1.00384,True,0.71695054897,0.413941335,0.7131893,1.0254301999999997
Centered,128,99,log_sigma_sq,1.00097,1.00198,True,-1.321070131401525,-2.2281378800000002,-1.34464225,-0.3276560920000023
Centered,128,99,theta[1],1.00097,1.00198,True,0.7217181272509999,0.436849215,0.71596405,1.0218190299999996
Centered,128,100,log_sigma_sq,1.000955,1.00253,True,-1.328259209695575,-2.22480108,-1.3438447,-0.3977661990000004
Centered,128,100,theta[1],1.000955,1.00253,True,0.72073211682925,0.4320862205,0.71655453,1.0289994550000001
Centered,256,1,log_sigma_sq,1.000835,1.00244,True,-0.9161880010137975,-1.7010499700000001,-0.95792051,-0.0050944106750005665
Centered,256,1,theta[1],1.000835,1.00244,True,1.0237915822725,0.796994324,1.0215161,1.2553028349999995
Centered,256,2,log_sigma_sq,1.0017,1.00402,True,-0.9241145765812674,-1.6961965600000002,-0.95869158,-0.045042741500001156
Centered,256,2,theta[1],1.0017,1.00402,True,1.0240082520199998,0.8063762405,1.02303255,1.2486050199999998
Centered,256,3,log_sigma_sq,1.00083,1.00205,True,-0.916228361360073,-1.7386503850000001,-0.944531385,-0.0025435199050002906
Centered,256,3,theta[1],1.00083,1.00205,True,1.022465719985,0.782773965,1.0188958000000001,1.260561825
Centered,256,4,log_sigma_sq,1.000655,1.00273,True,-0.9185001055148999,-1.717429665,-0.9609758150000001,-0.015620100600000379
Centered,256,4,theta[1],1.000655,1.00273,True,1.0228594827125,0.7919772064999999,1.0220231,1.2562339500000002
Centered,256,5,log_sigma_sq,1.0015,1.00356,True,-0.9201983697340648,-1.72763932,-0.956371035,0.007489003744999688
Centered,256,5,theta[1],1.0015,1.00356,True,1.0243125224075003,0.801006558,1.0204509499999999,1.259776695
Centered,256,6,log_sigma_sq,1.0010050000000001,1.00236,True,-0.917421367031625,-1.71766739,-0.948757985,-0.015043915400000139
Centered,256,6,theta[1],1.0010050000000001,1.00236,True,1.0235130323000001,0.793774207,1.0217025,1.260389735
Centered,256,7,log_sigma_sq,1.0008,1.00302,True,-0.9042780060224825,-1.7055868250000001,-0.932049435,0.01744532019999943
Centered,256,7,theta[1],1.0008,1.00302,True,1.0219879745725,0.8015787835,1.0219369,1.2462731099999997
Centered,256,8,log_sigma_sq,1.00074,1.0015,True,-0.9101196367006,-1.7180157999999999,-0.9461888300000001,0.023748017249999136
Centered,256,8,theta[1],1.00074,1.0015,True,1.0264551784725,0.8006899075,1.0253453000000001,1.2578842799999999
Centered,256,9,log_sigma_sq,1.001105,1.0041,True,-0.9117125206492875,-1.71330123,-0.947699195,-0.0004896740680003778
Centered,256,9,theta[1],1.001105,1.0041,True,1.0239209903825,0.8051718165,1.0225243000000002,1.2529255449999999
Centered,256,10,log_sigma_sq,1.00068,1.00338,True,-0.9031227044490434,-1.71243946,-0.927563535,0.006836142439999768
Centered,256,10,theta[1],1.00068,1.00338,True,1.0248059942075,0.801271355,1.02218775,1.255406505
Centered,256,11,log_sigma_sq,1.000525,1.00324,True,-0.9115481077230749,-1.7159408950000001,-0.952374185,0.016324718199999925
Centered,256,11,theta[1],1.000525,1.00324,True,1.0244980343075,0.789166884,1.0248291,1.2558188499999998
Centered,256,12,log_sigma_sq,1.001115,1.00543,True,-0.9226263198178,-1.6985449449999999,-0.96172451,-0.023250691650000332
Centered,256,12,theta[1],1.001115,1.00543,True,1.0227532317325,0.7921108335,1.0186552,1.251024315
Centered,256,13,log_sigma_sq,1.001255,1.00216,True,-0.9073742613117876,-1.6899847399999999,-0.939084115,-0.01810092920000042
Centered,256,13,theta[1],1.001255,1.00216,True,1.026648549345,0.799926951,1.02296615,1.2647898699999998
Centered,256,14,log_sigma_sq,1.001405,1.00346,True,-0.9249633025939977,-1.725453035,-0.956305755,-0.038795137500000056
Centered,256,14,theta[1],1.001405,1.00346,True,1.0249398379249999,0.7999719605,1.02418055,1.256642135
Centered,256,15,log_sigma_sq,1.00142,1.00263,True,-0.9117229148753174,-1.7167412050000002,-0.94694676,0.006667877549999584
Centered,256,15,theta[1],1.00142,1.00263,True,1.02095398789,0.80108737,1.0199961499999999,1.247714985
Centered,256,16,log_sigma_sq,1.001125,1.00498,True,-0.91585185504878,-1.73327671,-0.94266788,-0.012282208545001443
Centered,256,16,theta[1],1.001125,1.00498,True,1.0244942512725,0.7947707390000001,1.0240311,1.2553531
Centered,256,17,log_sigma_sq,1.0011899999999998,1.00213,True,-0.920229219825425,-1.7252965649999998,-0.9596734250000001,0.0007654408769999835
Centered,256,17,theta[1],1.0011899999999998,1.00213,True,1.022414207545,0.7955965185,1.0202598,1.2514107399999999
Centered,256,18,log_sigma_sq,1.0018099999999999,1.00282,True,-0.918565228033,-1.697050545,-0.95327432,-0.006692027810001053
Centered,256,18,theta[1],1.0018099999999999,1.00282,True,1.0276640033,0.8002443915,1.0260713,1.257793645
Centered,256,19,log_sigma_sq,1.000855,1.00386,True,-0.90137769234695,-1.71220176,-0.9442334299999999,0.028108114399999648
Centered,256,19,theta[1],1.000855,1.00386,True,1.02318210489,0.787748064,1.0214465,1.26479688
Centered,256,20,log_sigma_sq,1.000062,1.00156,True,-0.894061513152325,-1.710454815,-0.93234445,0.047933169749999886
Centered,256,20,theta[1],1.000062,1.00156,True,1.02696406928,0.798358547,1.0248347,1.2625396899999999
Centered,256,21,log_sigma_sq,1.0004650000000002,1.00361,True,-0.9186289268156325,-1.692685645,-0.9513088949999999,-0.009467950660000701
Centered,256,21,theta[1],1.0004650000000002,1.00361,True,1.02426564504,0.796874468,1.0192464,1.2646949949999997
Centered,256,22,log_sigma_sq,1.001195,1.00496,True,-0.9138511263822775,-1.70821982,-0.940459895,-0.03710145640000013
Centered,256,22,theta[1],1.001195,1.00496,True,1.024596013315,0.802200261,1.02407525,1.260436865
Centered,256,23,log_sigma_sq,1.000325,1.00182,True,-0.914611988567115,-1.701801835,-0.94316944,-0.033605428550000024
Centered,256,23,theta[1],1.000325,1.00182,True,1.023560645425,0.8025596005,1.0231756,1.248908565
Centered,256,24,log_sigma_sq,1.00176,1.0028,True,-0.92063282134275,-1.7192021,-0.9409758349999999,-0.011604358805001385
Centered,256,24,theta[1],1.00176,1.0028,True,1.0256602365575,0.7956188105,1.0226476,1.261278525
Centered,256,25,log_sigma_sq,1.000535,1.0026,True,-0.9190314619095424,-1.691360755,-0.947597045,-0.056809016400000155
Centered,256,25,theta[1],1.000535,1.0026,True,1.0252000195699997,0.7897325665,1.0242877,1.263995655
Centered,256,26,log_sigma_sq,1.0013800000000002,1.00389,True,-0.9241770532393175,-1.70437017,-0.950512735,-0.04996350020000093
Centered,256,26,theta[1],1.0013800000000002,1.00389,True,1.02343085769,0.7943479290000001,1.02264395,1.25481723
Centered,256,27,log_sigma_sq,1.00163,1.00479,True,-0.9131075696720554,-1.6924349650000001,-0.94815038,-0.037992799800000164
Centered,256,27,theta[1],1.00163,1.00479,True,1.0241742525925002,0.792051078,1.0224736,1.25472476
Centered,256,28,log_sigma_sq,1.000805,1.00712,True,-0.9147474137233872,-1.73569286,-0.94526881,-0.015954205450000137
Centered,256,28,theta[1],1.000805,1.00712,True,1.0257497474350001,0.795964119,1.0247069500000001,1.256818015
Centered,256,29,log_sigma_sq,1.000955,1.00333,True,-0.9074486313846808,-1.7000708249999998,-0.940958295,-0.017342172600000712
Centered,256,29,theta[1],1.000955,1.00333,True,1.02430504083,0.795923355,1.01974155,1.2520561099999998
Centered,256,30,log_sigma_sq,1.00107,1.00319,True,-0.9093744927984149,-1.694831515,-0.94217408,0.002276090914999673
Centered,256,30,theta[1],1.00107,1.00319,True,1.0262902644199998,0.7970631045000001,1.0220394499999998,1.2565740699999997
Centered,256,31,log_sigma_sq,1.000655,1.00199,True,-0.908373060529855,-1.696758035,-0.946820665,0.04077140889999999
Centered,256,31,theta[1],1.000655,1.00199,True,1.0195445591374999,0.79335643,1.01780325,1.257029285
Centered,256,32,log_sigma_sq,1.0009899999999998,1.00223,True,-0.9139119946246573,-1.713723035,-0.9476947250000001,0.015706795049999635
Centered,256,32,theta[1],1.0009899999999998,1.00223,True,1.0260963870725,0.8021432854999999,1.02360905,1.2561302899999998
Centered,256,33,log_sigma_sq,1.001115,1.00343,True,-0.9080654874988751,-1.71147511,-0.944271125,0.012558699449999587
Centered,256,33,theta[1],1.001115,1.00343,True,1.022735702125,0.7912011565,1.0210276999999999,1.2602790799999999
Centered,256,34,log_sigma_sq,1.00048,1.00422,True,-0.910930869032925,-1.7273619,-0.94381033,-0.002939079125000474
Centered,256,34,theta[1],1.00048,1.00422,True,1.0244445984725,0.794466136,1.0207074999999999,1.2623899499999998
Centered,256,35,log_sigma_sq,1.00123,1.00269,True,-0.9232041584638,-1.6910396699999999,-0.95652651,-0.05682902995000091
Centered,256,35,theta[1],1.00123,1.00269,True,1.0249193023075,0.7924501735,1.0238493,1.25943024
Centered,256,36,log_sigma_sq,1.000975,1.00284,True,-0.8983909379542425,-1.6999777649999999,-0.926941365,0.01199959294999901
Centered,256,36,theta[1],1.000975,1.00284,True,1.022968975155,0.7968770030000001,1.0202692500000001,1.257245295
Centered,256,37,log_sigma_sq,1.0008050000000002,1.00279,True,-0.9183057080823774,-1.724237885,-0.952112925,-0.022844333600000148
Centered,256,37,theta[1],1.0008050000000002,1.00279,True,1.0241510868350001,0.8023567775,1.02231745,1.2511522549999998
Centered,256,38,log_sigma_sq,1.000455,1.00208,True,-0.9218649186451,-1.736333095,-0.9616222649999999,-0.030908075600000744
Centered,256,38,theta[1],1.000455,1.00208,True,1.0232552310824998,0.7838189059999999,1.0205096,1.261225775
Centered,256,39,log_sigma_sq,1.0009649999999999,1.00283,True,-0.9069496584292049,-1.690854645,-0.94855595,0.01938360694999989
Centered,256,39,theta[1],1.0009649999999999,1.00283,True,1.0253672197099999,0.792725436,1.0226142999999999,1.261872055
Centered,256,40,log_sigma_sq,1.0011,1.00702,True,-0.912402166164395,-1.72185152,-0.956251725,0.02165343649999989
Centered,256,40,theta[1],1.0011,1.00702,True,1.024839367285,0.8006324605,1.02320915,1.258172265
Centered,256,41,log_sigma_sq,1.001535,1.00369,True,-0.931325705299555,-1.70455206,-0.96249958,-0.05270854395000095
Centered,256,41,theta[1],1.001535,1.00369,True,1.0232284719374998,0.79466103,1.0194173,1.268056495
Centered,256,42,log_sigma_sq,1.001605,1.00377,True,-0.91587477043021,-1.70371005,-0.95573523,-0.008729114105000338
Centered,256,42,theta[1],1.001605,1.00377,True,1.0236332856224999,0.8047778000000001,1.02222345,1.2536363799999999
Centered,256,43,log_sigma_sq,1.00037,1.00202,True,-0.91028048772798,-1.7256741599999998,-0.94980992,0.023374432849999186
Centered,256,43,theta[1],1.00037,1.00202,True,1.0217402387424999,0.7911608985,1.0221859000000002,1.2619164799999998
Centered,256,44,log_sigma_sq,1.0015,1.00307,True,-0.91550474257312,-1.70030853,-0.9533756849999999,-0.03621225990000033
Centered,256,44,theta[1],1.0015,1.00307,True,1.024609979975,0.797515741,1.02259235,1.2604484999999996
Centered,256,45,log_sigma_sq,1.00097,1.00272,True,-0.9255268240405876,-1.716988485,-0.958308975,-0.0008300129560001462
Centered,256,45,theta[1],1.00097,1.00272,True,1.02352997866,0.8017232285,1.0226904499999998,1.241916275
Centered,256,46,log_sigma_sq,1.00069,1.00489,True,-0.9055451027790751,-1.7178686,-0.9420000500000001,-0.006126839405000214
Centered,256,46,theta[1],1.00069,1.00489,True,1.028165848045,0.7995624435,1.02562685,1.2587316149999999
Centered,256,47,log_sigma_sq,1.00135,1.0036,True,-0.918616766675775,-1.688887655,-0.961827035,-0.03126819110000093
Centered,256,47,theta[1],1.00135,1.0036,True,1.025912343285,0.8095258790000001,1.0227172,1.25343421
Centered,256,48,log_sigma_sq,1.000905,1.00489,True,-0.9119516031469825,-1.70803389,-0.949468665,-0.005642387635000778
Centered,256,48,theta[1],1.000905,1.00489,True,1.02636760629,0.799204381,1.0228046499999999,1.260104725
Centered,256,49,log_sigma_sq,1.001465,1.00477,True,-0.9089499844299,-1.702742065,-0.9409471899999999,0.002783115369999667
Centered,256,49,theta[1],1.001465,1.00477,True,1.0246848477925001,0.7959288515,1.0240542499999998,1.2592898
Centered,256,50,log_sigma_sq,1.0010750000000002,1.00189,True,-0.918580691359635,-1.71826912,-0.952491155,-0.012028231500000297
Centered,256,50,theta[1],1.0010750000000002,1.00189,True,1.0218856998249999,0.7863741565,1.01979065,1.26293103
Centered,256,51,log_sigma_sq,1.0006,1.0024,True,-0.9182071702485499,-1.711540425,-0.947832305,0.007606895949999882
Centered,256,51,theta[1],1.0006,1.0024,True,1.0250247621125,0.798041015,1.0243735,1.2582977199999996
Centered,256,52,log_sigma_sq,1.001105,1.00428,True,-0.9224794508299151,-1.729756845,-0.96486106,0.03159718804999997
Centered,256,52,theta[1],1.001105,1.00428,True,1.0224450930325,0.7961640605,1.0203115,1.25431759
Centered,256,53,log_sigma_sq,1.0017399999999999,1.00484,True,-0.9111059323487826,-1.70693661,-0.95151873,0.00862336290499921
Centered,256,53,theta[1],1.0017399999999999,1.00484,True,1.021824332445,0.794954888,1.017309,1.263383145
Centered,256,54,log_sigma_sq,1.000835,1.00344,True,-0.912530349837215,-1.71402083,-0.9456195350000001,0.024141596299999058
Centered,256,54,theta[1],1.000835,1.00344,True,1.02570410752,0.7961833595,1.0257687,1.2559770899999998
Centered,256,55,log_sigma_sq,1.0014750000000001,1.00422,True,-0.8996832612473249,-1.723728785,-0.93563143,0.022517137649999852
Centered,256,55,theta[1],1.0014750000000001,1.00422,True,1.0260357778575,0.811983814,1.0214463,1.2480242049999999
Centered,256,56,log_sigma_sq,1.001105,1.00276,True,-0.907941193755455,-1.74278987,-0.93732008,-0.00019253103050030298
Centered,256,56,theta[1],1.001105,1.00276,True,1.023944028395,0.7970856845,1.0216607,1.2502863449999997
Centered,256,57,log_sigma_sq,1.00049,1.00225,True,-0.9273519976657775,-1.73743185,-0.959876125,-0.02468282305000024
Centered,256,57,theta[1],1.00049,1.00225,True,1.02352122969,0.7930699025000001,1.02199105,1.2576499749999999
Centered,256,58,log_sigma_sq,1.001605,1.00312,True,-0.9192389950464651,-1.724484675,-0.949020405,0.013176327649999526
Centered,256,58,theta[1],1.001605,1.00312,True,1.0240844188125002,0.790986185,1.0212407,1.2560181049999997
Centered,256,59,log_sigma_sq,1.0013299999999998,1.00309,True,-0.9122638517816899,-1.702116145,-0.953203095,-0.009180746605000085
Centered,256,59,theta[1],1.0013299999999998,1.00309,True,1.0254172863699997,0.804776363,1.0244933,1.2510873949999999
Centered,256,60,log_sigma_sq,1.001195,1.00257,True,-0.9172561845487325,-1.684337995,-0.947822315,-0.032335541700000636
Centered,256,60,theta[1],1.001195,1.00257,True,1.0255023726625,0.7933379155,1.02360615,1.26494146
Centered,256,61,log_sigma_sq,1.001625,1.00315,True,-0.9092752422145249,-1.71455681,-0.9447933049999999,0.01999539489999993
Centered,256,61,theta[1],1.001625,1.00315,True,1.024116104855,0.800210369,1.02291745,1.24823329
Centered,256,62,log_sigma_sq,1.00042,1.00221,True,-0.9066554812494151,-1.714734725,-0.9384755899999999,-0.0061358472750000686
Centered,256,62,theta[1],1.00042,1.00221,True,1.022549623305,0.795053546,1.0199668000000002,1.261528305
Centered,256,63,log_sigma_sq,1.00095,1.00267,True,-0.9124409952768201,-1.7086482200000002,-0.939437585,-0.02088905810000011
Centered,256,63,theta[1],1.00095,1.00267,True,1.0237665224124999,0.7870756665,1.022499,1.258110455
Centered,256,64,log_sigma_sq,1.000575,1.00186,True,-0.91784597451344,-1.73574095,-0.94167765,0.003800006709999661
Centered,256,64,theta[1],1.000575,1.00186,True,1.022653363215,0.7947199975,1.0205018,1.2576773
Centered,256,65,log_sigma_sq,1.0005600000000001,1.00173,True,-0.9145877828187188,-1.698237915,-0.94536221,-0.017430762750000443
Centered,256,65,theta[1],1.0005600000000001,1.00173,True,1.0258908840849998,0.8023910845000001,1.0260061,1.25164498
Centered,256,66,log_sigma_sq,1.00089,1.00464,True,-0.9151717211100975,-1.703389225,-0.9517894250000001,-0.013450793450000182
Centered,256,66,theta[1],1.00089,1.00464,True,1.0213607174300001,0.7895405805,1.02165545,1.2529771149999998
Centered,256,67,log_sigma_sq,1.001455,1.00449,True,-0.9127646893633221,-1.6891937,-0.946613115,-0.05160498380000058
Centered,256,67,theta[1],1.001455,1.00449,True,1.0257771365,0.8010883685,1.0254596999999999,1.25887909
Centered,256,68,log_sigma_sq,1.000825,1.00149,True,-0.9133166269170749,-1.7294128549999999,-0.93816897,-0.009399197205001
Centered,256,68,theta[1],1.000825,1.00149,True,1.0255603941825,0.797931903,1.0227764,1.2608804
Centered,256,69,log_sigma_sq,1.0003199999999999,1.00245,True,-0.9147370825241501,-1.72477549,-0.9529344500000001,0.021843742199999135
Centered,256,69,theta[1],1.0003199999999999,1.00245,True,1.0250092197275,0.799616909,1.0213997,1.26135208
Centered,256,70,log_sigma_sq,1.0007549999999998,1.00362,True,-0.9130205448348749,-1.69362434,-0.935218705,-0.010433529800000044
Centered,256,70,theta[1],1.0007549999999998,1.00362,True,1.0245002709350002,0.796601423,1.0237514,1.2522010949999998
Centered,256,71,log_sigma_sq,1.0006599999999999,1.0031,True,-0.9144558910050925,-1.734107455,-0.948135275,0.008837118664999958
Centered,256,71,theta[1],1.0006599999999999,1.0031,True,1.0235347786950002,0.7953136064999999,1.0233599999999998,1.25574236
Centered,256,72,log_sigma_sq,1.0007700000000002,1.00352,True,-0.9153879414852125,-1.7064696199999998,-0.9519823350000001,-0.027503834900000444
Centered,256,72,theta[1],1.0007700000000002,1.00352,True,1.0216159445525,0.798500905,1.02002225,1.2524349299999997
Centered,256,73,log_sigma_sq,1.000455,1.0022,True,-0.9181483679668999,-1.702136015,-0.961304435,0.01636149279999984
Centered,256,73,theta[1],1.000455,1.0022,True,1.0224443220450001,0.784507411,1.02251145,1.2664634
Centered,256,74,log_sigma_sq,1.0008050000000002,1.00348,True,-0.9140255298803049,-1.70946373,-0.945083565,0.014953020349999263
Centered,256,74,theta[1],1.0008050000000002,1.00348,True,1.0242346573149999,0.790904851,1.02253925,1.2650423100000001
Centered,256,75,log_sigma_sq,1.00122,1.00236,True,-0.9067686183639826,-1.73324236,-0.93531388,0.006337980249999795
Centered,256,75,theta[1],1.00122,1.00236,True,1.0249573103099998,0.7922004755,1.0234558,1.26001386
Centered,256,76,log_sigma_sq,1.0013200000000002,1.0029,True,-0.9076201814844125,-1.672970345,-0.9502053100000001,-0.020766021950000144
Centered,256,76,theta[1],1.0013200000000002,1.0029,True,1.0239759495675,0.794721484,1.0213412,1.2594125849999998
Centered,256,77,log_sigma_sq,1.000915,1.0024,True,-0.909365668595563,-1.708250275,-0.94514246,0.006988471644999972
Centered,256,77,theta[1],1.000915,1.0024,True,1.0230199284675,0.7918777800000001,1.0222817499999999,1.262173595
Centered,256,78,log_sigma_sq,1.001045,1.00254,True,-0.9173450327672924,-1.71991045,-0.953054525,0.007855082894999463
Centered,256,78,theta[1],1.001045,1.00254,True,1.022820793355,0.7959809115,1.0203372,1.2521726899999996
Centered,256,79,log_sigma_sq,1.00125,1.00371,True,-0.9170440983661801,-1.7075408699999999,-0.952121585,0.00628632476999897
Centered,256,79,theta[1],1.00125,1.00371,True,1.0237909528775,0.791010567,1.02093445,1.266653635
Centered,256,80,log_sigma_sq,1.001115,1.00251,True,-0.910191857985435,-1.714522185,-0.9490193899999999,0.011703993749999645
Centered,256,80,theta[1],1.001115,1.00251,True,1.022839173185,0.7891850655,1.02045715,1.25991386
Centered,256,81,log_sigma_sq,1.001495,1.00271,True,-0.9216938317023275,-1.69959131,-0.9493044500000001,-0.01720219610000034
Centered,256,81,theta[1],1.001495,1.00271,True,1.02326333742,0.8016131165,1.0227644,1.24653774
Centered,256,82,log_sigma_sq,1.001225,1.00305,True,-0.9162315826275998,-1.6973155549999999,-0.95346646,-0.019832987650000446
Centered,256,82,theta[1],1.001225,1.00305,True,1.0238369378575,0.790518541,1.02250105,1.25956499
Centered,256,83,log_sigma_sq,1.001295,1.00279,True,-0.920963830891532,-1.71192197,-0.9531812049999999,-0.03294090225000001
Centered,256,83,theta[1],1.001295,1.00279,True,1.0219305120025,0.8011906765,1.0220250000000002,1.2532517149999998
Centered,256,84,log_sigma_sq,1.0012699999999999,1.00281,True,-0.90937828177991,-1.734161415,-0.940288225,0.024992158449999365
Centered,256,84,theta[1],1.0012699999999999,1.00281,True,1.02350177357,0.791879016,1.0227916,1.2636946
Centered,256,85,log_sigma_sq,1.0013450000000002,1.003,True,-0.9157251089092177,-1.67995294,-0.952857045,-0.004355738290000219
Centered,256,85,theta[1],1.0013450000000002,1.003,True,1.0247185734075,0.7937035035000001,1.0217844,1.265799745
Centered,256,86,log_sigma_sq,1.001495,1.00222,True,-0.9078152991444083,-1.70184326,-0.94028607,0.0036826359149989673
Centered,256,86,theta[1],1.001495,1.00222,True,1.0252576109925,0.8052946145000001,1.023075,1.2623095649999998
Centered,256,87,log_sigma_sq,1.00119,1.00265,True,-0.92614995438549,-1.7034424049999999,-0.96136921,-0.026530243000000925
Centered,256,87,theta[1],1.00119,1.00265,True,1.02224443791,0.7940480865,1.01817735,1.262866735
Centered,256,88,log_sigma_sq,1.000745,1.00245,True,-0.90682422766315,-1.71342854,-0.943653115,0.04808811004999962
Centered,256,88,theta[1],1.000745,1.00245,True,1.0245737457175002,0.7993409045,1.0209997,1.2642010899999998
Centered,256,89,log_sigma_sq,1.000455,1.00201,True,-0.9146379334350675,-1.68260531,-0.96332834,0.008460496009999503
Centered,256,89,theta[1],1.000455,1.00201,True,1.0267049781725,0.7955848915,1.02417785,1.25780066
Centered,256,90,log_sigma_sq,1.00048,1.00282,True,-0.918918614780775,-1.717517405,-0.95187278,0.021648236849999693
Centered,256,90,theta[1],1.00048,1.00282,True,1.0222561745375,0.7929717965,1.0199520999999998,1.2506760799999996
Centered,256,91,log_sigma_sq,1.00031,1.00354,True,-0.9025624699778926,-1.7044893799999998,-0.9310128150000001,0.04772180519999966
Centered,256,91,theta[1],1.00031,1.00354,True,1.02224096235,0.793757485,1.0213754499999999,1.25545612
Centered,256,92,log_sigma_sq,1.000915,1.00367,True,-0.9255445603209,-1.710093345,-0.95476828,-0.03011919575000018
Centered,256,92,theta[1],1.000915,1.00367,True,1.0245891817525001,0.7968526395,1.0239039,1.2538300899999997
Centered,256,93,log_sigma_sq,1.0016500000000002,1.00322,True,-0.9106594882721749,-1.66902315,-0.949506675,-0.0045563233300004394
Centered,256,93,theta[1],1.0016500000000002,1.00322,True,1.025525727525,0.7972650885,1.0240653499999999,1.2561281999999996
Centered,256,94,log_sigma_sq,1.0003549999999999,1.00295,True,-0.9280058205292425,-1.74201066,-0.96382139,-0.017553941900000664
Centered,256,94,theta[1],1.0003549999999999,1.00295,True,1.0234858205200001,0.7966329175,1.0207515,1.24886347
Centered,256,95,log_sigma_sq,1.0010249999999998,1.00193,True,-0.9201341253761975,-1.718573895,-0.95252611,0.0011294485699998912
Centered,256,95,theta[1],1.0010249999999998,1.00193,True,1.02376007306,0.793859274,1.02189325,1.25435331
Centered,256,96,log_sigma_sq,1.00129,1.00387,True,-0.9120457456609276,-1.694239275,-0.945900365,0.007444181424999166
Centered,256,96,theta[1],1.00129,1.00387,True,1.0241859342849997,0.7947066045000001,1.02250645,1.261014255
Centered,256,97,log_sigma_sq,1.00096,1.00287,True,-0.9157359278599749,-1.746480465,-0.96244864,0.04661434629999999
Centered,256,97,theta[1],1.00096,1.00287,True,1.02396385669,0.7953404040000001,1.0254715,1.2532034749999998
Centered,256,98,log_sigma_sq,1.000655,1.00287,True,-0.9157443669215249,-1.70981719,-0.948242925,0.005397473084999883
Centered,256,98,theta[1],1.000655,1.00287,True,1.0263018032825,0.7963774015,1.02603975,1.2637731849999996
Centered,256,99,log_sigma_sq,1.000635,1.00176,True,-0.914422134761285,-1.71246193,-0.94202058,-0.013752464050000024
Centered,256,99,theta[1],1.000635,1.00176,True,1.0257256264474999,0.793032618,1.0230697,1.2622425499999999
Centered,256,100,log_sigma_sq,1.0017550000000002,1.00336,True,-0.9150859108638749,-1.7513295850000001,-0.9524802,0.007782849169999566
Centered,256,100,theta[1],1.0017550000000002,1.00336,True,1.025233678945,0.7930573595,1.0242866,1.2658614
Centered,2048,1,log_sigma_sq,1.0009299999999999,1.00287,True,-0.8805746460127776,-1.63621904,-0.921679155,0.004989373454999974
Centered,2048,1,theta[1],1.0009299999999999,1.00287,True,0.9607740552,0.883168628,0.96064577,1.040911885
Centered,2048,2,log_sigma_sq,1.000485,1.00305,True,-0.8786504261139225,-1.612693105,-0.91411497,-0.00944267986000043
Centered,2048,2,theta[1],1.000485,1.00305,True,0.9624297196499999,0.88170954,0.96217254,1.0438148550000002
Centered,2048,3,log_sigma_sq,1.00062,1.0036,True,-0.88130320021981,-1.63288491,-0.918199215,0.010020261569999656
Centered,2048,3,theta[1],1.00062,1.0036,True,0.9615735465825,0.8823127635,0.9619049049999999,1.0442211099999998
Centered,2048,4,log_sigma_sq,1.000695,1.0018,True,-0.86864434524845,-1.63615247,-0.918560705,0.0713784316999997
Centered,2048,4,theta[1],1.000695,1.0018,True,0.96105464931,0.8787386884999999,0.9616292399999999,1.041891725
Centered,2048,5,log_sigma_sq,1.001355,1.00473,True,-0.8758444529694626,-1.643149515,-0.91694867,0.023742133649999796
Centered,2048,5,theta[1],1.001355,1.00473,True,0.96172645468,0.8817521555,0.96117221,1.0441368899999999
Centered,2048,6,log_sigma_sq,1.00067,1.00313,True,-0.88029604888105,-1.6319392149999998,-0.9141987,-0.012240161150000508
Centered,2048,6,theta[1],1.00067,1.00313,True,0.9620279309549999,0.8808241065000001,0.96117155,1.0442433549999999
Centered,2048,7,log_sigma_sq,1.00074,1.00271,True,-0.8803989531849757,-1.6257706049999998,-0.92169235,-0.012715532450000205
Centered,2048,7,theta[1],1.00074,1.00271,True,0.96096729283,0.8788229445,0.960986305,1.04673289
Centered,2048,8,log_sigma_sq,1.0009000000000001,1.00314,True,-0.8803285588404425,-1.6310616199999999,-0.922526305,-0.0021713657200001435
Centered,2048,8,theta[1],1.0009000000000001,1.00314,True,0.9620442453725,0.8808965385,0.9615207450000001,1.04476199
Centered,2048,9,log_sigma_sq,1.000905,1.0021,True,-0.8784831335049476,-1.651693675,-0.91581003,0.018892155349999856
Centered,2048,9,theta[1],1.000905,1.0021,True,0.9622985821550001,0.88471617,0.960926905,1.043848305
Centered,2048,10,log_sigma_sq,1.001295,1.00194,True,-0.880342569693,-1.61958338,-0.916180475,-0.0023074486000002363
Centered,2048,10,theta[1],1.001295,1.00194,True,0.9612879851150001,0.8798162885,0.96037014,1.04687448
Centered,2048,11,log_sigma_sq,1.00089,1.00507,True,-0.87153476915825,-1.61064626,-0.907398445,-0.006066495175000127
Centered,2048,11,theta[1],1.00089,1.00507,True,0.9620178459424998,0.8804747430000001,0.962738455,1.045205895
Centered,2048,12,log_sigma_sq,1.0008,1.00278,True,-0.885547634354945,-1.663028625,-0.930554275,0.021464836899999926
Centered,2048,12,theta[1],1.0008,1.00278,True,0.9623643391349999,0.8810134085,0.9622725050000001,1.04348602
Centered,2048,13,log_sigma_sq,1.001075,1.00317,True,-0.8838604060839426,-1.63317404,-0.91482066,-0.012404911050000002
Centered,2048,13,theta[1],1.001075,1.00317,True,0.9617919532025,0.879238129,0.9623588599999999,1.04544699
Centered,2048,14,log_sigma_sq,1.0005899999999999,1.00235,True,-0.8743178454853525,-1.6275912650000002,-0.9171841700000001,0.026828935799999905
Centered,2048,14,theta[1],1.0005899999999999,1.00235,True,0.9613328386650001,0.8820098749999999,0.9615045950000001,1.04387393
Centered,2048,15,log_sigma_sq,1.0016349999999998,1.00378,True,-0.8939795230553425,-1.659546685,-0.92652968,-0.0241914149000003
Centered,2048,15,theta[1],1.0016349999999998,1.00378,True,0.9635577012700001,0.8810494360000001,0.9632856750000001,1.044582545
Centered,2048,16,log_sigma_sq,1.0003000000000002,1.00191,True,-0.8829175754836275,-1.61949191,-0.925065105,0.006665837339999841
Centered,2048,16,theta[1],1.0003000000000002,1.00191,True,0.96207733301,0.8848564225,0.96219455,1.0397427899999998
Centered,2048,17,log_sigma_sq,1.00096,1.00323,True,-0.878959932387275,-1.6541273449999998,-0.9170435299999999,0.038620985899999856
Centered,2048,17,theta[1],1.00096,1.00323,True,0.9621674401675,0.8790155395,0.962470095,1.046060255
Centered,2048,18,log_sigma_sq,1.00073,1.00447,True,-0.879589935773075,-1.639956265,-0.90890967,0.0030529054049994926
Centered,2048,18,theta[1],1.00073,1.00447,True,0.96099023167,0.8821151195,0.960292335,1.0410534249999999
Centered,2048,19,log_sigma_sq,1.00074,1.00327,True,-0.883994944376045,-1.6017143999999999,-0.916631695,-0.0357010711500009
Centered,2048,19,theta[1],1.00074,1.00327,True,0.96129665889,0.8784965985000001,0.9614679850000001,1.0427087199999998
Centered,2048,20,log_sigma_sq,1.000845,1.00432,True,-0.8838446192023712,-1.614063045,-0.9264243249999999,-0.030568217850001803
Centered,2048,20,theta[1],1.000845,1.00432,True,0.9620173629025001,0.879948353,0.961697995,1.04508714
Centered,2048,21,log_sigma_sq,1.001445,1.00362,True,-0.8697206467490851,-1.6148229049999998,-0.9068949799999999,0.011387577949998989
Centered,2048,21,theta[1],1.001445,1.00362,True,0.96248914566,0.8835526760000001,0.9619454700000001,1.042612335
Centered,2048,22,log_sigma_sq,1.000955,1.00385,True,-0.875344883395205,-1.63416396,-0.9172231449999999,0.03220320979999996
Centered,2048,22,theta[1],1.000955,1.00385,True,0.9617807924825,0.8823518309999999,0.96154069,1.03972238
Centered,2048,23,log_sigma_sq,1.00103,1.00294,True,-0.8675502772974012,-1.6152120300000001,-0.89446385,0.019720400249999978
Centered,2048,23,theta[1],1.00103,1.00294,True,0.9617207402424999,0.8838941245,0.961452245,1.0382048499999998
Centered,2048,24,log_sigma_sq,1.00132,1.00219,True,-0.8771001703976425,-1.6368281999999998,-0.924432585,-0.009645480930000297
Centered,2048,24,theta[1],1.00132,1.00219,True,0.9612955012825001,0.8801927075,0.961328725,1.0411330950000002
Centered,2048,25,log_sigma_sq,1.000955,1.00203,True,-0.876456946831275,-1.609978275,-0.91318551,-0.0260127120000004
Centered,2048,25,theta[1],1.000955,1.00203,True,0.961377689185,0.8811646505,0.961823415,1.0427470049999998
Centered,2048,26,log_sigma_sq,1.0009700000000001,1.00409,True,-0.88332112150725,-1.62704077,-0.917832215,0.01712087509999975
Centered,2048,26,theta[1],1.0009700000000001,1.00409,True,0.9629928629025,0.8815519869999999,0.96310343,1.045901245
Centered,2048,27,log_sigma_sq,1.000735,1.00133,True,-0.8899821743202249,-1.606767025,-0.9194263199999999,-0.013168733150000354
Centered,2048,27,theta[1],1.000735,1.00133,True,0.9617980085225001,0.882138705,0.960932475,1.042127955
Centered,2048,28,log_sigma_sq,1.001335,1.00414,True,-0.8745277097870875,-1.6149633,-0.9200478350000001,0.004876634959999948
Centered,2048,28,theta[1],1.001335,1.00414,True,0.9622854859100001,0.8825170125,0.962895415,1.043356435
Centered,2048,29,log_sigma_sq,1.000455,1.00338,True,-0.8845660099735251,-1.61768983,-0.9210725550000001,-0.022857017350000054
Centered,2048,29,theta[1],1.000455,1.00338,True,0.9611157331625,0.8809387975,0.9615725749999999,1.040308605
Centered,2048,30,log_sigma_sq,1.00113,1.00281,True,-0.8749707529509437,-1.615362205,-0.9137934400000001,0.003271613744999167
Centered,2048,30,theta[1],1.00113,1.00281,True,0.9620162212225,0.8810404685000001,0.9621010050000001,1.0423225649999999
Centered,2048,31,log_sigma_sq,1.0014699999999999,1.00269,True,-0.8811383762047099,-1.63270957,-0.9129084599999999,-0.014640942100000092
Centered,2048,31,theta[1],1.0014699999999999,1.00269,True,0.9618887268475,0.880067126,0.962187745,1.0432857
Centered,2048,32,log_sigma_sq,1.00134,1.00376,True,-0.8924860109943524,-1.638096725,-0.930850345,-0.0462034517500003
Centered,2048,32,theta[1],1.00134,1.00376,True,0.96215507004,0.8793631145,0.96124869,1.0485670349999998
Centered,2048,33,log_sigma_sq,1.0007899999999998,1.0043,True,-0.8700955402214525,-1.649956945,-0.90943642,0.03424783374999987
Centered,2048,33,theta[1],1.0007899999999998,1.0043,True,0.961369547425,0.8803982905000001,0.960594615,1.0435022699999998
Centered,2048,34,log_sigma_sq,1.001195,1.00312,True,-0.8766481867537125,-1.613694895,-0.91587446,0.024299479949999987
Centered,2048,34,theta[1],1.001195,1.00312,True,0.96184482072,0.880431944,0.962368485,1.0442808449999998
Centered,2048,35,log_sigma_sq,1.00026,1.0045,True,-0.8846353530321501,-1.622767925,-0.919840505,-0.0250771222000001
Centered,2048,35,theta[1],1.00026,1.0045,True,0.9608363642100001,0.877921481,0.96183411,1.040281385
Centered,2048,36,log_sigma_sq,1.00076,1.00609,True,-0.8822675477323849,-1.629328315,-0.919045385,0.03045576114999928
Centered,2048,36,theta[1],1.00076,1.00609,True,0.96147200505,0.8806590105000001,0.961502825,1.040637525
Centered,2048,37,log_sigma_sq,1.00129,1.00417,True,-0.8782791208736076,-1.638306475,-0.9145555400000001,0.014251155299999983
Centered,2048,37,theta[1],1.00129,1.00417,True,0.9613232468474999,0.8777589474999999,0.96114548,1.04574259
Centered,2048,38,log_sigma_sq,1.00089,1.00309,True,-0.8874576358167275,-1.619155235,-0.9194517550000001,-0.017800618300001125
Centered,2048,38,theta[1],1.00089,1.00309,True,0.9620817805724999,0.8798515335,0.960957265,1.046425215
Centered,2048,39,log_sigma_sq,1.00087,1.00257,True,-0.884064926077415,-1.6092612849999999,-0.9282752249999999,-0.016212483650000283
Centered,2048,39,theta[1],1.00087,1.00257,True,0.9620538783375,0.8806378465,0.96242966,1.04582743
Centered,2048,40,log_sigma_sq,1.001595,1.00442,True,-0.8702460130511575,-1.65039168,-0.90296221,0.018865801649999944
Centered,2048,40,theta[1],1.001595,1.00442,True,0.961064529375,0.87989358,0.960830565,1.043536745
Centered,2048,41,log_sigma_sq,1.00068,1.00456,True,-0.88248359574266,-1.631169485,-0.91902272,0.01953466574999981
Centered,2048,41,theta[1],1.00068,1.00456,True,0.961562298465,0.8801800715,0.9611501650000001,1.04384408
Centered,2048,42,log_sigma_sq,1.0005899999999999,1.00215,True,-0.8903872380411325,-1.6148810299999998,-0.9387682850000001,-0.0075150975950005645
Centered,2048,42,theta[1],1.0005899999999999,1.00215,True,0.961861395505,0.8778905685,0.96065471,1.04651536
Centered,2048,43,log_sigma_sq,1.00125,1.00397,True,-0.8735371596709924,-1.64454131,-0.915833295,0.036563079499999804
Centered,2048,43,theta[1],1.00125,1.00397,True,0.961002012955,0.8811434225,0.96092805,1.0421458149999998
Centered,2048,44,log_sigma_sq,1.000835,1.00413,True,-0.8791180506169426,-1.635996755,-0.920009485,0.0050975334799999
Centered,2048,44,theta[1],1.000835,1.00413,True,0.9620174376575,0.882563783,0.961357015,1.04523389
Centered,2048,45,log_sigma_sq,1.0009100000000002,1.00149,True,-0.8813021808862075,-1.614761225,-0.916184645,-0.012530365000000392
Centered,2048,45,theta[1],1.0009100000000002,1.00149,True,0.96305230544,0.8810902995000001,0.9630021,1.04632281
Centered,2048,46,log_sigma_sq,1.001055,1.00215,True,-0.8696303807644499,-1.62391146,-0.896832685,0.018937208349999655
Centered,2048,46,theta[1],1.001055,1.00215,True,0.96193739341,0.8818784845000001,0.961693505,1.043030435
Centered,2048,47,log_sigma_sq,1.0016699999999998,1.00612,True,-0.8829024668457476,-1.64717911,-0.9178508000000001,0.01589452164999936
Centered,2048,47,theta[1],1.0016699999999998,1.00612,True,0.9612839712350001,0.878871913,0.9614394749999999,1.0434164700000002
Centered,2048,48,log_sigma_sq,1.00142,1.00369,True,-0.8715128665252,-1.6121739800000001,-0.91669731,0.013255179599999334
Centered,2048,48,theta[1],1.00142,1.00369,True,0.96228992023,0.8831829685,0.962082375,1.0424124149999998
Centered,2048,49,log_sigma_sq,1.00109,1.00479,True,-0.8716367933069074,-1.6019409800000002,-0.906138245,-0.03271599230000063
Centered,2048,49,theta[1],1.00109,1.00479,True,0.9616729657975,0.8801030795,0.961858105,1.04241515
Centered,2048,50,log_sigma_sq,1.00133,1.00257,True,-0.8865662169987449,-1.6301919200000001,-0.9274969399999999,-0.022067410950000307
Centered,2048,50,theta[1],1.00133,1.00257,True,0.9608974363175,0.878015463,0.9599984349999999,1.0438999549999999
Centered,2048,51,log_sigma_sq,1.00049,1.00228,True,-0.8818638434039074,-1.613816315,-0.9141966100000001,-0.044549673250000185
Centered,2048,51,theta[1],1.00049,1.00228,True,0.9623115249,0.884194891,0.96190693,1.044789955
Centered,2048,52,log_sigma_sq,1.001495,1.00296,True,-0.886763490495675,-1.639638705,-0.925379315,-0.01663186830000186
Centered,2048,52,theta[1],1.001495,1.00296,True,0.9612146482749999,0.8838736005000001,0.96147479,1.03937203
Centered,2048,53,log_sigma_sq,1.000705,1.00436,True,-0.88629128126106,-1.63416942,-0.92192952,-0.016820180650000408
Centered,2048,53,theta[1],1.000705,1.00436,True,0.9618751497725,0.8792178694999999,0.96222778,1.0439409350000002
Centered,2048,54,log_sigma_sq,1.00068,1.00218,True,-0.8726712037786,-1.6291320900000001,-0.90980426,0.0032456877349998675
Centered,2048,54,theta[1],1.00068,1.00218,True,0.9612044935474999,0.8802747755,0.9618715,1.040229355
Centered,2048,55,log_sigma_sq,1.000945,1.00401,True,-0.8726560770716175,-1.6191256749999998,-0.912404415,-0.0006300809065005776
Centered,2048,55,theta[1],1.000945,1.00401,True,0.9621816222625,0.881248364,0.9614799949999999,1.0454401100000001
Centered,2048,56,log_sigma_sq,1.00101,1.00226,True,-0.8693130406520949,-1.64968622,-0.9073490200000001,0.02009262989999888
Centered,2048,56,theta[1],1.00101,1.00226,True,0.96220197739,0.8843973485,0.96259789,1.0406255599999998
Centered,2048,57,log_sigma_sq,1.0015450000000001,1.0024,True,-0.8814474418418824,-1.62080026,-0.916769135,0.006710875574999583
Centered,2048,57,theta[1],1.0015450000000001,1.0024,True,0.9626774426449999,0.877534282,0.9626562249999999,1.0497870699999998
Centered,2048,58,log_sigma_sq,1.001285,1.00267,True,-0.883334685824475,-1.61693971,-0.91831481,-0.03252884890000016
Centered,2048,58,theta[1],1.001285,1.00267,True,0.96185155136,0.8820028975,0.9622738049999999,1.042518425
Centered,2048,59,log_sigma_sq,1.0013299999999998,1.00508,True,-0.87738126738825,-1.60977075,-0.92604644,0.020861814149999845
Centered,2048,59,theta[1],1.0013299999999998,1.00508,True,0.9620746116025,0.8803001625,0.9612655299999999,1.042612165
Centered,2048,60,log_sigma_sq,1.00087,1.00412,True,-0.8946058206562825,-1.656959005,-0.9332471099999999,-0.0077571015100000775
Centered,2048,60,theta[1],1.00087,1.00412,True,0.9613615631600001,0.880922784,0.960915235,1.04259638
Centered,2048,61,log_sigma_sq,1.001255,1.00292,True,-0.8829286167843886,-1.6307098949999999,-0.9195829950000001,-0.003640658650000571
Centered,2048,61,theta[1],1.001255,1.00292,True,0.961320535815,0.8801571655,0.9610421650000001,1.0414350350000001
Centered,2048,62,log_sigma_sq,1.0005950000000001,1.00244,True,-0.8785553365804517,-1.635142415,-0.910285655,0.005276334314999744
Centered,2048,62,theta[1],1.0005950000000001,1.00244,True,0.9613352595775,0.877261183,0.961229205,1.042391745
Centered,2048,63,log_sigma_sq,1.00088,1.004,True,-0.8767606039732925,-1.620888405,-0.91128963,-0.042217077500000276
Centered,2048,63,theta[1],1.00088,1.004,True,0.96219615755,0.88190327,0.96197891,1.0410725699999999
Centered,2048,64,log_sigma_sq,1.000575,1.00229,True,-0.8793802859907476,-1.6519661499999998,-0.92208123,0.0052563586399999905
Centered,2048,64,theta[1],1.000575,1.00229,True,0.9605727829075,0.880565561,0.959980785,1.042128135
Centered,2048,65,log_sigma_sq,1.0016500000000002,1.00398,True,-0.885732011449205,-1.6415929550000001,-0.9164614499999999,-0.006045379595000192
Centered,2048,65,theta[1],1.0016500000000002,1.00398,True,0.9617157965575,0.8821558135,0.96178141,1.04086971
Centered,2048,66,log_sigma_sq,1.001015,1.00295,True,-0.8826826110828949,-1.6229132949999998,-0.92171779,-0.020335531600000033
Centered,2048,66,theta[1],1.001015,1.00295,True,0.9610817408125,0.8798528004999999,0.9608234449999999,1.044906355
Centered,2048,67,log_sigma_sq,1.001335,1.00382,True,-0.8720724643324325,-1.61749155,-0.90443979,-0.007479306840000786
Centered,2048,67,theta[1],1.001335,1.00382,True,0.9610865897649999,0.882654864,0.96133079,1.0396182099999998
Centered,2048,68,log_sigma_sq,1.000855,1.00277,True,-0.8657219712082299,-1.627676115,-0.9084091649999999,0.00663246881999982
Centered,2048,68,theta[1],1.000855,1.00277,True,0.961569968585,0.8819076189999999,0.96184362,1.042581955
Centered,2048,69,log_sigma_sq,1.0011,1.00247,True,-0.888351268886335,-1.634911295,-0.925624185,-0.02110885730000009
Centered,2048,69,theta[1],1.0011,1.00247,True,0.96183643795,0.881847822,0.961944625,1.043381695
Centered,2048,70,log_sigma_sq,1.00161,1.00366,True,-0.8841226073448749,-1.60889047,-0.9213642099999999,0.011725372899999895
Centered,2048,70,theta[1],1.00161,1.00366,True,0.9616639588099999,0.8820873105,0.9624855400000001,1.0409987399999998
Centered,2048,71,log_sigma_sq,1.00075,1.00375,True,-0.8802199639378275,-1.637576295,-0.920227605,-0.018283811650000144
Centered,2048,71,theta[1],1.00075,1.00375,True,0.9617341868525,0.8808718215,0.961756595,1.0435806149999998
Centered,2048,72,log_sigma_sq,1.001265,1.00232,True,-0.8768293678058324,-1.65090887,-0.9075193500000001,0.006568405064999351
Centered,2048,72,theta[1],1.001265,1.00232,True,0.96208841275,0.880900373,0.962120375,1.043431015
Centered,2048,73,log_sigma_sq,1.000275,1.0021,True,-0.887821462058485,-1.6347082949999998,-0.9185572150000001,-0.02371722680000038
Centered,2048,73,theta[1],1.000275,1.0021,True,0.9627162543125001,0.881792979,0.96252494,1.044071245
Centered,2048,74,log_sigma_sq,1.000525,1.00402,True,-0.86844394643189,-1.6223086450000002,-0.904505465,0.003780118854998873
Centered,2048,74,theta[1],1.000525,1.00402,True,0.9614220959325,0.8778673035,0.961337615,1.0436861899999998
Centered,2048,75,log_sigma_sq,1.001175,1.0022,True,-0.890926767282775,-1.6305866100000002,-0.9204663049999999,-0.03735875560000039
Centered,2048,75,theta[1],1.001175,1.0022,True,0.9613112332124999,0.884169618,0.96062216,1.04109015
Centered,2048,76,log_sigma_sq,1.00152,1.00212,True,-0.8816390033129825,-1.644711755,-0.9076014450000001,-0.018654394800001153
Centered,2048,76,theta[1],1.00152,1.00212,True,0.961635145815,0.8822755175,0.9613619250000001,1.041364425
Centered,2048,77,log_sigma_sq,1.00087,1.00357,True,-0.86819903022343,-1.62451479,-0.9027969600000001,0.011626308299999479
Centered,2048,77,theta[1],1.00087,1.00357,True,0.9619336851200001,0.883604639,0.9619101649999999,1.04146115
Centered,2048,78,log_sigma_sq,1.0006149999999998,1.00241,True,-0.875867917065465,-1.61281637,-0.919126205,0.00671101751999969
Centered,2048,78,theta[1],1.0006149999999998,1.00241,True,0.9612775337974999,0.8816414045000001,0.961409435,1.040249075
Centered,2048,79,log_sigma_sq,1.000295,1.00261,True,-0.8843431007948475,-1.6344254299999998,-0.9308377800000001,-0.0032464752700004174
Centered,2048,79,theta[1],1.000295,1.00261,True,0.9628156545350001,0.8827144655000001,0.9634113200000001,1.0424218749999998
Centered,2048,80,log_sigma_sq,1.00074,1.00153,True,-0.8709851714347274,-1.64108433,-0.90430135,0.014028181899999475
Centered,2048,80,theta[1],1.00074,1.00153,True,0.9621348669800001,0.8809723660000001,0.9617752749999999,1.04355171
Centered,2048,81,log_sigma_sq,1.00064,1.00354,True,-0.8746305064281026,-1.6242086800000002,-0.9105188399999999,-0.019099303250000362
Centered,2048,81,theta[1],1.00064,1.00354,True,0.9614821075950001,0.8816681505,0.960991865,1.04461275
Centered,2048,82,log_sigma_sq,1.0009700000000001,1.00346,True,-0.875255942967725,-1.6111695899999998,-0.9038298149999999,-0.036904900750000025
Centered,2048,82,theta[1],1.0009700000000001,1.00346,True,0.96162535354,0.8794407274999999,0.96028226,1.044469445
Centered,2048,83,log_sigma_sq,1.001075,1.00261,True,-0.8832845254224025,-1.63667933,-0.93040864,0.02134913604999989
Centered,2048,83,theta[1],1.001075,1.00261,True,0.961009732715,0.8805107435,0.961322715,1.042025255
Centered,2048,84,log_sigma_sq,1.0003549999999999,1.00347,True,-0.8892859294596825,-1.62772363,-0.93253795,-0.0008617665485006358
Centered,2048,84,theta[1],1.0003549999999999,1.00347,True,0.9614562692649999,0.87945677,0.962244305,1.04363987
Centered,2048,85,log_sigma_sq,1.00083,1.00249,True,-0.8842354045183156,-1.641838655,-0.92036363,-0.013644591200000437
Centered,2048,85,theta[1],1.00083,1.00249,True,0.96257584604,0.8814228135000001,0.96258049,1.0435549350000002
Centered,2048,86,log_sigma_sq,1.000645,1.00264,True,-0.8821729369164,-1.6178211150000001,-0.9228154,0.021989571349999758
Centered,2048,86,theta[1],1.000645,1.00264,True,0.9618755449049999,0.8823183590000001,0.96169009,1.04450601
Centered,2048,87,log_sigma_sq,1.00114,1.00313,True,-0.8791487029608501,-1.606255005,-0.92260789,-0.022043856200000073
Centered,2048,87,theta[1],1.00114,1.00313,True,0.96164047543,0.8793492709999999,0.9620493999999999,1.04068569
Centered,2048,88,log_sigma_sq,1.002005,1.00337,True,-0.8765007943218249,-1.6429843849999999,-0.91300518,-0.00737595577500036
Centered,2048,88,theta[1],1.002005,1.00337,True,0.9613421539075,0.881924518,0.960991665,1.041093965
Centered,2048,89,log_sigma_sq,1.00061,1.00362,True,-0.8867233158973475,-1.6723,-0.921396415,0.001796617154999732
Centered,2048,89,theta[1],1.00061,1.00362,True,0.9616004189449999,0.878873295,0.961903935,1.04499842
Centered,2048,90,log_sigma_sq,1.00079,1.00322,True,-0.8853729973430626,-1.6319141750000001,-0.92458025,-0.01051677391500017
Centered,2048,90,theta[1],1.00079,1.00322,True,0.96194679524,0.8823390105,0.9623912450000001,1.04175028
Centered,2048,91,log_sigma_sq,1.000775,1.00399,True,-0.8811441450809,-1.63152802,-0.91995563,-0.020099710700000363
Centered,2048,91,theta[1],1.000775,1.00399,True,0.9611821548974999,0.8793549620000001,0.96084296,1.043545935
Centered,2048,92,log_sigma_sq,1.00161,1.00311,True,-0.8857593468952726,-1.633961155,-0.919004495,-0.0030169763900000724
Centered,2048,92,theta[1],1.00161,1.00311,True,0.9622050350250001,0.8827006295000001,0.9620880199999999,1.044078035
Centered,2048,93,log_sigma_sq,1.00063,1.00221,True,-0.8732446720738126,-1.626142105,-0.912657075,0.020965295699999723
Centered,2048,93,theta[1],1.00063,1.00221,True,0.961746643425,0.881979176,0.960827425,1.044372785
Centered,2048,94,log_sigma_sq,1.00072,1.00308,True,-0.878965239408275,-1.602178725,-0.919164485,0.013908658249999907
Centered,2048,94,theta[1],1.00072,1.00308,True,0.9621979355325,0.88072117,0.96192972,1.04437992
Centered,2048,95,log_sigma_sq,1.000835,1.00299,True,-0.868863187756645,-1.65129422,-0.908363415,0.021021778499999755
Centered,2048,95,theta[1],1.000835,1.00299,True,0.9616557416625001,0.8806574665,0.96212455,1.04330215
Centered,2048,96,log_sigma_sq,1.001075,1.00317,True,-0.8760570800373699,-1.610113255,-0.90348742,-0.012084833600000245
Centered,2048,96,theta[1],1.001075,1.00317,True,0.9617288444975,0.8796295585,0.961385685,1.0457836999999999
Centered,2048,97,log_sigma_sq,1.0008050000000002,1.00447,True,-0.885392177009106,-1.633488565,-0.91999852,-0.01704850155000033
Centered,2048,97,theta[1],1.0008050000000002,1.00447,True,0.9620390830875,0.8790706205000001,0.961878295,1.04369397
Centered,2048,98,log_sigma_sq,1.000695,1.00283,True,-0.8694449878923275,-1.62858002,-0.902948685,0.06128424464999954
Centered,2048,98,theta[1],1.000695,1.00283,True,0.9615437124899999,0.88154867,0.962123195,1.0423858099999999
Centered,2048,99,log_sigma_sq,1.001245,1.00433,True,-0.8787781668806999,-1.62993279,-0.908166385,-0.02943332770000016
Centered,2048,99,theta[1],1.001245,1.00433,True,0.9629027059125,0.8810297105,0.9633413200000001,1.044983075
Centered,2048,100,log_sigma_sq,1.00094,1.00435,True,-0.887007444538895,-1.62784592,-0.927199435,-0.022651290650000357
Centered,2048,100,theta[1],1.00094,1.00435,True,0.960691676745,0.8802527864999999,0.961010945,1.04166673
Centered,32768,1,log_sigma_sq,1.00128,1.00249,True,-0.7610143861539875,-1.520171,-0.7926919299999999,0.14149621949999985
Centered,32768,1,theta[1],1.00128,1.00249,True,1.048391920995,1.028271365,1.0482177,1.068885935
Centered,32768,2,log_sigma_sq,1.000905,1.00263,True,-0.7658799759907899,-1.5045355,-0.79496764,0.09645155134999941
Centered,32768,2,theta[1],1.000905,1.00263,True,1.04825941005,1.0267418849999999,1.0481820499999999,1.069512985
Centered,32768,3,log_sigma_sq,1.001455,1.00301,True,-0.75843626924383,-1.5021357,-0.795352515,0.11609691849999966
Centered,32768,3,theta[1],1.001455,1.00301,True,1.04850448267,1.027515135,1.0484356,1.0695277
Centered,32768,4,log_sigma_sq,1.0007199999999998,1.00225,True,-0.7588402436045633,-1.497837255,-0.801648395,0.10226958699999952
Centered,32768,4,theta[1],1.0007199999999998,1.00225,True,1.04846859245,1.0272565100000002,1.04805965,1.070451515
Centered,32768,5,log_sigma_sq,1.000945,1.00416,True,-0.757252336612885,-1.5075913399999998,-0.79030895,0.09605722844999988
Centered,32768,5,theta[1],1.000945,1.00416,True,1.0482086913000002,1.027293185,1.0484787500000001,1.06899579
Centered,32768,6,log_sigma_sq,1.00101,1.00449,True,-0.749174873329935,-1.5027509300000002,-0.784042305,0.1532111094999999
Centered,32768,6,theta[1],1.00101,1.00449,True,1.0482370104249998,1.0277926849999999,1.0481636,1.0693354099999999
Centered,32768,7,log_sigma_sq,1.001535,1.00316,True,-0.7630501777404813,-1.47333597,-0.8032228100000001,0.09683148749999931
Centered,32768,7,theta[1],1.001535,1.00316,True,1.048263657685,1.02807305,1.0484038500000001,1.068030995
Centered,32768,8,log_sigma_sq,1.001255,1.003,True,-0.7617655550429451,-1.49974966,-0.80651093,0.10506224149999895
Centered,32768,8,theta[1],1.001255,1.003,True,1.048516980675,1.02763087,1.0487061,1.06934092
Centered,32768,9,log_sigma_sq,1.000785,1.00803,True,-0.7583334656198968,-1.487908255,-0.7999456899999999,0.14362606949999865
Centered,32768,9,theta[1],1.000785,1.00803,True,1.0482117711250003,1.02746266,1.04835155,1.068753075
Centered,32768,10,log_sigma_sq,1.00081,1.00288,True,-0.75365922044958,-1.47272778,-0.7916697749999999,0.11096246599999939
Centered,32768,10,theta[1],1.00081,1.00288,True,1.048281197925,1.0275927,1.0482472,1.06908359
Centered,32768,11,log_sigma_sq,1.00121,1.0037,True,-0.75685860051594,-1.484518855,-0.795758525,0.08391857369999997
Centered,32768,11,theta[1],1.00121,1.0037,True,1.0480320015,1.02731635,1.0477289,1.06945814
Centered,32768,12,log_sigma_sq,1.001255,1.00215,True,-0.75879890329434,-1.53235799,-0.800896115,0.1303737784999993
Centered,32768,12,theta[1],1.001255,1.00215,True,1.04833685985,1.02761942,1.0483152,1.069247975
Centered,32768,13,log_sigma_sq,1.0018099999999999,1.00393,True,-0.7577071704935799,-1.51784622,-0.79247857,0.156546996
Centered,32768,13,theta[1],1.0018099999999999,1.00393,True,1.048054725075,1.0278210950000002,1.04811385,1.068362155
Centered,32768,14,log_sigma_sq,1.0011800000000002,1.00244,True,-0.7545369339343501,-1.48536172,-0.80217527,0.15563671399999987
Centered,32768,14,theta[1],1.0011800000000002,1.00244,True,1.0485976741,1.027104865,1.0487352,1.06924993
Centered,32768,15,log_sigma_sq,1.0010050000000001,1.00325,True,-0.7633992698622275,-1.498966485,-0.79756439,0.07084543719999986
Centered,32768,15,theta[1],1.0010050000000001,1.00325,True,1.0479993643,1.02658602,1.0481411999999999,1.06924099
Centered,32768,16,log_sigma_sq,1.00028,1.00375,True,-0.7716326693379175,-1.497447955,-0.817496125,0.0653483993999999
Centered,32768,16,theta[1],1.00028,1.00375,True,1.0482428802750001,1.0278379100000001,1.04797905,1.068673835
Centered,32768,17,log_sigma_sq,1.001465,1.00435,True,-0.7506719282891225,-1.5189591299999998,-0.787948605,0.13719681899999991
Centered,32768,17,theta[1],1.001465,1.00435,True,1.0484084531,1.02779137,1.0484546,1.06910171
Centered,32768,18,log_sigma_sq,1.000455,1.00267,True,-0.7585104973192375,-1.50337702,-0.80494873,0.12137083799999994
Centered,32768,18,theta[1],1.000455,1.00267,True,1.0483195162749999,1.0281203099999998,1.0481297,1.068712795
Centered,32768,19,log_sigma_sq,1.000735,1.00212,True,-0.7525111232923749,-1.47416476,-0.79344287,0.08980732569999879
Centered,32768,19,theta[1],1.000735,1.00212,True,1.04823014035,1.028453265,1.04806065,1.0681107
Centered,32768,20,log_sigma_sq,1.000985,1.00394,True,-0.7638843608679428,-1.5081328799999998,-0.79315947,0.0959536026499998
Centered,32768,20,theta[1],1.000985,1.00394,True,1.0482411775,1.028163575,1.04822555,1.06820233
Centered,32768,21,log_sigma_sq,1.00116,1.00366,True,-0.7615503520956075,-1.5028240149999998,-0.8023078699999999,0.07012686439999966
Centered,32768,21,theta[1],1.00116,1.00366,True,1.048327570225,1.027251585,1.0481163,1.069892565
Centered,32768,22,log_sigma_sq,1.00037,1.00236,True,-0.755023786437225,-1.48741471,-0.793239265,0.0934145962999996
Centered,32768,22,theta[1],1.00037,1.00236,True,1.0481587109325001,1.027460795,1.048031,1.0690975900000002
Centered,32768,23,log_sigma_sq,1.00116,1.00196,True,-0.7522443177939,-1.48978239,-0.790998315,0.13658216949999957
Centered,32768,23,theta[1],1.00116,1.00196,True,1.0481236609,1.02750692,1.04811985,1.06882087
Centered,32768,24,log_sigma_sq,1.00092,1.00338,True,-0.75652272184521,-1.4790767,-0.79073858,0.09145678204999964
Centered,32768,24,theta[1],1.00092,1.00338,True,1.0483798531675,1.028173475,1.04840705,1.069486725
Centered,32768,25,log_sigma_sq,1.00162,1.00309,True,-0.7599014340432725,-1.49455183,-0.7986948899999999,0.12696084449999998
Centered,32768,25,theta[1],1.00162,1.00309,True,1.04811067745,1.02776904,1.0480743,1.068432835
Centered,32768,26,log_sigma_sq,1.0020799999999999,1.00314,True,-0.7508386243323926,-1.48157141,-0.793112705,0.1442297169999998
Centered,32768,26,theta[1],1.0020799999999999,1.00314,True,1.0483678415,1.02757911,1.0483456,1.0696128299999998
Centered,32768,27,log_sigma_sq,1.001695,1.00249,True,-0.7634341871741999,-1.49112347,-0.802721625,0.10706840199999965
Centered,32768,27,theta[1],1.001695,1.00249,True,1.048173006125,1.0276253350000002,1.04812635,1.068872345
Centered,32768,28,log_sigma_sq,1.00077,1.00172,True,-0.765273506371025,-1.49438503,-0.80720573,0.07539624109999972
Centered,32768,28,theta[1],1.00077,1.00172,True,1.0481358949249997,1.02713477,1.04821025,1.06913577
Centered,32768,29,log_sigma_sq,1.001605,1.00375,True,-0.7472674884083649,-1.470088645,-0.78156291,0.09924954434999994
Centered,32768,29,theta[1],1.001605,1.00375,True,1.0481290619,1.027397805,1.0480312,1.069077665
Centered,32768,30,log_sigma_sq,1.000765,1.00478,True,-0.7569599926255299,-1.492405995,-0.800586755,0.13825609699999883
Centered,32768,30,theta[1],1.000765,1.00478,True,1.048325623475,1.026767925,1.04811635,1.06972511
Centered,32768,31,log_sigma_sq,1.001085,1.00415,True,-0.751833418003525,-1.488850105,-0.789831965,0.11954585599999895
Centered,32768,31,theta[1],1.001085,1.00415,True,1.0481324089750002,1.0270261850000002,1.0479669500000002,1.0689695049999999
Centered,32768,32,log_sigma_sq,1.00054,1.00293,True,-0.75058679911835,-1.511047105,-0.79126845,0.12297040749999985
Centered,32768,32,theta[1],1.00054,1.00293,True,1.048366711275,1.02817493,1.0483351,1.069109245
Centered,32768,33,log_sigma_sq,1.001435,1.00493,True,-0.7452228786729418,-1.50944589,-0.78582595,0.17596257249999986
Centered,32768,33,theta[1],1.001435,1.00493,True,1.0480498811,1.02784378,1.0479014,1.0684429149999999
Centered,32768,34,log_sigma_sq,1.0005950000000001,1.00412,True,-0.75442006858374,-1.5324476649999998,-0.80182435,0.17457629999999982
Centered,32768,34,theta[1],1.0005950000000001,1.00412,True,1.048202283325,1.02805419,1.04821615,1.068424115
Centered,32768,35,log_sigma_sq,1.001625,1.00783,True,-0.7626143217870125,-1.485361425,-0.798524625,0.10416208149999909
Centered,32768,35,theta[1],1.001625,1.00783,True,1.0481375595250002,1.0272580550000001,1.04808775,1.069302615
Centered,32768,36,log_sigma_sq,1.0013800000000002,1.00463,True,-0.75909537109305,-1.50998767,-0.7991642800000001,0.15226260049999993
Centered,32768,36,theta[1],1.0013800000000002,1.00463,True,1.048136839825,1.028307895,1.0482065500000002,1.0680676550000001
Centered,32768,37,log_sigma_sq,1.0002900000000001,1.00343,True,-0.7525854510861435,-1.503924775,-0.79301292,0.13868737899999947
Centered,32768,37,theta[1],1.0002900000000001,1.00343,True,1.0481341114,1.02719588,1.04817985,1.0690292399999999
Centered,32768,38,log_sigma_sq,1.0003700000000002,1.00374,True,-0.7529035568181051,-1.490416265,-0.78086504,0.08404320269999983
Centered,32768,38,theta[1],1.0003700000000002,1.00374,True,1.048140179025,1.027552775,1.0480432,1.0686384599999998
Centered,32768,39,log_sigma_sq,1.00115,1.00308,True,-0.7485499815665,-1.503969315,-0.7815788850000001,0.10515077999999975
Centered,32768,39,theta[1],1.00115,1.00308,True,1.048149071675,1.02813038,1.04806895,1.068492165
Centered,32768,40,log_sigma_sq,1.00191,1.00278,True,-0.7585372897879874,-1.53071762,-0.7972604400000001,0.15287659149999938
Centered,32768,40,theta[1],1.00191,1.00278,True,1.0481702295,1.0266492900000002,1.048152,1.069241785
Centered,32768,41,log_sigma_sq,1.0014349999999999,1.00479,True,-0.7550323782992975,-1.50620307,-0.79090395,0.11791417149999893
Centered,32768,41,theta[1],1.0014349999999999,1.00479,True,1.047952467575,1.02750438,1.0478456,1.0688930399999998
Centered,32768,42,log_sigma_sq,1.0015399999999999,1.00365,True,-0.7725166160393251,-1.4966137899999998,-0.807494975,0.09277018689999934
Centered,32768,42,theta[1],1.0015399999999999,1.00365,True,1.0480444983,1.027596015,1.04804225,1.068363875
Centered,32768,43,log_sigma_sq,1.000445,1.00325,True,-0.7548674570358499,-1.499913475,-0.7904198,0.12551872449999976
Centered,32768,43,theta[1],1.000445,1.00325,True,1.048160021025,1.02708963,1.0480509,1.070054535
Centered,32768,44,log_sigma_sq,1.0004,1.00329,True,-0.7575096545676674,-1.507443225,-0.79600211,0.1065243434999997
Centered,32768,44,theta[1],1.0004,1.00329,True,1.048090134175,1.026935815,1.04814465,1.068922505
Centered,32768,45,log_sigma_sq,1.001095,1.00329,True,-0.7598009065932849,-1.51101065,-0.7927615699999999,0.125313315
Centered,32768,45,theta[1],1.001095,1.00329,True,1.0483693385,1.027742255,1.04822705,1.068691775
Centered,32768,46,log_sigma_sq,1.000585,1.00198,True,-0.758567986420295,-1.49319596,-0.78954646,0.07162772875
Centered,32768,46,theta[1],1.000585,1.00198,True,1.04816872044,1.02770085,1.04824495,1.068721235
Centered,32768,47,log_sigma_sq,1.001485,1.00248,True,-0.757367903343355,-1.461161155,-0.803894375,0.12260375449999844
Centered,32768,47,theta[1],1.001485,1.00248,True,1.0482946905975,1.02768864,1.0483853,1.06848872
Centered,32768,48,log_sigma_sq,1.001305,1.00308,True,-0.764809584008025,-1.49463846,-0.807886255,0.0876188613499997
Centered,32768,48,theta[1],1.001305,1.00308,True,1.0481998334999998,1.028001135,1.0481479500000002,1.0680218899999998
Centered,32768,49,log_sigma_sq,1.00177,1.00271,True,-0.7534710099585625,-1.513201845,-0.79041103,0.13363407899999913
Centered,32768,49,theta[1],1.00177,1.00271,True,1.04828700935,1.02816986,1.0483459,1.068670055
Centered,32768,50,log_sigma_sq,1.00076,1.00232,True,-0.757909976659075,-1.497970545,-0.802172695,0.10830844549999852
Centered,32768,50,theta[1],1.00076,1.00232,True,1.0484154195249997,1.0274337199999999,1.0483771,1.0690498499999999
Centered,32768,51,log_sigma_sq,1.00173,1.00301,True,-0.7628288008598,-1.5121479949999999,-0.7934206500000001,0.09879194254999987
Centered,32768,51,theta[1],1.00173,1.00301,True,1.04826158795,1.027457615,1.0482751000000001,1.068858615
Centered,32768,52,log_sigma_sq,1.00094,1.00231,True,-0.7579899400671775,-1.491927555,-0.7879733250000001,0.10856464849999979
Centered,32768,52,theta[1],1.00094,1.00231,True,1.0480419344625003,1.027076345,1.04814045,1.06810482
Centered,32768,53,log_sigma_sq,1.001145,1.0032,True,-0.762490675388805,-1.496858305,-0.806459775,0.15273989999999993
Centered,32768,53,theta[1],1.001145,1.0032,True,1.04844887855,1.027572285,1.0485527000000001,1.069269515
Centered,32768,54,log_sigma_sq,1.000955,1.00311,True,-0.7612981546233935,-1.5051404099999999,-0.795811595,0.11786749549999992
Centered,32768,54,theta[1],1.000955,1.00311,True,1.0483520111,1.0272948199999998,1.0483099500000002,1.0690580250000001
Centered,32768,55,log_sigma_sq,1.0011100000000002,1.0029,True,-0.758092854710465,-1.50081918,-0.79498951,0.0987040574999985
Centered,32768,55,theta[1],1.0011100000000002,1.0029,True,1.0482101198750002,1.02734767,1.048014,1.06932421
Centered,32768,56,log_sigma_sq,1.00175,1.00257,True,-0.758607697597975,-1.4890200550000001,-0.79966739,0.08599679924999988
Centered,32768,56,theta[1],1.00175,1.00257,True,1.0483357160750002,1.027469,1.0481943,1.06892706
Centered,32768,57,log_sigma_sq,1.00173,1.00257,True,-0.7546327877622382,-1.489869365,-0.793895255,0.12215639149999995
Centered,32768,57,theta[1],1.00173,1.00257,True,1.048173499075,1.0272329850000002,1.04825215,1.0690256949999999
Centered,32768,58,log_sigma_sq,1.00063,1.0033,True,-0.7543018340388542,-1.5165721300000001,-0.791165385,0.11146815249999992
Centered,32768,58,theta[1],1.00063,1.0033,True,1.048288586525,1.027279695,1.0483751,1.0692559400000001
Centered,32768,59,log_sigma_sq,1.00098,1.00428,True,-0.7565065068597125,-1.512461765,-0.792858375,0.1298041139999997
Centered,32768,59,theta[1],1.00098,1.00428,True,1.048282357975,1.027698965,1.04828305,1.068766075
Centered,32768,60,log_sigma_sq,1.00089,1.00244,True,-0.760809731993844,-1.50231213,-0.786981935,0.10397630899999968
Centered,32768,60,theta[1],1.00089,1.00244,True,1.048249350195,1.0279776999999999,1.04822815,1.06897117
Centered,32768,61,log_sigma_sq,1.000145,1.00504,True,-0.7518163565317365,-1.516256375,-0.784175285,0.1366220509999994
Centered,32768,61,theta[1],1.000145,1.00504,True,1.0482694339499998,1.02809919,1.04826385,1.06846883
Centered,32768,62,log_sigma_sq,1.0008249999999999,1.00342,True,-0.7569696093912774,-1.500711005,-0.796813525,0.10496107049999989
Centered,32768,62,theta[1],1.0008249999999999,1.00342,True,1.04855558315,1.02777803,1.04854155,1.069396745
Centered,32768,63,log_sigma_sq,1.001175,1.00268,True,-0.753808584846255,-1.486183205,-0.79389631,0.1009926179999998
Centered,32768,63,theta[1],1.001175,1.00268,True,1.0481056213749997,1.0270016350000002,1.0479695,1.06898827
Centered,32768,64,log_sigma_sq,1.0019,1.00298,True,-0.7447932894794924,-1.497859185,-0.784825365,0.12750965799999966
Centered,32768,64,theta[1],1.0019,1.00298,True,1.0482110647,1.0272068200000002,1.0482851499999999,1.0686512149999998
Centered,32768,65,log_sigma_sq,1.000995,1.00421,True,-0.7607618996171875,-1.5001082700000001,-0.8051886699999999,0.10293643149999984
Centered,32768,65,theta[1],1.000995,1.00421,True,1.048110694475,1.026870335,1.0481731,1.0683407
Centered,32768,66,log_sigma_sq,1.0012599999999998,1.00412,True,-0.76294244860682,-1.4919420749999999,-0.797930085,0.11503538699999984
Centered,32768,66,theta[1],1.0012599999999998,1.00412,True,1.0482812970249997,1.027615975,1.0482571,1.068619605
Centered,32768,67,log_sigma_sq,1.001035,1.0033,True,-0.7573413362112474,-1.50840015,-0.79979077,0.12439294899999957
Centered,32768,67,theta[1],1.001035,1.0033,True,1.0481002820500003,1.027005015,1.04797885,1.068727075
Centered,32768,68,log_sigma_sq,1.0008599999999999,1.00253,True,-0.7544791520693175,-1.5006344500000002,-0.789125565,0.12785230599999994
Centered,32768,68,theta[1],1.0008599999999999,1.00253,True,1.048100464325,1.02759769,1.0481264,1.06905333
Centered,32768,69,log_sigma_sq,1.001625,1.0028,True,-0.750090015443955,-1.5176114200000002,-0.78214014,0.12391347749999986
Centered,32768,69,theta[1],1.001625,1.0028,True,1.04824854456,1.02790957,1.0481345499999999,1.0687660049999999
Centered,32768,70,log_sigma_sq,1.000655,1.00387,True,-0.7585352618272775,-1.52028117,-0.7936915849999999,0.1353366969999999
Centered,32768,70,theta[1],1.000655,1.00387,True,1.048468917825,1.02789216,1.0484069,1.0695785100000001
Centered,32768,71,log_sigma_sq,1.0010249999999998,1.00234,True,-0.7605035229160575,-1.479030245,-0.789982875,0.09836194099999877
Centered,32768,71,theta[1],1.0010249999999998,1.00234,True,1.0482145399,1.026996875,1.04864125,1.0693517700000001
Centered,32768,72,log_sigma_sq,1.001565,1.004,True,-0.7621616990944924,-1.4999022599999998,-0.80008587,0.11580038099999987
Centered,32768,72,theta[1],1.001565,1.004,True,1.0480965987600002,1.02690373,1.04810665,1.069066825
Centered,32768,73,log_sigma_sq,1.0011299999999999,1.00473,True,-0.7549129625808625,-1.5272994050000002,-0.798116745,0.16953410549999998
Centered,32768,73,theta[1],1.0011299999999999,1.00473,True,1.0481220966375,1.027849375,1.0481439,1.0686523749999999
Centered,32768,74,log_sigma_sq,1.000495,1.00564,True,-0.758580083013075,-1.532857505,-0.78264842,0.10056546449999985
Centered,32768,74,theta[1],1.000495,1.00564,True,1.0483480617499998,1.02678003,1.04821455,1.07015913
Centered,32768,75,log_sigma_sq,1.001105,1.00345,True,-0.7584075026039575,-1.48706232,-0.797056415,0.1333339874999988
Centered,32768,75,theta[1],1.001105,1.00345,True,1.0481990700675001,1.027227775,1.0484312,1.068993
Centered,32768,76,log_sigma_sq,1.00041,1.00359,True,-0.7568295761827649,-1.4901620800000002,-0.791911735,0.10093055799999982
Centered,32768,76,theta[1],1.00041,1.00359,True,1.04816272885,1.02839385,1.04821705,1.068311665
Centered,32768,77,log_sigma_sq,1.000655,1.00271,True,-0.7583984179280626,-1.49457603,-0.7959130249999999,0.1289680374999997
Centered,32768,77,theta[1],1.000655,1.00271,True,1.0482351895500002,1.027227305,1.0481756999999998,1.068807025
Centered,32768,78,log_sigma_sq,1.001565,1.00475,True,-0.7487785490636549,-1.502593155,-0.77739782,0.11958087549999989
Centered,32768,78,theta[1],1.001565,1.00475,True,1.0481487399675002,1.0269925400000002,1.0482027999999999,1.0688833599999998
Centered,32768,79,log_sigma_sq,1.00088,1.00414,True,-0.7603777160085425,-1.4572422250000001,-0.80360779,0.0899839028499992
Centered,32768,79,theta[1],1.00088,1.00414,True,1.0484209162749998,1.02762775,1.04845765,1.069184915
Centered,32768,80,log_sigma_sq,1.00069,1.00173,True,-0.7579741197727001,-1.5035042799999998,-0.795667975,0.11818662299999924
Centered,32768,80,theta[1],1.00069,1.00173,True,1.0484824047249999,1.02781232,1.0484794499999999,1.069450195
Centered,32768,81,log_sigma_sq,1.0012599999999998,1.00443,True,-0.7523556763240173,-1.4762016599999999,-0.7940506949999999,0.07711625289999784
Centered,32768,81,theta[1],1.0012599999999998,1.00443,True,1.04850184545,1.028063755,1.0483298,1.069172815
Centered,32768,82,log_sigma_sq,1.0014850000000002,1.00547,True,-0.758233541770315,-1.4959088600000001,-0.80222145,0.1225363909999999
Centered,32768,82,theta[1],1.0014850000000002,1.00547,True,1.04862467795,1.028227515,1.0487103,1.069084885
Centered,32768,83,log_sigma_sq,1.001085,1.00291,True,-0.7520782726856425,-1.50138271,-0.791603805,0.1285553254999992
Centered,32768,83,theta[1],1.001085,1.00291,True,1.0481374188625,1.027336765,1.0483232500000002,1.069023005
Centered,32768,84,log_sigma_sq,1.00046,1.00419,True,-0.7594975620640451,-1.52521554,-0.7960758349999999,0.09836048099999971
Centered,32768,84,theta[1],1.00046,1.00419,True,1.048255743,1.0278602149999998,1.04832745,1.06896968
Centered,32768,85,log_sigma_sq,1.00048,1.00265,True,-0.7582951543180001,-1.494253075,-0.800244575,0.12837550099999992
Centered,32768,85,theta[1],1.00048,1.00265,True,1.04832131819,1.0274646,1.04807095,1.0689947949999998
Centered,32768,86,log_sigma_sq,1.0011649999999999,1.0033,True,-0.7567394889192351,-1.48680236,-0.792468715,0.10212745299999976
Centered,32768,86,theta[1],1.0011649999999999,1.0033,True,1.048479618325,1.028387225,1.0483373,1.068752975
Centered,32768,87,log_sigma_sq,1.000765,1.00329,True,-0.7665932894027525,-1.4932750750000001,-0.7954037650000001,0.06381295329999981
Centered,32768,87,theta[1],1.000765,1.00329,True,1.0482933620500001,1.027192205,1.04830245,1.068787985
Centered,32768,88,log_sigma_sq,1.00112,1.00463,True,-0.7563347397827827,-1.4994448900000001,-0.79533051,0.12240470249999964
Centered,32768,88,theta[1],1.00112,1.00463,True,1.048493447075,1.027239,1.0486553,1.06953009
Centered,32768,89,log_sigma_sq,1.00071,1.00371,True,-0.7530076974074875,-1.493188255,-0.799095605,0.11656941499999952
Centered,32768,89,theta[1],1.00071,1.00371,True,1.04831383055,1.0269886750000001,1.0484906,1.068929625
Centered,32768,90,log_sigma_sq,1.001685,1.00313,True,-0.7569662129974124,-1.5048571800000001,-0.7948683999999999,0.10012361489999802
Centered,32768,90,theta[1],1.001685,1.00313,True,1.0483135249250002,1.027749665,1.0483845999999999,1.06886045
Centered,32768,91,log_sigma_sq,1.00081,1.00165,True,-0.745729769594225,-1.50672498,-0.79009735,0.1487440119999999
Centered,32768,91,theta[1],1.00081,1.00165,True,1.0482497398325,1.02749698,1.0481652,1.069629505
Centered,32768,92,log_sigma_sq,1.0011,1.00227,True,-0.7613374384366475,-1.485372385,-0.79636774,0.07299218669999952
Centered,32768,92,theta[1],1.0011,1.00227,True,1.048071035065,1.02737809,1.04834315,1.06820126
Centered,32768,93,log_sigma_sq,1.001195,1.00309,True,-0.7586192845549475,-1.5014708449999998,-0.79532784,0.1278491129999995
Centered,32768,93,theta[1],1.001195,1.00309,True,1.0481561514999997,1.02788309,1.0478209500000002,1.0694693100000001
Centered,32768,94,log_sigma_sq,1.0006849999999998,1.00332,True,-0.7590282860333325,-1.51452758,-0.80059629,0.09437172254999983
Centered,32768,94,theta[1],1.0006849999999998,1.00332,True,1.0482873591750002,1.0284880299999999,1.04814005,1.068790065
Centered,32768,95,log_sigma_sq,1.000985,1.00429,True,-0.7558949465143749,-1.5017425400000002,-0.7817605999999999,0.08960675004999982
Centered,32768,95,theta[1],1.000985,1.00429,True,1.04832876265,1.02807806,1.0481718,1.06845405
Centered,32768,96,log_sigma_sq,1.0008599999999999,1.00241,True,-0.762579685544275,-1.512693295,-0.794017435,0.12260992849999947
Centered,32768,96,theta[1],1.0008599999999999,1.00241,True,1.0482607575249998,1.027681925,1.0483127,1.06826006
Centered,32768,97,log_sigma_sq,1.0003549999999999,1.00366,True,-0.7455118167197999,-1.492992685,-0.792109285,0.1473843299999994
Centered,32768,97,theta[1],1.0003549999999999,1.00366,True,1.048160274375,1.027747695,1.0480775,1.0688036
Centered,32768,98,log_sigma_sq,1.001325,1.00307,True,-0.75710639010365,-1.49295726,-0.789542405,0.11387168149999986
Centered,32768,98,theta[1],1.001325,1.00307,True,1.0483658559,1.027643005,1.04848565,1.069453845
Centered,32768,99,log_sigma_sq,1.000905,1.00173,True,-0.7632264227273349,-1.52156644,-0.800231755,0.11994198849999976
Centered,32768,99,theta[1],1.000905,1.00173,True,1.0484334787275003,1.0279824050000002,1.04845035,1.069012995
Centered,32768,100,log_sigma_sq,1.000475,1.00382,True,-0.7540462452622255,-1.49078307,-0.79223629,0.12251343949999992
Centered,32768,100,theta[1],1.000475,1.00382,True,1.0483472864749999,1.02748383,1.04844805,1.0689753
Non-centered,2,1,log_sigma_sq,1.00094,1.00668,True,-1.8358711282210503,-5.688307055,-1.6047208,1.2624441099999983
Non-centered,2,1,theta[1],1.00094,1.00668,True,0.008036860970930752,-0.9678991084999998,-0.00201403765,1.020861365
Non-centered,2,2,log_sigma_sq,1.000655,1.00222,True,-1.8524532621737748,-5.764166545,-1.5622666500000002,1.245456204999999
Non-centered,2,2,theta[1],1.000655,1.00222,True,0.00117210127746225,-0.9756825415,-0.00464900685,1.0425677599999998
Non-centered,2,3,log_sigma_sq,1.001695,1.00253,True,-1.8207419049051374,-5.716502790000001,-1.5976583500000001,1.239321
Non-centered,2,3,theta[1],1.001695,1.00253,True,0.0009971202557722484,-0.9943593199999999,-0.00548846835,1.0450927049999998
Non-centered,2,4,log_sigma_sq,1.000152,1.00274,True,-1.85238033094935,-5.775617094999999,-1.5891301000000002,1.1397835549999988
Non-centered,2,4,theta[1],1.000152,1.00274,True,0.0016315247647307515,-1.0077599849999999,0.0028058303999999997,0.9827704624999989
Non-centered,2,5,log_sigma_sq,1.000875,1.00347,True,-1.80177780922645,-5.57066944,-1.5724666,1.260648745
Non-centered,2,5,theta[1],1.000875,1.00347,True,-0.0030272556697262514,-1.06191064,0.0012751544,0.995170801999999
Non-centered,2,6,log_sigma_sq,1.001945,1.00345,True,-1.7742391285358499,-5.5801343349999994,-1.5700509,1.3055462999999998
Non-centered,2,6,theta[1],1.001945,1.00345,True,0.004938465244540749,-0.9917947484999999,-0.0025225432500000002,0.9985393814999978
Non-centered,2,7,log_sigma_sq,1.001495,1.00279,True,-1.816006261126755,-5.598839285,-1.59936485,1.3202089299999986
Non-centered,2,7,theta[1],1.001495,1.00279,True,0.0037094253101374974,-0.9777158795,0.0041552251999999994,0.9928038064999994
Non-centered,2,8,log_sigma_sq,1.00087,1.00217,True,-1.8380110464126749,-5.838644915,-1.5506436,1.352954535
Non-centered,2,8,theta[1],1.00087,1.00217,True,-0.0033137344015169985,-1.002752575,-0.00118562691,0.9791074919999992
Non-centered,2,9,log_sigma_sq,1.000815,1.00249,True,-1.8188425125696248,-5.536364025,-1.62025955,1.259470944999999
Non-centered,2,9,theta[1],1.000815,1.00249,True,-0.010341526265381,-1.01049564,-0.00885903505,0.9800602434999995
Non-centered,2,10,log_sigma_sq,1.000765,1.00233,True,-1.7836163621615224,-5.773940854999999,-1.5392348,1.2824724699999992
Non-centered,2,10,theta[1],1.000765,1.00233,True,0.013590221469067501,-0.9942825365,0.0035886472500000002,1.0181902649999994
Non-centered,2,11,log_sigma_sq,1.0007199999999998,1.00177,True,-1.8058278615303403,-5.701152775,-1.6239987500000002,1.2692565649999994
Non-centered,2,11,theta[1],1.0007199999999998,1.00177,True,0.004613206616445501,-1.032384765,0.0035964264,1.03286744
Non-centered,2,12,log_sigma_sq,1.0008599999999999,1.00279,True,-1.880889026015743,-5.7049203,-1.6701782,1.2222264949999992
Non-centered,2,12,theta[1],1.0008599999999999,1.00279,True,0.023956824515659995,-0.8884291515,0.0028446239,1.008644244999999
Non-centered,2,13,log_sigma_sq,1.00046,1.00206,True,-1.8122582943611552,-5.636468955,-1.5957428,1.2621159199999998
Non-centered,2,13,theta[1],1.00046,1.00206,True,-0.0037530037081491526,-1.01194922,-0.001004180735,0.9593444675
Non-centered,2,14,log_sigma_sq,1.00067,1.00225,True,-1.890905733971645,-5.685609459999999,-1.64420095,1.2587449399999995
Non-centered,2,14,theta[1],1.00067,1.00225,True,-0.005093702223056248,-1.0165783549999998,-0.0017503224,0.9724715774999999
Non-centered,2,15,log_sigma_sq,1.000825,1.00279,True,-1.8023544888624026,-5.49630732,-1.6054224000000001,1.1979489549999995
Non-centered,2,15,theta[1],1.000825,1.00279,True,-0.010193387941192497,-1.020656785,-0.00098278417,0.9747766514999995
Non-centered,2,16,log_sigma_sq,1.0005199999999999,1.00321,True,-1.842502449222215,-5.758017485,-1.60284695,1.2060102699999993
Non-centered,2,16,theta[1],1.0005199999999999,1.00321,True,-0.014166799580224747,-1.056862765,-0.008730218750000001,0.9640672884999992
Non-centered,2,17,log_sigma_sq,1.00068,1.00281,True,-1.884007579089885,-5.861170175,-1.6630448,1.2059482849999987
Non-centered,2,17,theta[1],1.00068,1.00281,True,0.0056649670451405015,-1.000649595,-0.0027794243,1.0556833449999994
Non-centered,2,18,log_sigma_sq,1.00041,1.00161,True,-1.79507819000105,-5.730146925,-1.57645005,1.3612848099999972
Non-centered,2,18,theta[1],1.00041,1.00161,True,0.009272746239623004,-1.05489288,-0.00443378365,1.087390989999998
Non-centered,2,19,log_sigma_sq,1.00022,1.00088,True,-1.7680672971243898,-5.42897183,-1.55715845,1.2758893849999997
Non-centered,2,19,theta[1],1.00022,1.00088,True,0.0018098744989505022,-1.0113986750000001,0.00332347025,0.9989297874999994
Non-centered,2,20,log_sigma_sq,1.00039,1.0016,True,-1.856169928896325,-5.7061484899999995,-1.604863,1.2258346999999978
Non-centered,2,20,theta[1],1.00039,1.0016,True,-9.483090570499897e-06,-1.0439321499999998,-0.00041415047000000003,1.0026841899999999
Non-centered,2,21,log_sigma_sq,1.0003549999999999,1.00131,True,-1.8208697287137725,-5.733053235,-1.6005007,1.2782933049999987
Non-centered,2,21,theta[1],1.0003549999999999,1.00131,True,0.0020285542461402494,-1.0129358000000002,0.001305828,1.0525276299999993
Non-centered,2,22,log_sigma_sq,1.00073,1.00206,True,-1.8433144555052399,-5.669167985,-1.6240809999999999,1.2579612449999995
Non-centered,2,22,theta[1],1.00073,1.00206,True,0.01840611072724975,-1.0127019,0.013552558,1.0421610299999997
Non-centered,2,23,log_sigma_sq,1.00066,1.0019,True,-1.802279355867175,-5.543770065,-1.5926779,1.1897831399999974
Non-centered,2,23,theta[1],1.00066,1.0019,True,-0.00025958275164000047,-1.003680835,0.00096956516,1.0039659950000002
Non-centered,2,24,log_sigma_sq,1.000655,1.00284,True,-1.863821460460315,-5.82651619,-1.5995705999999998,1.1417152399999988
Non-centered,2,24,theta[1],1.000655,1.00284,True,-0.0007186315112602486,-1.064803415,-0.0017157938499999998,1.0451994949999988
Non-centered,2,25,log_sigma_sq,1.00073,1.00454,True,-1.8030083907202843,-5.62577513,-1.59165015,1.3434545349999993
Non-centered,2,25,theta[1],1.00073,1.00454,True,-0.00476794339206865,-1.0396944650000002,-0.006258820050000001,1.0226371649999986
Non-centered,2,26,log_sigma_sq,1.000615,1.00202,True,-1.8253003139539559,-5.701468875,-1.61982535,1.3405775799999986
Non-centered,2,26,theta[1],1.000615,1.00202,True,0.004296166483130003,-0.973119627,-0.00040443764500000003,0.9950118644999983
Non-centered,2,27,log_sigma_sq,1.000615,1.00501,True,-1.7695262337329325,-5.5797168699999995,-1.5616669,1.2374207599999991
Non-centered,2,27,theta[1],1.000615,1.00501,True,0.0036314709874427534,-1.0150395849999998,0.0020187713,0.9983509834999995
Non-centered,2,28,log_sigma_sq,1.0009000000000001,1.00375,True,-1.7705733768092125,-5.7320540950000005,-1.5077258,1.2561539949999974
Non-centered,2,28,theta[1],1.0009000000000001,1.00375,True,0.0016775489272062485,-1.050763305,-0.00161900505,1.0185360749999994
Non-centered,2,29,log_sigma_sq,1.0010050000000001,1.00304,True,-1.797782077334145,-5.57397768,-1.59520855,1.3268279749999985
Non-centered,2,29,theta[1],1.0010050000000001,1.00304,True,-0.001352701482848749,-0.991707806,-0.00561874025,1.0324544
Non-centered,2,30,log_sigma_sq,1.00108,1.00303,True,-1.817827610599835,-5.625719795,-1.6071738,1.2781944499999993
Non-centered,2,30,theta[1],1.00108,1.00303,True,-0.004798543490259748,-0.9767124324999998,-0.0024923181,0.9917423074999998
Non-centered,2,31,log_sigma_sq,1.00088,1.00372,True,-1.8040766001228299,-5.481085005,-1.65924005,1.2933042999999986
Non-centered,2,31,theta[1],1.00088,1.00372,True,-0.006041488342645755,-1.0188407549999998,-0.00158025825,0.9347660799999995
Non-centered,2,32,log_sigma_sq,1.00064,1.00248,True,-1.8067778662038398,-5.705668855,-1.54407215,1.2516807549999982
Non-centered,2,32,theta[1],1.00064,1.00248,True,0.005851454147841002,-1.00316768,0.0021689107,1.0360911949999998
Non-centered,2,33,log_sigma_sq,1.000515,1.00187,True,-1.81420570755782,-5.6070668900000005,-1.5714271,1.3401400849999994
Non-centered,2,33,theta[1],1.000515,1.00187,True,0.008533837938714303,-0.9973522184999999,-0.0015019294499999999,1.029334744999998
Non-centered,2,34,log_sigma_sq,1.000635,1.00193,True,-1.814994713120815,-5.61640719,-1.6129039500000002,1.2724905599999996
Non-centered,2,34,theta[1],1.000635,1.00193,True,0.0142421849845505,-1.04396096,0.0011438556,1.054322079999999
Non-centered,2,35,log_sigma_sq,1.0006,1.0028,True,-1.8592446247294752,-5.798038965,-1.61687205,1.2449677699999995
Non-centered,2,35,theta[1],1.0006,1.0028,True,-0.008474775515522504,-1.04250687,-0.0013462673,1.0023542349999988
Non-centered,2,36,log_sigma_sq,1.0004849999999998,1.00237,True,-1.872905542014205,-5.79072836,-1.62517025,1.3017694249999983
Non-centered,2,36,theta[1],1.0004849999999998,1.00237,True,-0.02485797079465057,-1.1262600499999997,-0.0025899518000000003,0.9077706064999999
Non-centered,2,37,log_sigma_sq,1.001125,1.00319,True,-1.8154147368875748,-5.798306965,-1.56051505,1.2797815549999998
Non-centered,2,37,theta[1],1.001125,1.00319,True,-0.009057755119184524,-1.05506769,0.001227517,0.9624026599999997
Non-centered,2,38,log_sigma_sq,1.0000900000000001,1.00118,True,-1.8439859413374624,-5.691277375,-1.61095985,1.2297489599999998
Non-centered,2,38,theta[1],1.0000900000000001,1.00118,True,0.006995685859046754,-1.02432215,0.009168515549999999,1.014209895
Non-centered,2,39,log_sigma_sq,1.00075,1.00466,True,-1.817325705437175,-5.7582401249999995,-1.51803925,1.2365281599999962
Non-centered,2,39,theta[1],1.00075,1.00466,True,0.004095994481314248,-0.9919346235000001,-0.000102770427,1.0071625249999994
Non-centered,2,40,log_sigma_sq,1.001215,1.00337,True,-1.677589035364425,-5.462123555,-1.4180736999999999,1.252111214999998
Non-centered,2,40,theta[1],1.001215,1.00337,True,0.001374976876830999,-1.090860335,-0.0022929620499999998,1.0559283449999992
Non-centered,2,41,log_sigma_sq,1.00112,1.00251,True,-1.7251714585279774,-5.79463082,-1.4495798,1.3207443149999998
Non-centered,2,41,theta[1],1.00112,1.00251,True,-0.005882597103340502,-1.04686981,-8.3183823e-05,1.04622805
Non-centered,2,42,log_sigma_sq,1.00041,1.00297,True,-1.8549826314977875,-5.77801073,-1.6064715999999999,1.2081008
Non-centered,2,42,theta[1],1.00041,1.00297,True,0.009264686059352751,-0.9868399829999999,0.0020489961500000002,1.0186940549999994
Non-centered,2,43,log_sigma_sq,1.000645,1.0025,True,-1.8266251077998499,-5.748504495,-1.6080961999999999,1.2577566299999996
Non-centered,2,43,theta[1],1.000645,1.0025,True,0.00621887347288635,-1.00321547,0.0031989627000000003,1.0349191949999996
Non-centered,2,44,log_sigma_sq,1.000795,1.00213,True,-1.8463435852173875,-5.651486745,-1.61409255,1.1707222349999993
Non-centered,2,44,theta[1],1.000795,1.00213,True,0.008657608939257747,-0.9891451864999998,-0.0013189438,1.029705685
Non-centered,2,45,log_sigma_sq,1.000785,1.0023,True,-1.874931118352765,-5.7356377,-1.62228395,1.2865089049999967
Non-centered,2,45,theta[1],1.000785,1.0023,True,0.009707571051101248,-1.01285435,-0.000295019185,1.0939390500000001
Non-centered,2,46,log_sigma_sq,1.0009649999999999,1.00261,True,-1.8156084515580602,-5.63749001,-1.5838960000000002,1.2524318899999995
Non-centered,2,46,theta[1],1.0009649999999999,1.00261,True,0.012015454702154997,-0.9515537285,0.0034023543,0.9982029784999996
Non-centered,2,47,log_sigma_sq,1.001195,1.00387,True,-1.7994678865184102,-5.568522384999999,-1.6010639,1.2554428749999995
Non-centered,2,47,theta[1],1.001195,1.00387,True,-0.0021631176730872517,-1.02719886,-0.0039210584,0.9985282829999991
Non-centered,2,48,log_sigma_sq,1.00045,1.00248,True,-1.7924062977797448,-5.656603085,-1.5600630500000001,1.294156504999999
Non-centered,2,48,theta[1],1.00045,1.00248,True,-0.00015384437396399875,-1.022802685,-0.0018264722,1.0421415049999996
Non-centered,2,49,log_sigma_sq,1.00065,1.00274,True,-1.7658744030967248,-5.50867232,-1.5536200999999998,1.278754574999999
Non-centered,2,49,theta[1],1.00065,1.00274,True,0.007200690125809751,-0.9446436024999999,0.0001168951185,1.0373264649999983
Non-centered,2,50,log_sigma_sq,1.0007199999999998,1.00307,True,-1.8824485735693899,-5.936489185,-1.6532516,1.2508356749999987
Non-centered,2,50,theta[1],1.0007199999999998,1.00307,True,-0.009804596599638251,-1.051804185,0.00048635832,0.9775844619999998
Non-centered,2,51,log_sigma_sq,1.000285,1.00212,True,-1.8362917582032414,-5.68775129,-1.57799175,1.1895819049999954
Non-centered,2,51,theta[1],1.000285,1.00212,True,-0.008594094983774,-1.0029871099999998,0.0021943171,0.9807997639999985
Non-centered,2,52,log_sigma_sq,1.000845,1.0031,True,-1.7536764948148749,-5.507284404999999,-1.5196306,1.2783247499999986
Non-centered,2,52,theta[1],1.000845,1.0031,True,-0.0002773739492507525,-1.008653175,-0.0001490529905,1.0568342999999991
Non-centered,2,53,log_sigma_sq,1.00112,1.00219,True,-1.8189890605363976,-5.700332824999999,-1.6101651,1.248310969999998
Non-centered,2,53,theta[1],1.00112,1.00219,True,-0.005591830538920998,-1.0721469,-0.000839642545,1.0256566249999999
Non-centered,2,54,log_sigma_sq,1.001175,1.00354,True,-1.7510635302484,-5.48010119,-1.56477175,1.3061820499999999
Non-centered,2,54,theta[1],1.001175,1.00354,True,-0.002092514245014,-1.052811365,-0.00258133015,1.091793634999999
Non-centered,2,55,log_sigma_sq,1.000775,1.00212,True,-1.83391897157351,-5.7357518149999995,-1.5851019499999999,1.254035305
Non-centered,2,55,theta[1],1.000775,1.00212,True,0.015070288061992497,-1.01975879,0.00667888805,1.0581844699999994
Non-centered,2,56,log_sigma_sq,1.0014699999999999,1.00222,True,-1.8151951954066752,-5.78462327,-1.62052395,1.3331456
Non-centered,2,56,theta[1],1.0014699999999999,1.00222,True,-0.002852082762363251,-1.0177997,0.00338950745,0.9979432049999994
Non-centered,2,57,log_sigma_sq,1.00051,1.00236,True,-1.7108657417499575,-5.52426117,-1.4419089999999999,1.2576133349999992
Non-centered,2,57,theta[1],1.00051,1.00236,True,0.01983658048392985,-0.9714729705,0.00043932666,1.0421672149999999
Non-centered,2,58,log_sigma_sq,1.0009700000000001,1.00459,True,-1.7945086263891998,-5.68494474,-1.5963091999999999,1.2944685199999988
Non-centered,2,58,theta[1],1.0009700000000001,1.00459,True,-0.021282254895040497,-1.07855527,-0.00141252835,0.9709216874999994
Non-centered,2,59,log_sigma_sq,1.0005199999999999,1.00141,True,-1.83720114357195,-5.77829344,-1.6083436500000001,1.226190749999998
Non-centered,2,59,theta[1],1.0005199999999999,1.00141,True,-0.0004560361531162531,-1.001203055,-3.664360250000001e-05,0.9743916639999998
Non-centered,2,60,log_sigma_sq,1.00089,1.00285,True,-1.7907985712687122,-5.551776749999999,-1.57720835,1.2780449
Non-centered,2,60,theta[1],1.00089,1.00285,True,0.003724618865740004,-1.018543465,0.0029446011,1.0916548549999991
Non-centered,2,61,log_sigma_sq,1.001355,1.00254,True,-1.7526139024522827,-5.60421812,-1.5545287,1.3824403949999993
Non-centered,2,61,theta[1],1.001355,1.00254,True,0.0112479730141475,-1.0277425249999999,0.0022697897,1.1122777899999994
Non-centered,2,62,log_sigma_sq,1.000305,1.00073,True,-1.7577683786892877,-5.70805165,-1.51893795,1.290509134999997
Non-centered,2,62,theta[1],1.000305,1.00073,True,-0.005361945350069248,-1.00116778,-0.0017917337,1.010114359999999
Non-centered,2,63,log_sigma_sq,1.0010949999999998,1.00393,True,-1.8641319107816448,-5.688674485,-1.62953915,1.1890515449999997
Non-centered,2,63,theta[1],1.0010949999999998,1.00393,True,0.008599056541223747,-0.9578370009999999,0.000533107465,1.0486790599999993
Non-centered,2,64,log_sigma_sq,1.00053,1.0024,True,-1.8146069023408724,-5.61057029,-1.6045478499999999,1.2887663399999998
Non-centered,2,64,theta[1],1.00053,1.0024,True,0.0026611031720700003,-0.9550269754999999,-0.000550390345,0.9904081494999993
Non-centered,2,65,log_sigma_sq,1.001135,1.00249,True,-1.8703176281006448,-5.739874665,-1.5915551,1.2529199349999993
Non-centered,2,65,theta[1],1.001135,1.00249,True,-0.009048673605864999,-1.05377058,-0.00206662045,0.9681809414999994
Non-centered,2,66,log_sigma_sq,1.000645,1.00484,True,-1.876796202835305,-5.717295085,-1.61995945,1.1771414499999986
Non-centered,2,66,theta[1],1.000645,1.00484,True,0.011574455878401502,-0.944733325,0.0049450508,1.0126646299999997
Non-centered,2,67,log_sigma_sq,1.00074,1.00251,True,-1.860305601123635,-5.7889589,-1.65551945,1.3161641649999998
Non-centered,2,67,theta[1],1.00074,1.00251,True,0.004668539007672251,-1.016500145,0.00189457975,1.0077340999999997
Non-centered,2,68,log_sigma_sq,1.000455,1.00124,True,-1.8153768313575251,-5.605368575,-1.5872738000000002,1.2434870799999986
Non-centered,2,68,theta[1],1.000455,1.00124,True,0.010492519365113499,-0.964361334,0.0062918026,1.0114763499999955
Non-centered,2,69,log_sigma_sq,1.000745,1.00212,True,-1.819616431049575,-5.70235416,-1.5727639,1.2641783399999995
Non-centered,2,69,theta[1],1.000745,1.00212,True,0.0018295102077762477,-0.9973742649999999,0.0031105557499999997,0.9732914019999999
Non-centered,2,70,log_sigma_sq,1.0010949999999998,1.00365,True,-1.7776495283436498,-5.593890255000001,-1.5421605999999999,1.368010945
Non-centered,2,70,theta[1],1.0010949999999998,1.00365,True,-0.0056883512402959,-1.0381977649999998,0.0023165547,0.970770721
Non-centered,2,71,log_sigma_sq,1.000975,1.00273,True,-1.8886060204710975,-5.70861776,-1.6449694,1.248183944999998
Non-centered,2,71,theta[1],1.000975,1.00273,True,-0.0030638078659400016,-1.02184953,-0.00111046365,1.0042512799999992
Non-centered,2,72,log_sigma_sq,1.00047,1.00277,True,-1.8158545856532855,-5.55629609,-1.6144175,1.2186350749999972
Non-centered,2,72,theta[1],1.00047,1.00277,True,0.0032098665361745007,-1.01525709,0.004657935,0.9638473934999986
Non-centered,2,73,log_sigma_sq,1.0012050000000001,1.00377,True,-1.7862049601530325,-5.705471805,-1.56018575,1.1996109949999998
Non-centered,2,73,theta[1],1.0012050000000001,1.00377,True,0.0052964449023125,-1.0244959999999999,-0.007602131349999999,1.0687512499999998
Non-centered,2,74,log_sigma_sq,1.00054,1.00201,True,-1.8567022548895824,-5.67977421,-1.66414655,1.2271955349999988
Non-centered,2,74,theta[1],1.00054,1.00201,True,0.010393568115218505,-1.044452165,-0.0012458692,1.0778671849999997
Non-centered,2,75,log_sigma_sq,1.000245,1.00162,True,-1.8521103108878252,-5.67327681,-1.6302094,1.2980787799999989
Non-centered,2,75,theta[1],1.000245,1.00162,True,0.0011530382466361257,-0.9989832989999999,-0.0028350448000000004,1.0445177199999998
Non-centered,2,76,log_sigma_sq,1.001155,1.00383,True,-1.761265674021055,-5.53185502,-1.5160957499999999,1.3006287749999998
Non-centered,2,76,theta[1],1.001155,1.00383,True,-0.0025050834473925023,-1.03778528,-0.00096239038,1.0771611149999998
Non-centered,2,77,log_sigma_sq,1.0011999999999999,1.00362,True,-1.7793457994150248,-5.759688615,-1.55373225,1.3454189399999992
Non-centered,2,77,theta[1],1.0011999999999999,1.00362,True,-0.008885265537300752,-1.0771271199999999,-0.0016281,0.9746632044999994
Non-centered,2,78,log_sigma_sq,1.000635,1.00367,True,-1.9067261858669748,-5.941010629999999,-1.6614737,1.2562203399999994
Non-centered,2,78,theta[1],1.000635,1.00367,True,0.012803934096204502,-0.9745897164999999,-0.00163077945,1.02123853
Non-centered,2,79,log_sigma_sq,1.000915,1.00242,True,-1.8348551046521,-5.622265055,-1.6212757,1.2232579000000001
Non-centered,2,79,theta[1],1.000915,1.00242,True,-0.003257026891815249,-1.0103345099999999,0.00302759005,0.9937159764999997
Non-centered,2,80,log_sigma_sq,1.000745,1.00356,True,-1.8716833782915736,-5.813761615,-1.63624185,1.221988364999999
Non-centered,2,80,theta[1],1.000745,1.00356,True,0.018141539627908678,-1.015355175,0.0064407583,1.0523942099999994
Non-centered,2,81,log_sigma_sq,1.00089,1.00237,True,-1.8054586893528752,-5.56724795,-1.6153529500000001,1.343370964999999
Non-centered,2,81,theta[1],1.00089,1.00237,True,0.008131386034601246,-0.9999262329999999,0.0028320268499999997,1.028623789999998
Non-centered,2,82,log_sigma_sq,1.00114,1.00359,True,-1.8024532457826798,-5.63626643,-1.5626007,1.19543557
Non-centered,2,82,theta[1],1.00114,1.00359,True,-0.003483585321100002,-1.016685805,-0.0034359053,0.99502458
Non-centered,2,83,log_sigma_sq,1.000695,1.00244,True,-1.7645001679112682,-5.680506395,-1.5288735,1.3582037849999993
Non-centered,2,83,theta[1],1.000695,1.00244,True,0.0032671791636575027,-1.05354244,-0.0032457287500000003,1.0705982799999998
Non-centered,2,84,log_sigma_sq,1.0000900000000001,1.00203,True,-1.8017677873498974,-5.6473078150000005,-1.6038836,1.2759430949999992
Non-centered,2,84,theta[1],1.0000900000000001,1.00203,True,-0.004906394694816995,-1.0170252100000001,0.0023252376999999998,0.9892239869999989
Non-centered,2,85,log_sigma_sq,1.0005950000000001,1.00465,True,-1.7521923472110725,-5.757993905,-1.492311,1.3288399749999993
Non-centered,2,85,theta[1],1.0005950000000001,1.00465,True,0.0038516684385309983,-1.0392188500000001,0.0030141151,1.0531135799999984
Non-centered,2,86,log_sigma_sq,1.0021499999999999,1.00395,True,-1.8429035515076306,-5.740754055,-1.6120736,1.2719962499999993
Non-centered,2,86,theta[1],1.0021499999999999,1.00395,True,0.0149518848252895,-0.9721302325,0.0033259591,1.0806031949999992
Non-centered,2,87,log_sigma_sq,1.000925,1.00233,True,-1.8305183110282501,-5.58722257,-1.61215005,1.21186201
Non-centered,2,87,theta[1],1.000925,1.00233,True,0.00028684127359349977,-0.9707965824999999,0.0012301637,0.9744875114999988
Non-centered,2,88,log_sigma_sq,1.0009350000000001,1.00278,True,-1.8617631961660126,-5.92672909,-1.6258415,1.2727213199999996
Non-centered,2,88,theta[1],1.0009350000000001,1.00278,True,-0.0033075095575747487,-1.03112341,-0.000761797095,0.9985533289999996
Non-centered,2,89,log_sigma_sq,1.00062,1.00425,True,-1.89566931660825,-5.83029942,-1.6893389,1.2441130849999986
Non-centered,2,89,theta[1],1.00062,1.00425,True,-0.0066256881005445,-0.938179875,-0.0026570637,0.942612586499999
Non-centered,2,90,log_sigma_sq,1.000815,1.00214,True,-1.8443208735333751,-5.76008516,-1.62211745,1.2446763399999994
Non-centered,2,90,theta[1],1.000815,1.00214,True,-0.01007190633382275,-1.0544795200000001,-0.0018165225999999999,1.0159764549999994
Non-centered,2,91,log_sigma_sq,1.00182,1.00344,True,-1.8462800345937251,-5.657710245,-1.64513975,1.2513262899999993
Non-centered,2,91,theta[1],1.00182,1.00344,True,0.0007517589549029999,-1.0068411,0.0041753793,0.953220135999999
Non-centered,2,92,log_sigma_sq,1.00068,1.00224,True,-1.8345910336350244,-5.823471639999999,-1.59151095,1.2397923499999968
Non-centered,2,92,theta[1],1.00068,1.00224,True,0.006634991015476528,-0.9562666035,0.000456070535,1.0052877349999996
Non-centered,2,93,log_sigma_sq,1.0008650000000001,1.00165,True,-1.9063338274158501,-5.732223355,-1.69398085,1.2364234899999997
Non-centered,2,93,theta[1],1.0008650000000001,1.00165,True,0.005045426537229748,-1.00730569,0.0068286106999999995,0.9966937969999998
Non-centered,2,94,log_sigma_sq,1.0012349999999999,1.0031,True,-1.8137027625921673,-5.559408404999999,-1.58668875,1.237938815
Non-centered,2,94,theta[1],1.0012349999999999,1.0031,True,0.005223193758567754,-1.0033651849999998,0.000967316305,1.0276933
Non-centered,2,95,log_sigma_sq,1.000655,1.00275,True,-1.8004835422699947,-5.75630241,-1.5472000499999998,1.3083956499999991
Non-centered,2,95,theta[1],1.000655,1.00275,True,-0.006671509737768501,-1.044385315,0.00125682395,0.9884179174999992
Non-centered,2,96,log_sigma_sq,1.0008599999999999,1.00202,True,-1.8444190279873052,-5.774323575,-1.5966527,1.2062876799999995
Non-centered,2,96,theta[1],1.0008599999999999,1.00202,True,-0.004150043375440502,-0.9987791405,-0.000600380235,1.0066399
Non-centered,2,97,log_sigma_sq,1.00044,1.00156,True,-1.8447730343456177,-5.687146915,-1.60958065,1.1602104249999987
Non-centered,2,97,theta[1],1.00044,1.00156,True,-0.0026026304405125235,-1.01257677,-0.00093813413,0.94838364
Non-centered,2,98,log_sigma_sq,1.001145,1.00667,True,-1.780494792523985,-5.615876109999999,-1.5615834,1.229768074999995
Non-centered,2,98,theta[1],1.001145,1.00667,True,0.002472799677273502,-1.02367652,-0.000191845245,1.014187955
Non-centered,2,99,log_sigma_sq,1.00014,1.00273,True,-1.767793996256805,-5.45793927,-1.5613136,1.2301963649999998
Non-centered,2,99,theta[1],1.00014,1.00273,True,-0.00021059870661174673,-1.01198709,0.000447722115,1.0139396199999988
Non-centered,2,100,log_sigma_sq,1.000765,1.00444,True,-1.801091497227695,-5.565502884999999,-1.5673942,1.2177596
Non-centered,2,100,theta[1],1.000765,1.00444,True,0.0017003814876549992,-1.061406555,0.00464409695,1.0885906349999999
Non-centered,4,1,log_sigma_sq,1.000885,1.00235,True,-1.8104010786213,-5.43576095,-1.5257390000000002,0.83506731
Non-centered,4,1,theta[1],1.000885,1.00235,True,0.26746164957162,-0.4635037005,0.13693666,1.4144380999999981
Non-centered,4,2,log_sigma_sq,1.001135,1.0031,True,-1.7967944321068499,-5.428972825000001,-1.5239175999999999,0.8568275244999999
Non-centered,4,2,theta[1],1.001135,1.0031,True,0.2713601500702494,-0.46811700549999996,0.122568285,1.438408075
Non-centered,4,3,log_sigma_sq,1.00141,1.00329,True,-1.7731978931583225,-5.459107645,-1.4217655,0.8756565574999996
Non-centered,4,3,theta[1],1.00141,1.00329,True,0.27267761024178006,-0.444436391,0.12481152,1.4326402149999982
Non-centered,4,4,log_sigma_sq,1.00044,1.00145,True,-1.901184622876455,-5.738670575,-1.54111945,0.9091713924999997
Non-centered,4,4,theta[1],1.00044,1.00145,True,0.2717932336370275,-0.46966291649999997,0.1191374,1.401475989999998
Non-centered,4,5,log_sigma_sq,1.00108,1.0047,True,-1.7822461160771323,-5.545229835,-1.47338305,0.9120967839999994
Non-centered,4,5,theta[1],1.00108,1.0047,True,0.2884601627872127,-0.47108071149999997,0.13676228499999998,1.4526396599999998
Non-centered,4,6,log_sigma_sq,1.0009299999999999,1.0044,True,-1.8080689092180326,-5.375623245000001,-1.5116452,0.7898998034999998
Non-centered,4,6,theta[1],1.0009299999999999,1.0044,True,0.26706051455450375,-0.475312701,0.12984537000000002,1.3815385699999982
Non-centered,4,7,log_sigma_sq,1.00064,1.00421,True,-1.784973619852874,-5.60219093,-1.4489548499999998,1.0019348349999984
Non-centered,4,7,theta[1],1.00064,1.00421,True,0.2780283807934372,-0.48193032299999994,0.11704706000000001,1.4774132399999993
Non-centered,4,8,log_sigma_sq,1.00086,1.00472,True,-1.8035904141522832,-5.614600425,-1.4952523000000002,0.8579673929999998
Non-centered,4,8,theta[1],1.00086,1.00472,True,0.27229487991044626,-0.4900786195,0.120948505,1.4449320599999995
Non-centered,4,9,log_sigma_sq,1.000845,1.00303,True,-1.8129305907603024,-5.62184952,-1.5064549,0.8552731069999997
Non-centered,4,9,theta[1],1.000845,1.00303,True,0.2840452127408853,-0.45925978199999995,0.13913061999999998,1.464899625
Non-centered,4,10,log_sigma_sq,1.00049,1.00137,True,-1.7767139458496377,-5.52064414,-1.4599995,0.8809362274999996
Non-centered,4,10,theta[1],1.00049,1.00137,True,0.2763939282562862,-0.465576655,0.12658982000000002,1.422070445
Non-centered,4,11,log_sigma_sq,1.0009000000000001,1.00236,True,-1.7802209530200976,-5.48980135,-1.44978645,0.8623380979999999
Non-centered,4,11,theta[1],1.0009000000000001,1.00236,True,0.28207403799061126,-0.4495229595,0.14315983,1.3780894849999987
Non-centered,4,12,log_sigma_sq,1.00095,1.00244,True,-2.0001400540834,-5.83741792,-1.68680145,0.7868383179999998
Non-centered,4,12,theta[1],1.00095,1.00244,True,0.25015978784028203,-0.43850349749999995,0.1009497,1.4032767899999996
Non-centered,4,13,log_sigma_sq,1.0011700000000001,1.00245,True,-1.7413777029221809,-5.353110245,-1.42745485,0.9089489154999998
Non-centered,4,13,theta[1],1.0011700000000001,1.00245,True,0.2787809783940495,-0.44210693649999994,0.146276035,1.3816683049999998
Non-centered,4,14,log_sigma_sq,1.0007000000000001,1.00363,True,-1.833675590803825,-5.47407982,-1.51627885,0.8544373189999992
Non-centered,4,14,theta[1],1.0007000000000001,1.00363,True,0.2658934356067181,-0.465144475,0.11216292,1.3932235699999997
Non-centered,4,15,log_sigma_sq,1.00048,1.00163,True,-1.8450503889979175,-5.591489355,-1.5109481,0.873062309
Non-centered,4,15,theta[1],1.00048,1.00163,True,0.2651216664075913,-0.476818964,0.109843045,1.4502185799999985
Non-centered,4,16,log_sigma_sq,1.0005000000000002,1.00343,True,-1.7766257546843873,-5.607867895,-1.44126665,0.8731908559999997
Non-centered,4,16,theta[1],1.0005000000000002,1.00343,True,0.26471289217618527,-0.459097279,0.12355105,1.374205624999999
Non-centered,4,17,log_sigma_sq,1.000805,1.00316,True,-1.7791005769902575,-5.384914665,-1.51552035,0.9826856945
Non-centered,4,17,theta[1],1.000805,1.00316,True,0.27458666969827344,-0.46821515,0.13289573500000001,1.470508435
Non-centered,4,18,log_sigma_sq,1.0003099999999998,1.0028,True,-1.7202339101343724,-5.378715015,-1.37673125,0.936282992999999
Non-centered,4,18,theta[1],1.0003099999999998,1.0028,True,0.2703880077575775,-0.470330172,0.13886061,1.4017369099999997
Non-centered,4,19,log_sigma_sq,1.000335,1.00262,True,-1.837893432622055,-5.53596184,-1.5338565000000002,0.8242948509999998
Non-centered,4,19,theta[1],1.000335,1.00262,True,0.26537232578324493,-0.4670659489999999,0.11039003,1.4028122249999997
Non-centered,4,20,log_sigma_sq,1.00114,1.00238,True,-1.81168430697596,-5.63615366,-1.48225645,0.9678316649999991
Non-centered,4,20,theta[1],1.00114,1.00238,True,0.27121449009392373,-0.4666828875,0.11730952,1.4578752899999998
Non-centered,4,21,log_sigma_sq,1.0009899999999998,1.00372,True,-1.88273808258605,-5.73806952,-1.58470185,0.9106574789999995
Non-centered,4,21,theta[1],1.0009899999999998,1.00372,True,0.24735444074278498,-0.47793712099999996,0.11412453,1.3331442449999997
Non-centered,4,22,log_sigma_sq,1.001355,1.00338,True,-1.6725091970011925,-5.2440571799999995,-1.3548803,0.9404213829999992
Non-centered,4,22,theta[1],1.001355,1.00338,True,0.2955540186214634,-0.4504268705,0.15478212000000002,1.4501613649999998
Non-centered,4,23,log_sigma_sq,1.000515,1.00131,True,-1.7994490418048148,-5.358574885,-1.51181955,0.8324919634999994
Non-centered,4,23,theta[1],1.000515,1.00131,True,0.27574438832849074,-0.4610088335,0.12883569,1.4637955599999997
Non-centered,4,24,log_sigma_sq,1.001665,1.00329,True,-1.77893655611185,-5.609485525,-1.4579575,0.8369396544999987
Non-centered,4,24,theta[1],1.001665,1.00329,True,0.2884452120083623,-0.42325960449999994,0.131394865,1.4533172199999997
Non-centered,4,25,log_sigma_sq,1.000975,1.00174,True,-1.7781774724686716,-5.58315173,-1.4394175,0.8709976055
Non-centered,4,25,theta[1],1.000975,1.00174,True,0.2729858472090625,-0.45106042199999996,0.132774125,1.3686949249999993
Non-centered,4,26,log_sigma_sq,1.00164,1.00301,True,-1.8370605566563327,-5.46351654,-1.49650105,0.836353057499999
Non-centered,4,26,theta[1],1.00164,1.00301,True,0.2648899965357745,-0.460088894,0.119003205,1.4115846599999993
Non-centered,4,27,log_sigma_sq,1.000945,1.00468,True,-1.867153401315415,-5.70042948,-1.5302997999999999,0.8456919654999994
Non-centered,4,27,theta[1],1.000945,1.00468,True,0.2742206500545331,-0.41977070599999994,0.12242038499999999,1.3588242949999976
Non-centered,4,28,log_sigma_sq,1.001185,1.00441,True,-1.8012770845721748,-5.497225655,-1.5267178000000001,0.8266701599999999
Non-centered,4,28,theta[1],1.001185,1.00441,True,0.27364787653714573,-0.469234048,0.12021967,1.4305355749999995
Non-centered,4,29,log_sigma_sq,1.000855,1.00239,True,-1.805780161164495,-5.49139567,-1.4871772,0.8842812709999999
Non-centered,4,29,theta[1],1.000855,1.00239,True,0.278277003867755,-0.43357946399999997,0.132065045,1.4016994749999998
Non-centered,4,30,log_sigma_sq,1.00055,1.00184,True,-1.88200011744375,-5.710990444999999,-1.5710535,0.8027873085
Non-centered,4,30,theta[1],1.00055,1.00184,True,0.26981160350912947,-0.48294513,0.12027171,1.48143707
Non-centered,4,31,log_sigma_sq,1.0005899999999999,1.0017,True,-1.82075049722327,-5.659789345,-1.5047988,0.973910543
Non-centered,4,31,theta[1],1.0005899999999999,1.0017,True,0.2738119458018205,-0.455346586,0.12775374,1.4502988349999983
Non-centered,4,32,log_sigma_sq,1.00083,1.00247,True,-1.7361960359239974,-5.48343561,-1.42851625,0.889026579499999
Non-centered,4,32,theta[1],1.00083,1.00247,True,0.26841512149904556,-0.4794044155,0.14005887,1.40590828
Non-centered,4,33,log_sigma_sq,1.00101,1.00163,True,-1.8298224986988925,-5.5563321,-1.4976066000000001,0.7988384574999998
Non-centered,4,33,theta[1],1.00101,1.00163,True,0.26691183314935873,-0.4986393485,0.124723425,1.3896113949999997
Non-centered,4,34,log_sigma_sq,1.00035,1.00276,True,-1.818928864838975,-5.612649205,-1.4639544,0.8314895909999988
Non-centered,4,34,theta[1],1.00035,1.00276,True,0.2702949655614457,-0.42340340049999997,0.125745955,1.3502247299999999
Non-centered,4,35,log_sigma_sq,1.0012400000000001,1.00503,True,-1.7388056944588726,-5.5516872,-1.42878465,0.9152141009999958
Non-centered,4,35,theta[1],1.0012400000000001,1.00503,True,0.2798143100029763,-0.44421103249999994,0.13382924499999999,1.451555969999999
Non-centered,4,36,log_sigma_sq,1.00107,1.00332,True,-1.7383793027402525,-5.408195255,-1.4338033000000001,0.9812446964999997
Non-centered,4,36,theta[1],1.00107,1.00332,True,0.28307066828162,-0.483909916,0.138354945,1.4581875449999993
Non-centered,4,37,log_sigma_sq,1.000895,1.00365,True,-1.821450689923353,-5.706013329999999,-1.4870028,0.8610132404999989
Non-centered,4,37,theta[1],1.000895,1.00365,True,0.26060069841725,-0.4843364215,0.12703715,1.3812376449999986
Non-centered,4,38,log_sigma_sq,1.0011,1.00373,True,-1.8080207900489071,-5.6020400949999996,-1.48933195,0.8296594549999963
Non-centered,4,38,theta[1],1.0011,1.00373,True,0.2718301779719825,-0.4466360235,0.127311165,1.3494782399999998
Non-centered,4,39,log_sigma_sq,1.000695,1.00303,True,-1.7501535602992748,-5.439666809999999,-1.4226644,1.0077485349999993
Non-centered,4,39,theta[1],1.000695,1.00303,True,0.3007257073569975,-0.4312895015,0.143402065,1.4914263399999996
Non-centered,4,40,log_sigma_sq,1.000525,1.00249,True,-1.9027960558421424,-5.83250759,-1.5992030499999998,0.8844174819999988
Non-centered,4,40,theta[1],1.000525,1.00249,True,0.26974975665108797,-0.45679983949999997,0.112410175,1.4261284399999994
Non-centered,4,41,log_sigma_sq,1.0011999999999999,1.00191,True,-1.7934233263818973,-5.5276937749999995,-1.4952191,0.921857454999999
Non-centered,4,41,theta[1],1.0011999999999999,1.00191,True,0.26118792491157,-0.4740413085,0.112416245,1.43619864
Non-centered,4,42,log_sigma_sq,1.00115,1.00385,True,-1.77187619686206,-5.55463899,-1.4241576,0.9259660394999993
Non-centered,4,42,theta[1],1.00115,1.00385,True,0.2837202902965779,-0.474551352,0.12512442499999998,1.4766310649999999
Non-centered,4,43,log_sigma_sq,1.00083,1.00154,True,-1.7579568570248798,-5.380409095,-1.4716751,0.8458569739999995
Non-centered,4,43,theta[1],1.00083,1.00154,True,0.275305758731268,-0.4662197065,0.14435183499999998,1.4162119449999995
Non-centered,4,44,log_sigma_sq,1.000735,1.00293,True,-1.744383052227975,-5.372990225000001,-1.43895075,0.9213877579999983
Non-centered,4,44,theta[1],1.000735,1.00293,True,0.2736073408537385,-0.4528213035,0.13975869000000002,1.3759034
Non-centered,4,45,log_sigma_sq,1.00102,1.00216,True,-1.7929750113378928,-5.605140609999999,-1.5022132,0.9032424999999957
Non-centered,4,45,theta[1],1.00102,1.00216,True,0.27349190412985247,-0.46719062899999997,0.12278811,1.4307734
Non-centered,4,46,log_sigma_sq,1.0006750000000002,1.00294,True,-1.7308816841256849,-5.40992146,-1.4020934999999999,0.94492919
Non-centered,4,46,theta[1],1.0006750000000002,1.00294,True,0.2852672264731532,-0.48702195249999997,0.13578078,1.4659362
Non-centered,4,47,log_sigma_sq,1.0011999999999999,1.0032,True,-1.7583772418549226,-5.465133535,-1.45497735,0.8948732724999988
Non-centered,4,47,theta[1],1.0011999999999999,1.0032,True,0.26678491143788674,-0.43688776399999996,0.12136185,1.4191629349999992
Non-centered,4,48,log_sigma_sq,1.00087,1.00447,True,-1.8061541886145749,-5.4439711299999995,-1.5017176,0.8332816379999998
Non-centered,4,48,theta[1],1.00087,1.00447,True,0.259362926828578,-0.46892997649999996,0.12367697999999999,1.3463391449999988
Non-centered,4,49,log_sigma_sq,1.0003549999999999,1.00258,True,-1.84434683223485,-5.74877133,-1.49070195,0.8472172359999999
Non-centered,4,49,theta[1],1.0003549999999999,1.00258,True,0.276475602736832,-0.47303501549999993,0.12654377500000002,1.426166699999999
Non-centered,4,50,log_sigma_sq,1.00138,1.00339,True,-1.791156251197565,-5.561016779999999,-1.45004505,0.8858706029999981
Non-centered,4,50,theta[1],1.00138,1.00339,True,0.28090414773497796,-0.4786012274999999,0.13068174999999999,1.4746517549999985
Non-centered,4,51,log_sigma_sq,1.00053,1.00201,True,-1.7789627165960176,-5.74215041,-1.4208942,0.8799245379999994
Non-centered,4,51,theta[1],1.00053,1.00201,True,0.2931783191524895,-0.4358729055,0.138318655,1.4878098299999996
Non-centered,4,52,log_sigma_sq,1.0010400000000002,1.00302,True,-1.7952300498414966,-5.46316215,-1.49409005,0.8979200529999982
Non-centered,4,52,theta[1],1.0010400000000002,1.00302,True,0.26516934302497075,-0.48872801549999995,0.12434300000000001,1.4660906949999999
Non-centered,4,53,log_sigma_sq,1.00128,1.00498,True,-1.7603028455996974,-5.32523452,-1.4385958,0.9554219619999995
Non-centered,4,53,theta[1],1.00128,1.00498,True,0.2731519598536895,-0.489093441,0.13036171000000002,1.423655079999998
Non-centered,4,54,log_sigma_sq,1.000885,1.00221,True,-1.7851273712265174,-5.46472558,-1.4680007000000002,0.8500771089999994
Non-centered,4,54,theta[1],1.000885,1.00221,True,0.277865641435657,-0.456566614,0.13238267999999997,1.3943245199999996
Non-centered,4,55,log_sigma_sq,1.0006650000000001,1.00223,True,-1.8885217960184872,-5.691197365,-1.5855963,0.8467880739999983
Non-centered,4,55,theta[1],1.0006650000000001,1.00223,True,0.2646260988795369,-0.497332691,0.11064644,1.4479985949999987
Non-centered,4,56,log_sigma_sq,1.00115,1.00638,True,-1.7530422637740275,-5.5419931149999995,-1.40626855,0.9121984189999988
Non-centered,4,56,theta[1],1.00115,1.00638,True,0.27206055559396425,-0.477316107,0.12898895999999999,1.3974670099999997
Non-centered,4,57,log_sigma_sq,1.001305,1.00365,True,-1.7583030729165576,-5.78991629,-1.39937885,1.0203045
Non-centered,4,57,theta[1],1.001305,1.00365,True,0.29897008401764225,-0.450649622,0.133626565,1.5517496099999997
Non-centered,4,58,log_sigma_sq,1.00062,1.00437,True,-1.775964487950675,-5.4557529449999995,-1.4541936500000001,0.8174123664999999
Non-centered,4,58,theta[1],1.00062,1.00437,True,0.2620427277329705,-0.452975723,0.124883685,1.3876655199999994
Non-centered,4,59,log_sigma_sq,1.0006,1.00243,True,-1.7612713268226594,-5.46238003,-1.4704107,0.8909792194999996
Non-centered,4,59,theta[1],1.0006,1.00243,True,0.2741920481466118,-0.4819916805,0.12252687,1.4060561
Non-centered,4,60,log_sigma_sq,1.00111,1.00214,True,-1.7973275174404826,-5.576251579999999,-1.46034165,0.8455179859999984
Non-centered,4,60,theta[1],1.00111,1.00214,True,0.2872807015804415,-0.42661656699999995,0.14637504,1.4095637899999998
Non-centered,4,61,log_sigma_sq,1.00053,1.00276,True,-1.7775327634701448,-5.44389196,-1.4794002499999999,0.9012587624999995
Non-centered,4,61,theta[1],1.00053,1.00276,True,0.298329717186485,-0.4329590485,0.152938085,1.4824614049999996
Non-centered,4,62,log_sigma_sq,1.000875,1.00273,True,-1.82510341070888,-5.477453945,-1.5655396000000001,0.8336719664999996
Non-centered,4,62,theta[1],1.000875,1.00273,True,0.27266850423809874,-0.44201485,0.124692895,1.4307958199999988
Non-centered,4,63,log_sigma_sq,1.0006750000000002,1.00258,True,-1.8221467064289274,-5.549195745,-1.47181125,0.8472345804999991
Non-centered,4,63,theta[1],1.0006750000000002,1.00258,True,0.2764090920936383,-0.46626838249999997,0.11638787,1.4884189099999998
Non-centered,4,64,log_sigma_sq,1.00069,1.00289,True,-1.7483712160912,-5.26798256,-1.4453073,0.9253867444999999
Non-centered,4,64,theta[1],1.00069,1.00289,True,0.28117330313995575,-0.4306590655,0.130509955,1.4527371249999996
Non-centered,4,65,log_sigma_sq,1.000925,1.00217,True,-1.7906079456306825,-5.66047529,-1.48647025,0.904208414
Non-centered,4,65,theta[1],1.000925,1.00217,True,0.28044987128768173,-0.46380151350000004,0.13436504,1.4220903699999985
Non-centered,4,66,log_sigma_sq,1.0009100000000002,1.00166,True,-1.8450493189415702,-5.683455995,-1.51939475,0.8389202764999996
Non-centered,4,66,theta[1],1.0009100000000002,1.00166,True,0.2682103528060304,-0.4325581545,0.125269845,1.3855378599999995
Non-centered,4,67,log_sigma_sq,1.001315,1.00293,True,-1.7732167900229425,-5.580058500000001,-1.4777916,0.943118662999998
Non-centered,4,67,theta[1],1.001315,1.00293,True,0.29949816257483247,-0.44856701849999997,0.135850095,1.4664678549999997
Non-centered,4,68,log_sigma_sq,1.00087,1.00273,True,-1.759977515315445,-5.279905505,-1.46940815,0.8242838984999996
Non-centered,4,68,theta[1],1.00087,1.00273,True,0.2786576477068578,-0.450906128,0.127976415,1.4363803749999993
Non-centered,4,69,log_sigma_sq,1.000745,1.00419,True,-1.7633223747477351,-5.35762366,-1.4801373500000001,0.8929375874999993
Non-centered,4,69,theta[1],1.000745,1.00419,True,0.27354319692221496,-0.4558232095,0.12023264,1.427120895
Non-centered,4,70,log_sigma_sq,1.0004849999999998,1.00242,True,-1.80308417954467,-5.441118155,-1.51228265,0.8626415389999997
Non-centered,4,70,theta[1],1.0004849999999998,1.00242,True,0.2784159251579925,-0.4666871205,0.127614115,1.4145808299999996
Non-centered,4,71,log_sigma_sq,1.000845,1.00259,True,-1.87374376353885,-5.79135399,-1.5346708,0.9092497969999996
Non-centered,4,71,theta[1],1.000845,1.00259,True,0.25564405442694527,-0.48092396449999997,0.11136723,1.4240325549999984
Non-centered,4,72,log_sigma_sq,1.0008249999999999,1.00413,True,-1.850016568656269,-5.629531399999999,-1.5000605,0.8938980025
Non-centered,4,72,theta[1],1.0008249999999999,1.00413,True,0.268305568599047,-0.459563986,0.11861218500000001,1.4198762749999991
Non-centered,4,73,log_sigma_sq,1.0009899999999998,1.00255,True,-1.7836025594562361,-5.476014365,-1.5119197,0.9154628304999997
Non-centered,4,73,theta[1],1.0009899999999998,1.00255,True,0.28168401923751246,-0.47773552399999997,0.12961237,1.4691878099999989
Non-centered,4,74,log_sigma_sq,1.001175,1.00435,True,-1.8317578200487425,-5.61177663,-1.4945050000000002,0.8649425900000001
Non-centered,4,74,theta[1],1.001175,1.00435,True,0.28286190013909923,-0.429537175,0.142490085,1.4078865099999998
Non-centered,4,75,log_sigma_sq,1.0004300000000002,1.00224,True,-1.6875835514688713,-5.269272915,-1.3589509,0.9262676339999982
Non-centered,4,75,theta[1],1.0004300000000002,1.00224,True,0.29461005751792074,-0.4383591049999999,0.13487132,1.534797375
Non-centered,4,76,log_sigma_sq,1.000815,1.00229,True,-1.7194687963379425,-5.526835975,-1.37015255,0.8821092394999999
Non-centered,4,76,theta[1],1.000815,1.00229,True,0.2972825578211,-0.4355561265,0.15250882500000001,1.4482504200000001
Non-centered,4,77,log_sigma_sq,1.000455,1.00242,True,-1.8483102649896674,-5.372499909999999,-1.5786313,0.8060401769999985
Non-centered,4,77,theta[1],1.000455,1.00242,True,0.24822654453026904,-0.483916773,0.10843366,1.3812105099999998
Non-centered,4,78,log_sigma_sq,1.000245,1.0017,True,-1.832959746426475,-5.615588789999999,-1.52828485,0.8608190339999998
Non-centered,4,78,theta[1],1.000245,1.0017,True,0.27991196849001,-0.45056270899999995,0.127177465,1.4622084899999992
Non-centered,4,79,log_sigma_sq,1.0010400000000002,1.00533,True,-1.8559848440667999,-5.609394125000001,-1.54613875,0.8318085054999999
Non-centered,4,79,theta[1],1.0010400000000002,1.00533,True,0.2507426031486169,-0.466861798,0.098595387,1.3749364
Non-centered,4,80,log_sigma_sq,1.000415,1.00266,True,-1.7711400642826625,-5.4570423450000005,-1.4436546,0.8987936674999942
Non-centered,4,80,theta[1],1.000415,1.00266,True,0.27217239638041324,-0.48709872,0.13899064,1.356193775
Non-centered,4,81,log_sigma_sq,1.00049,1.00404,True,-1.7358125212655475,-5.294476909999999,-1.41947845,0.8805085819999998
Non-centered,4,81,theta[1],1.00049,1.00404,True,0.2732248704278525,-0.4608008375,0.12980381000000002,1.4140015
Non-centered,4,82,log_sigma_sq,1.00076,1.00228,True,-1.8238401797773682,-5.69436447,-1.47354465,0.8951480509999994
Non-centered,4,82,theta[1],1.00076,1.00228,True,0.2822007748780645,-0.45324081499999996,0.136238325,1.4310287299999997
Non-centered,4,83,log_sigma_sq,1.0012599999999998,1.00267,True,-1.833400850184085,-5.604755045,-1.478208,0.8624307784999989
Non-centered,4,83,theta[1],1.0012599999999998,1.00267,True,0.270475655512181,-0.43916312,0.12582300000000002,1.421300464999999
Non-centered,4,84,log_sigma_sq,1.00124,1.00213,True,-1.811482652200415,-5.520276904999999,-1.5079114,0.8979395924999993
Non-centered,4,84,theta[1],1.00124,1.00213,True,0.280259772462746,-0.47799070499999996,0.12280778,1.4642371549999988
Non-centered,4,85,log_sigma_sq,1.0012150000000002,1.00356,True,-1.8441501193266099,-5.7583262699999995,-1.560109,0.9664286799999994
Non-centered,4,85,theta[1],1.0012150000000002,1.00356,True,0.2738936483634265,-0.4353600729999999,0.125092755,1.430183634999999
Non-centered,4,86,log_sigma_sq,1.001835,1.00234,True,-1.7702190094025296,-5.383970275,-1.4634803,0.8994846469999985
Non-centered,4,86,theta[1],1.001835,1.00234,True,0.28021174728250525,-0.46947205,0.14104358,1.4044255099999992
Non-centered,4,87,log_sigma_sq,1.0006249999999999,1.00261,True,-1.804900365824275,-5.61893878,-1.4848227999999999,0.9166702054999997
Non-centered,4,87,theta[1],1.0006249999999999,1.00261,True,0.273352142977295,-0.44104853899999996,0.129498355,1.4268481899999994
Non-centered,4,88,log_sigma_sq,1.0009199999999998,1.00332,True,-1.8152373856733903,-5.445348615,-1.5182579999999999,0.8039413219999992
Non-centered,4,88,theta[1],1.0009199999999998,1.00332,True,0.26609150080659294,-0.43187357349999994,0.12117362,1.3599394649999992
Non-centered,4,89,log_sigma_sq,1.00088,1.00469,True,-1.91406638089445,-5.560122275,-1.6638027,0.8719257509999999
Non-centered,4,89,theta[1],1.00088,1.00469,True,0.24666148031330876,-0.49210528,0.114459195,1.4056556349999996
Non-centered,4,90,log_sigma_sq,1.0007000000000001,1.00279,True,-1.8656985942218076,-5.499042185,-1.5882898,0.8029257919999958
Non-centered,4,90,theta[1],1.0007000000000001,1.00279,True,0.2558460245888925,-0.4502907355,0.11105364000000001,1.3658662949999998
Non-centered,4,91,log_sigma_sq,1.0012050000000001,1.00245,True,-1.885071548668825,-5.65170825,-1.5633642,0.7948436869999997
Non-centered,4,91,theta[1],1.0012050000000001,1.00245,True,0.26105201281234053,-0.45201332299999997,0.11683437499999999,1.37520676
Non-centered,4,92,log_sigma_sq,1.0010750000000002,1.00292,True,-1.6545728746802748,-5.316638205,-1.3394035,0.9281696484999985
Non-centered,4,92,theta[1],1.0010750000000002,1.00292,True,0.29388167584294356,-0.454271024,0.13882482499999999,1.5120686599999997
Non-centered,4,93,log_sigma_sq,1.00124,1.00245,True,-1.834868666874865,-5.62970453,-1.5159958,0.9258414869999981
Non-centered,4,93,theta[1],1.00124,1.00245,True,0.26949722716040153,-0.427736244,0.10851893500000001,1.4222100649999996
Non-centered,4,94,log_sigma_sq,1.0012699999999999,1.00348,True,-1.8087343986956301,-5.483059775,-1.5056549000000001,0.86019712
Non-centered,4,94,theta[1],1.0012699999999999,1.00348,True,0.26953031570631447,-0.46158514549999996,0.12793752,1.418461885
Non-centered,4,95,log_sigma_sq,1.00043,1.00199,True,-1.7714703986454001,-5.530270335,-1.4418929,0.9310483764999987
Non-centered,4,95,theta[1],1.00043,1.00199,True,0.26788470169339995,-0.444344845,0.12788454500000002,1.3690689349999998
Non-centered,4,96,log_sigma_sq,1.00116,1.00321,True,-1.8550132131101336,-5.611323345,-1.53741875,0.9043273949999989
Non-centered,4,96,theta[1],1.00116,1.00321,True,0.2722722173906473,-0.448047044,0.1191053,1.3713435499999997
Non-centered,4,97,log_sigma_sq,1.0006300000000001,1.00585,True,-1.7934977152405676,-5.48297725,-1.4554277,0.8694820544999969
Non-centered,4,97,theta[1],1.0006300000000001,1.00585,True,0.27733553080117046,-0.45925233449999997,0.11593106,1.4290799449999994
Non-centered,4,98,log_sigma_sq,1.001425,1.00305,True,-1.758202453745475,-5.404027385,-1.4604708,0.9681454419999987
Non-centered,4,98,theta[1],1.001425,1.00305,True,0.283110407261274,-0.4536003425,0.145750075,1.4330941
Non-centered,4,99,log_sigma_sq,1.000825,1.00176,True,-1.8485223387048275,-5.57956625,-1.4856330500000001,0.8106727919999983
Non-centered,4,99,theta[1],1.000825,1.00176,True,0.258647499600875,-0.4896718295,0.11153961500000001,1.4089686949999956
Non-centered,4,100,log_sigma_sq,1.00039,1.00475,True,-1.8019726432714,-5.38256635,-1.5316011999999999,0.90413678
Non-centered,4,100,theta[1],1.00039,1.00475,True,0.26314514542763257,-0.47236893299999994,0.126909675,1.3976151099999996
Non-centered,16,1,log_sigma_sq,1.000945,1.00257,True,-3.62979896846325,-6.871383885,-3.3952544,-1.2603343550000001
Non-centered,16,1,theta[1],1.000945,1.00257,True,0.09755741504124975,-0.215811175,0.046960969,0.5545282260000001
Non-centered,16,2,log_sigma_sq,1.001715,1.00361,True,-3.590975953059,-6.7569866649999994,-3.3481742,-1.1525135850000034
Non-centered,16,2,theta[1],1.001715,1.00361,True,0.09099676078593051,-0.20837089849999998,0.042654803500000005,0.5340696204999994
Non-centered,16,3,log_sigma_sq,1.000685,1.00326,True,-3.605220667720325,-6.77112359,-3.34533635,-1.225060985000001
Non-centered,16,3,theta[1],1.000685,1.00326,True,0.09152301426599595,-0.21205211049999995,0.043706113500000005,0.5224190489999998
Non-centered,16,4,log_sigma_sq,1.000975,1.00172,True,-3.6180621537529998,-6.763302234999999,-3.4129579999999997,-1.2047009300000022
Non-centered,16,4,theta[1],1.000975,1.00172,True,0.09267055783036325,-0.21655119949999999,0.0415224625,0.5295401784999996
Non-centered,16,5,log_sigma_sq,1.000815,1.00165,True,-3.5800802948022503,-6.69609662,-3.3271762,-1.1566653550000001
Non-centered,16,5,theta[1],1.000815,1.00165,True,0.09199054440955726,-0.212058695,0.0423699815,0.5560725029999996
Non-centered,16,6,log_sigma_sq,1.00144,1.00298,True,-3.5873232296264996,-6.67006355,-3.3733505499999996,-1.2521382550000013
Non-centered,16,6,theta[1],1.00144,1.00298,True,0.0922292153468801,-0.210217951,0.041156008499999994,0.5459887455
Non-centered,16,7,log_sigma_sq,1.001265,1.00283,True,-3.5244854390044997,-6.6674382549999995,-3.29631,-1.1520169650000005
Non-centered,16,7,theta[1],1.001265,1.00283,True,0.09931257893181282,-0.22113295200000002,0.050774098000000004,0.5578807239999998
Non-centered,16,8,log_sigma_sq,1.000545,1.0016,True,-3.5946744755107503,-6.730363955,-3.3818913999999998,-1.190860545
Non-centered,16,8,theta[1],1.000545,1.0016,True,0.08959116810236087,-0.210181337,0.040620366500000005,0.5248437395
Non-centered,16,9,log_sigma_sq,1.00082,1.00355,True,-3.6003919766575,-6.84276992,-3.3609678499999998,-1.2007214150000007
Non-centered,16,9,theta[1],1.00082,1.00355,True,0.08411933360726426,-0.2126426015,0.0423277415,0.5020095594999999
Non-centered,16,10,log_sigma_sq,1.000365,1.00259,True,-3.5599550452262503,-6.79595808,-3.2913881,-1.169470560000002
Non-centered,16,10,theta[1],1.000365,1.00259,True,0.09564840162243425,-0.2059563115,0.0475006835,0.533865508
Non-centered,16,11,log_sigma_sq,1.0009899999999998,1.00307,True,-3.6413906371848253,-6.756837495,-3.3927366,-1.2566210550000008
Non-centered,16,11,theta[1],1.0009899999999998,1.00307,True,0.09493739123224443,-0.216452397,0.0463408945,0.5470007794999999
Non-centered,16,12,log_sigma_sq,1.00113,1.00244,True,-3.6233481943685,-6.69958634,-3.3996628500000003,-1.2795708400000005
Non-centered,16,12,theta[1],1.00113,1.00244,True,0.09147236303486855,-0.20790996949999999,0.0478815015,0.5168721205
Non-centered,16,13,log_sigma_sq,1.00121,1.00393,True,-3.5644253004850226,-6.7100658,-3.3595409,-1.170996225000001
Non-centered,16,13,theta[1],1.00121,1.00393,True,0.09978584260561124,-0.20932789599999996,0.04684431,0.5619930129999998
Non-centered,16,14,log_sigma_sq,1.0008050000000002,1.00245,True,-3.56648719001925,-6.651962855,-3.3284185500000003,-1.2164002400000002
Non-centered,16,14,theta[1],1.0008050000000002,1.00245,True,0.09010705318424969,-0.220708249,0.0419837135,0.532788242
Non-centered,16,15,log_sigma_sq,1.0013450000000002,1.00399,True,-3.5417792172440006,-6.696204965,-3.30440285,-1.1251009
Non-centered,16,15,theta[1],1.0013450000000002,1.00399,True,0.100180629952577,-0.2116243745,0.049677343,0.5553603209999998
Non-centered,16,16,log_sigma_sq,1.001135,1.00352,True,-3.5461532640832,-6.606215335,-3.3232779,-1.1742302100000006
Non-centered,16,16,theta[1],1.001135,1.00352,True,0.09413303538355625,-0.21936680149999999,0.046406811,0.5372712464999999
Non-centered,16,17,log_sigma_sq,1.000795,1.00299,True,-3.5824777956715748,-6.57340609,-3.36038675,-1.2487396950000003
Non-centered,16,17,theta[1],1.000795,1.00299,True,0.09072764381958555,-0.2133433025,0.0465465465,0.5302823979999997
Non-centered,16,18,log_sigma_sq,1.000445,1.0021,True,-3.53385719574695,-6.646575275,-3.3260979500000003,-1.2043118150000014
Non-centered,16,18,theta[1],1.000445,1.0021,True,0.09783751346987149,-0.1967578055,0.0496522965,0.53730921
Non-centered,16,19,log_sigma_sq,1.0008249999999999,1.00126,True,-3.5944409090593754,-6.746865430000001,-3.36826825,-1.2366769899999999
Non-centered,16,19,theta[1],1.0008249999999999,1.00126,True,0.08968330102883451,-0.2180041075,0.040869192,0.5503188229999993
Non-centered,16,20,log_sigma_sq,1.0011649999999999,1.00414,True,-3.5508014579812497,-6.6873466,-3.30228275,-1.2398299900000003
Non-centered,16,20,theta[1],1.0011649999999999,1.00414,True,0.0948557814192645,-0.219265659,0.048740509,0.5423133284999999
Non-centered,16,21,log_sigma_sq,1.00078,1.00239,True,-3.5264441349282496,-6.701580389999999,-3.2934513499999998,-1.1982247950000002
Non-centered,16,21,theta[1],1.00078,1.00239,True,0.09524381397534966,-0.2318477295,0.0528476665,0.540459813
Non-centered,16,22,log_sigma_sq,1.0003549999999999,1.0018,True,-3.554543483704,-6.7257663149999996,-3.35317405,-1.1544005600000005
Non-centered,16,22,theta[1],1.0003549999999999,1.0018,True,0.09467741222235347,-0.20374705,0.046962965999999995,0.5288450439999998
Non-centered,16,23,log_sigma_sq,1.0007700000000002,1.00148,True,-3.5652273627215,-6.8757469,-3.32503965,-1.2319501300000018
Non-centered,16,23,theta[1],1.0007700000000002,1.00148,True,0.08774446951135204,-0.2289785865,0.0424969495,0.5329464349999999
Non-centered,16,24,log_sigma_sq,1.00075,1.00122,True,-3.617472346277775,-6.651191895,-3.41293865,-1.2688053400000001
Non-centered,16,24,theta[1],1.00075,1.00122,True,0.08657021638255726,-0.209080614,0.044298949500000004,0.5184032009999998
Non-centered,16,25,log_sigma_sq,1.001385,1.00337,True,-3.6108682288380005,-6.764239215,-3.3823779,-1.2103001050000002
Non-centered,16,25,theta[1],1.001385,1.00337,True,0.08615697834581924,-0.20752003549999998,0.0402602695,0.502097496
Non-centered,16,26,log_sigma_sq,1.0007199999999998,1.00341,True,-3.5451291122771,-6.707616345,-3.3182042000000003,-1.181251010000001
Non-centered,16,26,theta[1],1.0007199999999998,1.00341,True,0.09532320417149542,-0.21417019999999998,0.0456245715,0.5532523714999997
Non-centered,16,27,log_sigma_sq,1.00134,1.00275,True,-3.5940969008125547,-6.730848255,-3.38798555,-1.135815575000001
Non-centered,16,27,theta[1],1.00134,1.00275,True,0.0881105339862641,-0.21965685149999997,0.041441740500000004,0.5249564714999997
Non-centered,16,28,log_sigma_sq,1.00065,1.00242,True,-3.5790761484272497,-6.62805995,-3.3554502499999996,-1.2182782900000007
Non-centered,16,28,theta[1],1.00065,1.00242,True,0.09276380841657951,-0.213118681,0.0472701935,0.5403413454999999
Non-centered,16,29,log_sigma_sq,1.0008849999999998,1.00238,True,-3.604908502157,-6.8526546,-3.4100506,-1.1922273550000004
Non-centered,16,29,theta[1],1.0008849999999998,1.00238,True,0.09246476890404724,-0.2086460435,0.0449083675,0.5271816659999993
Non-centered,16,30,log_sigma_sq,1.00074,1.0035,True,-3.5480366760524746,-6.706349265,-3.3241426,-1.219080155
Non-centered,16,30,theta[1],1.00074,1.0035,True,0.09584241956262925,-0.2063763995,0.047613395,0.5386443525
Non-centered,16,31,log_sigma_sq,1.001025,1.00271,True,-3.5194940998542497,-6.577240975,-3.32484365,-1.1800058050000028
Non-centered,16,31,theta[1],1.001025,1.00271,True,0.093635437602357,-0.1961756055,0.048687983000000004,0.5318692374999998
Non-centered,16,32,log_sigma_sq,1.0011,1.00209,True,-3.564911165705675,-6.69565577,-3.3112005,-1.2807718050000019
Non-centered,16,32,theta[1],1.0011,1.00209,True,0.0950964238860785,-0.2088635055,0.047781864,0.5496394584999997
Non-centered,16,33,log_sigma_sq,1.0009299999999999,1.0017,True,-3.5926636011585003,-6.64274876,-3.35489975,-1.229120355
Non-centered,16,33,theta[1],1.0009299999999999,1.0017,True,0.0859295968867714,-0.21884800249999997,0.0393243505,0.5232120244999999
Non-centered,16,34,log_sigma_sq,1.001065,1.00519,True,-3.5495085945733256,-6.65463039,-3.3470331,-1.2134108450000003
Non-centered,16,34,theta[1],1.001065,1.00519,True,0.09816885401357749,-0.212867022,0.049792871,0.5590775009999996
Non-centered,16,35,log_sigma_sq,1.000415,1.00227,True,-3.51693742377325,-6.662819160000001,-3.2771528500000002,-1.2229225050000003
Non-centered,16,35,theta[1],1.000415,1.00227,True,0.095198449320562,-0.2191436935,0.047874234,0.5449789999999995
Non-centered,16,36,log_sigma_sq,1.00064,1.00153,True,-3.6251247650752503,-6.750416025,-3.41740605,-1.2066967850000005
Non-centered,16,36,theta[1],1.00064,1.00153,True,0.08938077290610301,-0.21229761749999998,0.043939316,0.5218410845
Non-centered,16,37,log_sigma_sq,1.000925,1.00479,True,-3.5656775907236526,-6.510241205,-3.3533815999999996,-1.2094248450000011
Non-centered,16,37,theta[1],1.000925,1.00479,True,0.0925071046753475,-0.2083496265,0.0452551065,0.5236787514999999
Non-centered,16,38,log_sigma_sq,1.0008149999999998,1.0019,True,-3.60510432977825,-6.808387215,-3.3596934999999997,-1.2210826850000016
Non-centered,16,38,theta[1],1.0008149999999998,1.0019,True,0.096496891855378,-0.2206276095,0.0481439635,0.5632508854999996
Non-centered,16,39,log_sigma_sq,1.00054,1.00467,True,-3.56601044821125,-6.7992707150000005,-3.3488854,-1.1432555800000002
Non-centered,16,39,theta[1],1.00054,1.00467,True,0.09116279793608077,-0.2313932445,0.047032833499999996,0.5276303059999997
Non-centered,16,40,log_sigma_sq,1.0007199999999998,1.00345,True,-3.6194934930189997,-6.815370349999999,-3.3817012,-1.1961980800000012
Non-centered,16,40,theta[1],1.0007199999999998,1.00345,True,0.08618381470515217,-0.212013982,0.038882990000000006,0.5190110169999999
Non-centered,16,41,log_sigma_sq,1.0008,1.00337,True,-3.5903558477137505,-6.781806169999999,-3.35599355,-1.2003699450000018
Non-centered,16,41,theta[1],1.0008,1.00337,True,0.08613606277959172,-0.221745599,0.0468072525,0.49109542599999995
Non-centered,16,42,log_sigma_sq,1.00084,1.00286,True,-3.56542061194225,-6.764882954999999,-3.3477130500000003,-1.2136494650000005
Non-centered,16,42,theta[1],1.00084,1.00286,True,0.0867539603418615,-0.21573131149999997,0.043902771,0.5134791229999999
Non-centered,16,43,log_sigma_sq,1.001355,1.00264,True,-3.5823959530227505,-6.805221509999999,-3.33288925,-1.1985151550000008
Non-centered,16,43,theta[1],1.001355,1.00264,True,0.08809871121519126,-0.23059823249999997,0.045281443500000004,0.5239670944999997
Non-centered,16,44,log_sigma_sq,1.0011999999999999,1.00378,True,-3.5994840268941752,-6.84447542,-3.3816945499999997,-1.258123585
Non-centered,16,44,theta[1],1.0011999999999999,1.00378,True,0.08924433409143925,-0.206158092,0.041633908,0.5229925814999998
Non-centered,16,45,log_sigma_sq,1.0006300000000001,1.00249,True,-3.54446990371625,-6.6438713499999995,-3.3332324,-1.1830079
Non-centered,16,45,theta[1],1.0006300000000001,1.00249,True,0.088986793281037,-0.23357543749999998,0.044458123,0.5398577729999999
Non-centered,16,46,log_sigma_sq,1.0006650000000001,1.00157,True,-3.5780081987020003,-6.61071246,-3.36366435,-1.1877082050000023
Non-centered,16,46,theta[1],1.0006650000000001,1.00157,True,0.0879796324241635,-0.21509945,0.0463142585,0.5070414014999997
Non-centered,16,47,log_sigma_sq,1.0005950000000001,1.00111,True,-3.5824720567587502,-6.8325040349999995,-3.3628250499999996,-1.2072962750000003
Non-centered,16,47,theta[1],1.0005950000000001,1.00111,True,0.0904930886400575,-0.22353861749999998,0.0439262745,0.5277358579999998
Non-centered,16,48,log_sigma_sq,1.000455,1.00307,True,-3.61056114905975,-6.7961509300000005,-3.3609684,-1.2217516
Non-centered,16,48,theta[1],1.000455,1.00307,True,0.09133080857345273,-0.2061451815,0.043997124,0.5139064354999998
Non-centered,16,49,log_sigma_sq,1.0007,1.00318,True,-3.65533612847825,-6.99234391,-3.41679475,-1.1909770600000031
Non-centered,16,49,theta[1],1.0007,1.00318,True,0.0902206531573705,-0.208441879,0.040380598000000004,0.537161302
Non-centered,16,50,log_sigma_sq,1.001065,1.00184,True,-3.5493202371185997,-6.65302921,-3.3037788,-1.2182705850000004
Non-centered,16,50,theta[1],1.001065,1.00184,True,0.0956828129871565,-0.2263620705,0.0469296515,0.5363004874999997
Non-centered,16,51,log_sigma_sq,1.000505,1.00236,True,-3.606144157938,-6.7429194599999995,-3.3728972500000003,-1.2199927900000003
Non-centered,16,51,theta[1],1.000505,1.00236,True,0.09086880985291423,-0.212055344,0.046000351999999994,0.5363416729999997
Non-centered,16,52,log_sigma_sq,1.001385,1.00259,True,-3.5707938396200003,-6.699485105,-3.3573995500000002,-1.2206535050000005
Non-centered,16,52,theta[1],1.001385,1.00259,True,0.09003021673472,-0.2222358525,0.0436006585,0.5307473444999999
Non-centered,16,53,log_sigma_sq,1.00089,1.00301,True,-3.581561628721175,-6.6884415,-3.3459901,-1.2066089800000004
Non-centered,16,53,theta[1],1.00089,1.00301,True,0.08820748503326825,-0.2166719275,0.040814425,0.5294322479999998
Non-centered,16,54,log_sigma_sq,1.000615,1.00466,True,-3.520931706678105,-6.7579888949999996,-3.28584105,-1.1407794800000022
Non-centered,16,54,theta[1],1.000615,1.00466,True,0.092953227962545,-0.22394511,0.046245835,0.5213356044999999
Non-centered,16,55,log_sigma_sq,1.00125,1.00365,True,-3.61699682889845,-6.79965289,-3.37842025,-1.1556872300000012
Non-centered,16,55,theta[1],1.00125,1.00365,True,0.09205861123629575,-0.24063891399999995,0.0459112295,0.5579303514999994
Non-centered,16,56,log_sigma_sq,1.0005600000000001,1.00149,True,-3.48854289536425,-6.543584005,-3.31507735,-1.1542686
Non-centered,16,56,theta[1],1.0005600000000001,1.00149,True,0.09728999452954849,-0.2195069905,0.049865748,0.5512635049999998
Non-centered,16,57,log_sigma_sq,1.00114,1.00412,True,-3.63877329838175,-6.9090894249999995,-3.40572425,-1.2003485950000001
Non-centered,16,57,theta[1],1.00114,1.00412,True,0.0841415746427955,-0.211566978,0.0390013225,0.5079999039999992
Non-centered,16,58,log_sigma_sq,1.000655,1.00141,True,-3.597451586882825,-6.67547675,-3.338343,-1.2948613300000005
Non-centered,16,58,theta[1],1.000655,1.00141,True,0.09007748295989776,-0.21869508199999999,0.047015055,0.5210471325
Non-centered,16,59,log_sigma_sq,1.000955,1.00307,True,-3.5381446752748746,-6.67196525,-3.3340459,-1.1652951900000001
Non-centered,16,59,theta[1],1.000955,1.00307,True,0.0892166353554015,-0.22088794949999999,0.043463695999999996,0.5337524204999994
Non-centered,16,60,log_sigma_sq,1.00122,1.00294,True,-3.5867520679879004,-6.6629482399999995,-3.3787162,-1.1994109300000024
Non-centered,16,60,theta[1],1.00122,1.00294,True,0.09350910542538975,-0.21034225099999998,0.0479274895,0.5309301954999999
Non-centered,16,61,log_sigma_sq,1.000495,1.00344,True,-3.5989656743715,-6.8046804,-3.3474421,-1.2036460650000032
Non-centered,16,61,theta[1],1.000495,1.00344,True,0.09120673756845525,-0.2129760875,0.0452437285,0.5482010419999999
Non-centered,16,62,log_sigma_sq,1.00034,1.00189,True,-3.64417309527765,-6.7682947350000005,-3.4250097000000004,-1.3020778300000009
Non-centered,16,62,theta[1],1.00034,1.00189,True,0.08822304606063168,-0.21229928199999998,0.044774377000000004,0.5266082009999999
Non-centered,16,63,log_sigma_sq,1.00166,1.00304,True,-3.5827516669498,-6.777698065,-3.3465642,-1.1681872100000001
Non-centered,16,63,theta[1],1.00166,1.00304,True,0.08424336591524881,-0.22468364649999994,0.0383617725,0.5368859439999994
Non-centered,16,64,log_sigma_sq,1.00083,1.00195,True,-3.5588864557845,-6.74472207,-3.3339075,-1.177848645
Non-centered,16,64,theta[1],1.00083,1.00195,True,0.09228220435655926,-0.22370672249999998,0.0431665675,0.5586904214999996
Non-centered,16,65,log_sigma_sq,1.000695,1.00175,True,-3.5754219084957497,-6.74100653,-3.3287619,-1.177626850000001
Non-centered,16,65,theta[1],1.000695,1.00175,True,0.09184837732512255,-0.20562534299999996,0.0467451175,0.5307585834999997
Non-centered,16,66,log_sigma_sq,1.00061,1.00319,True,-3.5995917856647504,-6.838972835,-3.34892315,-1.2021887000000038
Non-centered,16,66,theta[1],1.00061,1.00319,True,0.09458566069214674,-0.2090702625,0.0491683955,0.5300995149999999
Non-centered,16,67,log_sigma_sq,1.00035,1.00209,True,-3.628298590670925,-6.82688171,-3.3250385,-1.2694104550000005
Non-centered,16,67,theta[1],1.00035,1.00209,True,0.09130518515834146,-0.208088906,0.0437408895,0.5359645654999999
Non-centered,16,68,log_sigma_sq,1.00075,1.0015,True,-3.56803796820505,-6.751007929999999,-3.3597061999999998,-1.1480174300000006
Non-centered,16,68,theta[1],1.00075,1.0015,True,0.0900410960511435,-0.2306826775,0.046658327,0.5203340165
Non-centered,16,69,log_sigma_sq,1.000745,1.00382,True,-3.542547146721025,-6.721875474999999,-3.3443879499999998,-1.1761156200000005
Non-centered,16,69,theta[1],1.000745,1.00382,True,0.09483298093663027,-0.220229186,0.0510329595,0.553741984
Non-centered,16,70,log_sigma_sq,1.000705,1.00172,True,-3.5623811440455,-6.625723829999999,-3.3349213,-1.2091461350000003
Non-centered,16,70,theta[1],1.000705,1.00172,True,0.09776180585696465,-0.21223697249999998,0.048368325,0.5479553114999999
Non-centered,16,71,log_sigma_sq,1.00041,1.00163,True,-3.62185142923475,-6.758087714999999,-3.37444465,-1.2168333800000006
Non-centered,16,71,theta[1],1.00041,1.00163,True,0.09412424308596926,-0.217917478,0.046570360000000005,0.5431613929999995
Non-centered,16,72,log_sigma_sq,1.00102,1.00306,True,-3.6186124972102496,-6.737299715,-3.38649675,-1.2134723850000004
Non-centered,16,72,theta[1],1.00102,1.00306,True,0.08412281606902625,-0.228509842,0.0389060995,0.5443498004999998
Non-centered,16,73,log_sigma_sq,1.000915,1.00348,True,-3.5889385829802003,-6.65692357,-3.3765009,-1.1757815850000028
Non-centered,16,73,theta[1],1.000915,1.00348,True,0.09477345832696525,-0.207616956,0.044806452,0.5510580754999997
Non-centered,16,74,log_sigma_sq,1.00082,1.00225,True,-3.5632412852925,-6.632958005,-3.3521099000000003,-1.1647409
Non-centered,16,74,theta[1],1.00082,1.00225,True,0.089628674864046,-0.243639248,0.044219967,0.547571869
Non-centered,16,75,log_sigma_sq,1.000675,1.00253,True,-3.4889741480505,-6.54308274,-3.30861765,-1.1694089450000011
Non-centered,16,75,theta[1],1.000675,1.00253,True,0.09632895501664375,-0.205639767,0.0479035045,0.5343007564999992
Non-centered,16,76,log_sigma_sq,1.00049,1.00211,True,-3.5851385100968747,-6.745942135,-3.38438485,-1.1946422850000011
Non-centered,16,76,theta[1],1.00049,1.00211,True,0.09264576654441875,-0.2155424185,0.0483381125,0.5219211164999998
Non-centered,16,77,log_sigma_sq,1.00107,1.00282,True,-3.498951566043,-6.557420895,-3.27285005,-1.2124854050000005
Non-centered,16,77,theta[1],1.00107,1.00282,True,0.09195641812823253,-0.22339415999999993,0.05189303,0.5159510099999998
Non-centered,16,78,log_sigma_sq,1.00214,1.00283,True,-3.55549921752175,-6.883703079999999,-3.3185308,-1.0680025650000011
Non-centered,16,78,theta[1],1.00214,1.00283,True,0.10193407217667923,-0.2063318955,0.048118255,0.5543123339999994
Non-centered,16,79,log_sigma_sq,1.000995,1.0028,True,-3.558056141781125,-6.494896734999999,-3.3898959,-1.199899795000002
Non-centered,16,79,theta[1],1.000995,1.0028,True,0.08876637794214075,-0.217659829,0.043217749,0.5215711349999996
Non-centered,16,80,log_sigma_sq,1.0003950000000001,1.00217,True,-3.59597424426933,-6.603997615,-3.3352771,-1.2504300500000003
Non-centered,16,80,theta[1],1.0003950000000001,1.00217,True,0.088131501518529,-0.2136493015,0.0449618375,0.5125584549999982
Non-centered,16,81,log_sigma_sq,1.000415,1.00194,True,-3.5617837838605,-6.68775614,-3.3138631,-1.239210605
Non-centered,16,81,theta[1],1.000415,1.00194,True,0.09120914170854014,-0.21150387799999995,0.045004429,0.5307218574999999
Non-centered,16,82,log_sigma_sq,1.0006499999999998,1.00245,True,-3.5553619265695,-6.54634162,-3.3562298999999998,-1.2247626450000013
Non-centered,16,82,theta[1],1.0006499999999998,1.00245,True,0.09743302663301674,-0.20180191399999997,0.0512795585,0.5523396789999995
Non-centered,16,83,log_sigma_sq,1.00153,1.00395,True,-3.6067725921117497,-6.72638702,-3.3992619,-1.192673305
Non-centered,16,83,theta[1],1.00153,1.00395,True,0.09211271202333474,-0.21299274299999998,0.0441986415,0.551480439
Non-centered,16,84,log_sigma_sq,1.000485,1.00128,True,-3.639344732762,-6.7640281049999995,-3.4083380500000002,-1.2145697950000007
Non-centered,16,84,theta[1],1.000485,1.00128,True,0.08651162560855145,-0.2176122305,0.040316004,0.5462547394999994
Non-centered,16,85,log_sigma_sq,1.00114,1.00491,True,-3.563307633588,-6.719693605,-3.3361842,-1.1871429249999998
Non-centered,16,85,theta[1],1.00114,1.00491,True,0.09798439492655,-0.2040197875,0.047236358,0.5470262949999998
Non-centered,16,86,log_sigma_sq,1.0003250000000001,1.00248,True,-3.5718680469608497,-6.830174384999999,-3.3202008000000003,-1.1977059650000015
Non-centered,16,86,theta[1],1.0003250000000001,1.00248,True,0.0989221042193735,-0.20529678,0.04475811,0.5605936659999999
Non-centered,16,87,log_sigma_sq,1.001385,1.00224,True,-3.583673585342525,-6.68688059,-3.3441902,-1.2005982450000003
Non-centered,16,87,theta[1],1.001385,1.00224,True,0.090274125544763,-0.2139802985,0.039360222,0.532460469
Non-centered,16,88,log_sigma_sq,1.00078,1.003,True,-3.601053932908,-6.884001595,-3.3567415,-1.173448445
Non-centered,16,88,theta[1],1.00078,1.003,True,0.08917064733379376,-0.218644504,0.0430204005,0.5313516314999995
Non-centered,16,89,log_sigma_sq,1.000715,1.00384,True,-3.6598991913218497,-6.90549256,-3.4130672,-1.1981889800000007
Non-centered,16,89,theta[1],1.000715,1.00384,True,0.0857404837370995,-0.2201026975,0.038704632,0.524817239
Non-centered,16,90,log_sigma_sq,1.0010750000000002,1.00417,True,-3.65274042071875,-6.76768846,-3.4248092000000003,-1.2260973800000012
Non-centered,16,90,theta[1],1.0010750000000002,1.00417,True,0.085285091006182,-0.21985160549999996,0.0406765875,0.5159514119999997
Non-centered,16,91,log_sigma_sq,1.00079,1.00254,True,-3.6052955248219996,-6.6533024,-3.36577655,-1.3082164100000027
Non-centered,16,91,theta[1],1.00079,1.00254,True,0.09281017376961967,-0.216204829,0.048079811,0.5293011779999998
Non-centered,16,92,log_sigma_sq,1.000695,1.00284,True,-3.59442998792625,-6.84459554,-3.3654531,-1.2150646200000002
Non-centered,16,92,theta[1],1.000695,1.00284,True,0.08577766168190498,-0.226001881,0.040560444,0.5311376024999998
Non-centered,16,93,log_sigma_sq,1.0006249999999999,1.00121,True,-3.5826906666457496,-6.67069527,-3.3836836000000003,-1.2354823250000004
Non-centered,16,93,theta[1],1.0006249999999999,1.00121,True,0.0923441789214543,-0.211164189,0.045163032000000006,0.5240925284999999
Non-centered,16,94,log_sigma_sq,1.0014349999999999,1.00369,True,-3.56090016927,-6.614151515,-3.38602005,-1.1706561050000028
Non-centered,16,94,theta[1],1.0014349999999999,1.00369,True,0.089586507388576,-0.21447690249999998,0.041497991,0.5269292099999993
Non-centered,16,95,log_sigma_sq,1.000435,1.00295,True,-3.56075864332875,-6.639504165,-3.3126512999999997,-1.2340766150000004
Non-centered,16,95,theta[1],1.000435,1.00295,True,0.08927141146768301,-0.2043271395,0.044543419,0.5289617949999995
Non-centered,16,96,log_sigma_sq,1.000575,1.00528,True,-3.6238971491295997,-6.812763445,-3.3832814,-1.141869795000002
Non-centered,16,96,theta[1],1.000575,1.00528,True,0.09480983894976,-0.20292286449999997,0.043593198,0.551102141
Non-centered,16,97,log_sigma_sq,1.000795,1.00249,True,-3.6483023332372504,-6.9030128600000005,-3.4023231000000003,-1.2715175450000005
Non-centered,16,97,theta[1],1.000795,1.00249,True,0.08737561536201024,-0.219560209,0.041387696,0.5366835644999993
Non-centered,16,98,log_sigma_sq,1.0012400000000001,1.00249,True,-3.5559674211846994,-6.821604725,-3.2917112,-1.1418784150000019
Non-centered,16,98,theta[1],1.0012400000000001,1.00249,True,0.09375169835996314,-0.204613633,0.0460554395,0.5223377864999998
Non-centered,16,99,log_sigma_sq,1.0008,1.00548,True,-3.59768720570555,-6.7309547599999995,-3.3898665,-1.2644893500000016
Non-centered,16,99,theta[1],1.0008,1.00548,True,0.0900606801532115,-0.206639204,0.0432777795,0.5461839405
Non-centered,16,100,log_sigma_sq,1.000385,1.00205,True,-3.6054600243467503,-6.671769459999999,-3.3789836500000003,-1.2833325400000006
Non-centered,16,100,theta[1],1.000385,1.00205,True,0.090586525591146,-0.21823080499999997,0.04577598099999999,0.5275762325
Non-centered,64,1,log_sigma_sq,1.00144,1.00398,True,-1.9514093039680251,-3.3333261949999997,-1.9030557,-0.7260762825000001
Non-centered,64,1,theta[1],1.00144,1.00398,True,0.42789485860298,0.042056578500000004,0.420996435,0.8334205249999996
Non-centered,64,2,log_sigma_sq,1.00081,1.00227,True,-1.9045450298174251,-3.3385787049999998,-1.84888835,-0.6306855250000005
Non-centered,64,2,theta[1],1.00081,1.00227,True,0.43583682189461753,0.054214207200000024,0.42763346999999996,0.8494855364999998
Non-centered,64,3,log_sigma_sq,1.001085,1.00177,True,-1.9181853089091,-3.22090973,-1.8931912,-0.6968455110000006
Non-centered,64,3,theta[1],1.001085,1.00177,True,0.4310296834106075,0.05555721810000001,0.427497255,0.8307340569999999
Non-centered,64,4,log_sigma_sq,1.00084,1.00235,True,-1.911803780760825,-3.2493581000000002,-1.8700176000000002,-0.6932257090000001
Non-centered,64,4,theta[1],1.00084,1.00235,True,0.4356028712773175,0.07029666880000002,0.430528295,0.8405822374999996
Non-centered,64,5,log_sigma_sq,1.001295,1.00399,True,-1.970914972045875,-3.4371574199999997,-1.88901915,-0.6874109920000002
Non-centered,64,5,theta[1],1.001295,1.00399,True,0.42869842592871954,0.04916316005,0.419485695,0.8211528749999998
Non-centered,64,6,log_sigma_sq,1.0013800000000002,1.00607,True,-1.94311476357775,-3.380786295,-1.8792783000000002,-0.7120093325000001
Non-centered,64,6,theta[1],1.0013800000000002,1.00607,True,0.4339363543930475,0.054662129100000005,0.42372962999999997,0.8394760124999999
Non-centered,64,7,log_sigma_sq,1.001465,1.00311,True,-1.885797790402,-3.201463435,-1.8568297,-0.6764957255000001
Non-centered,64,7,theta[1],1.001465,1.00311,True,0.43868006082278,0.05853014415000001,0.42888674,0.8386578279999999
Non-centered,64,8,log_sigma_sq,1.0015749999999999,1.00233,True,-1.9355370082982,-3.33849624,-1.8975174,-0.6915275005000004
Non-centered,64,8,theta[1],1.0015749999999999,1.00233,True,0.435932042899105,0.06952024320000001,0.423641655,0.8382544654999998
Non-centered,64,9,log_sigma_sq,1.0016699999999998,1.0054,True,-1.8963261021425777,-3.24615805,-1.85909495,-0.6928878605000013
Non-centered,64,9,theta[1],1.0016699999999998,1.0054,True,0.43891386405079,0.07357010815000001,0.433155025,0.8337865065
Non-centered,64,10,log_sigma_sq,1.00085,1.00335,True,-1.937701757663775,-3.263609705,-1.9089525,-0.6510892690000013
Non-centered,64,10,theta[1],1.00085,1.00335,True,0.43313830553410504,0.07251278975,0.423187445,0.832154096
Non-centered,64,11,log_sigma_sq,1.001,1.00335,True,-1.91324575826945,-3.3221361449999995,-1.87194105,-0.6290818885
Non-centered,64,11,theta[1],1.001,1.00335,True,0.43650379054599,0.06528719895,0.42821753,0.8434086349999999
Non-centered,64,12,log_sigma_sq,1.00109,1.0025,True,-1.912631081011425,-3.2419963750000003,-1.8823518,-0.6917991485000012
Non-centered,64,12,theta[1],1.00109,1.0025,True,0.44081045323366924,0.0755142728,0.433100335,0.8501721254999999
Non-centered,64,13,log_sigma_sq,1.0011,1.00329,True,-1.89483437312675,-3.18471742,-1.85386265,-0.6847740560000007
Non-centered,64,13,theta[1],1.0011,1.00329,True,0.441849109887022,0.0725480354,0.431599495,0.839179905
Non-centered,64,14,log_sigma_sq,1.00142,1.00871,True,-1.9366653876612498,-3.31238887,-1.9011943,-0.6948539625000016
Non-centered,64,14,theta[1],1.00142,1.00871,True,0.4358538183622325,0.0457315012,0.426851935,0.8467595384999999
Non-centered,64,15,log_sigma_sq,1.00116,1.00464,True,-1.93586694169075,-3.295247005,-1.88539115,-0.7269945270000003
Non-centered,64,15,theta[1],1.00116,1.00464,True,0.43440257603538057,0.0654175489,0.42284093,0.8385918479999998
Non-centered,64,16,log_sigma_sq,1.001555,1.00447,True,-1.9015557351302501,-3.226488035,-1.8525008,-0.7001192335
Non-centered,64,16,theta[1],1.001555,1.00447,True,0.43534055896919494,0.0626315175,0.429539165,0.834626973
Non-centered,64,17,log_sigma_sq,1.00141,1.00342,True,-1.9358211643095,-3.27889182,-1.8869733,-0.7249385385
Non-centered,64,17,theta[1],1.00141,1.00342,True,0.43131291896526,0.05163141735000001,0.42230712,0.8283279089999998
Non-centered,64,18,log_sigma_sq,1.0007549999999998,1.00153,True,-1.899350013224225,-3.26736587,-1.8493773999999998,-0.7010129615000017
Non-centered,64,18,theta[1],1.0007549999999998,1.00153,True,0.4334562018271675,0.05618463555000001,0.42430574,0.844987285
Non-centered,64,19,log_sigma_sq,1.0011700000000001,1.00363,True,-1.9596131381397,-3.35560573,-1.93954005,-0.6715938830000006
Non-centered,64,19,theta[1],1.0011700000000001,1.00363,True,0.4307097198707625,0.04684258140000001,0.418734255,0.845585517
Non-centered,64,20,log_sigma_sq,1.000785,1.00223,True,-1.95613662664715,-3.40567142,-1.9002394,-0.6562889655
Non-centered,64,20,theta[1],1.000785,1.00223,True,0.4348368222658282,0.05941842060000001,0.425037435,0.8387130899999998
Non-centered,64,21,log_sigma_sq,1.00156,1.00313,True,-1.926128555616375,-3.2689886049999997,-1.88430615,-0.6716835590000003
Non-centered,64,21,theta[1],1.00156,1.00313,True,0.43506160789132003,0.04923303515000001,0.42586457499999997,0.8499346534999999
Non-centered,64,22,log_sigma_sq,1.0013299999999998,1.00385,True,-1.8911618403169,-3.26678509,-1.84686305,-0.6242436775000008
Non-centered,64,22,theta[1],1.0013299999999998,1.00385,True,0.43908428432188373,0.0723244037,0.43043263,0.8303425289999999
Non-centered,64,23,log_sigma_sq,1.0015049999999999,1.00263,True,-1.9311785508597499,-3.2972368800000003,-1.877143,-0.7007959265000002
Non-centered,64,23,theta[1],1.0015049999999999,1.00263,True,0.4303752503503,0.06115116345,0.42740787,0.8248202629999996
Non-centered,64,24,log_sigma_sq,1.00103,1.00323,True,-1.9169023274799752,-3.23927391,-1.8753481,-0.7134916375000004
Non-centered,64,24,theta[1],1.00103,1.00323,True,0.44245998578241497,0.06531519710000001,0.430798455,0.8496721319999995
Non-centered,64,25,log_sigma_sq,1.001935,1.00402,True,-1.8996717545894999,-3.225689155,-1.85279215,-0.6665196645000007
Non-centered,64,25,theta[1],1.001935,1.00402,True,0.43783610566100256,0.059416719750000006,0.43137947499999996,0.8432426754999993
Non-centered,64,26,log_sigma_sq,1.00107,1.00282,True,-1.9150324017825,-3.283119415,-1.8510233,-0.7151220815
Non-centered,64,26,theta[1],1.00107,1.00282,True,0.435392751499455,0.061729981350000004,0.42531516,0.8460451009999999
Non-centered,64,27,log_sigma_sq,1.00035,1.00201,True,-1.8938093902533075,-3.199023485,-1.85781595,-0.7068894425000012
Non-centered,64,27,theta[1],1.00035,1.00201,True,0.4412356395761875,0.0699943666,0.4361625,0.8380591964999999
Non-centered,64,28,log_sigma_sq,1.000815,1.00301,True,-1.8871973850915473,-3.188266915,-1.8493355999999999,-0.6668666545
Non-centered,64,28,theta[1],1.000815,1.00301,True,0.43631930027736504,0.06524048235,0.42806251,0.833298001
Non-centered,64,29,log_sigma_sq,1.00146,1.00287,True,-1.8757671279333,-3.2166142599999996,-1.8304892499999998,-0.6544158145
Non-centered,64,29,theta[1],1.00146,1.00287,True,0.43959295580355,0.0721431325,0.43003256999999995,0.830918808
Non-centered,64,30,log_sigma_sq,1.001315,1.00724,True,-1.9177524966479,-3.22721146,-1.8837738000000002,-0.7011375940000015
Non-centered,64,30,theta[1],1.001315,1.00724,True,0.4368417395456375,0.060365044900000005,0.42477596500000003,0.848445494
Non-centered,64,31,log_sigma_sq,1.001375,1.00389,True,-1.91150651127665,-3.22896482,-1.873445,-0.6712324175000002
Non-centered,64,31,theta[1],1.001375,1.00389,True,0.436123020951485,0.0571190533,0.428214905,0.8277484784999999
Non-centered,64,32,log_sigma_sq,1.00073,1.00176,True,-1.8789027268632499,-3.2587800700000003,-1.8403115,-0.6077136545000001
Non-centered,64,32,theta[1],1.00073,1.00176,True,0.437818892878315,0.0690786049,0.430525175,0.8354563849999996
Non-centered,64,33,log_sigma_sq,1.000415,1.00367,True,-1.9294118902503998,-3.273760345,-1.8807076999999999,-0.6942869635000005
Non-centered,64,33,theta[1],1.000415,1.00367,True,0.4372622469965475,0.05719781385,0.42756231,0.8447598589999997
Non-centered,64,34,log_sigma_sq,1.001885,1.00609,True,-1.9390490965803748,-3.276357355,-1.8882396,-0.7475244465
Non-centered,64,34,theta[1],1.001885,1.00609,True,0.4351195055773,0.062436660000000005,0.42906478,0.8251886999999999
Non-centered,64,35,log_sigma_sq,1.001465,1.00253,True,-1.9555481542845,-3.313998735,-1.9193046,-0.7126301965
Non-centered,64,35,theta[1],1.001465,1.00253,True,0.4371539683175125,0.060283700100000004,0.425705165,0.85265994
Non-centered,64,36,log_sigma_sq,1.00156,1.00376,True,-1.922749578681325,-3.292436005,-1.8715731999999998,-0.6997313390000002
Non-centered,64,36,theta[1],1.00156,1.00376,True,0.4415466841736325,0.06429428445,0.43014531,0.85794481
Non-centered,64,37,log_sigma_sq,1.0008949999999999,1.00203,True,-1.918555793296045,-3.21020452,-1.8833935,-0.7757524620000013
Non-centered,64,37,theta[1],1.0008949999999999,1.00203,True,0.4374629692745875,0.06759178215,0.42524562,0.8334701564999999
Non-centered,64,38,log_sigma_sq,1.001535,1.00279,True,-1.95504316725325,-3.28545865,-1.91851985,-0.7243301795000002
Non-centered,64,38,theta[1],1.001535,1.00279,True,0.43361927467857503,0.0672754572,0.42025632999999996,0.8447727789999999
Non-centered,64,39,log_sigma_sq,1.0004149999999998,1.00334,True,-1.93996172831725,-3.362612405,-1.8729449,-0.6826091795000002
Non-centered,64,39,theta[1],1.0004149999999998,1.00334,True,0.429010874996479,0.06154345035,0.42050856000000003,0.8338010929999999
Non-centered,64,40,log_sigma_sq,1.00157,1.00262,True,-1.913985338352925,-3.259160125,-1.8689142,-0.7157606250000004
Non-centered,64,40,theta[1],1.00157,1.00262,True,0.43449190584110864,0.06764312610000002,0.427164215,0.8194463864999999
Non-centered,64,41,log_sigma_sq,1.00057,1.00238,True,-1.9248428646508249,-3.27787662,-1.86576715,-0.721187443
Non-centered,64,41,theta[1],1.00057,1.00238,True,0.4376011825847675,0.0764149994,0.42781064999999996,0.8330783804999999
Non-centered,64,42,log_sigma_sq,1.0012699999999999,1.00288,True,-1.9408995732338001,-3.2247576049999997,-1.8908966999999999,-0.7159649460000009
Non-centered,64,42,theta[1],1.0012699999999999,1.00288,True,0.4341351710494525,0.06315317620000001,0.42424244499999997,0.84058652
Non-centered,64,43,log_sigma_sq,1.001265,1.00222,True,-1.94559016315725,-3.31180729,-1.9026862,-0.688193849
Non-centered,64,43,theta[1],1.001265,1.00222,True,0.43231159592492496,0.05391905450000001,0.424818395,0.8306037559999997
Non-centered,64,44,log_sigma_sq,1.0007899999999998,1.0023,True,-1.9234168240675,-3.257340825,-1.88055445,-0.6580578365000002
Non-centered,64,44,theta[1],1.0007899999999998,1.0023,True,0.43643246283549003,0.05480171365,0.42926349500000005,0.8314049399999996
Non-centered,64,45,log_sigma_sq,1.00072,1.00241,True,-1.920597457086,-3.2292108049999997,-1.87534355,-0.7070268985000003
Non-centered,64,45,theta[1],1.00072,1.00241,True,0.433225014167675,0.060583455300000026,0.426465605,0.8490042079999995
Non-centered,64,46,log_sigma_sq,1.001595,1.00431,True,-1.9673994680074502,-3.328730365,-1.9133944,-0.7382208255000003
Non-centered,64,46,theta[1],1.001595,1.00431,True,0.42962708144075246,0.04095496145000002,0.421820115,0.8393078379999999
Non-centered,64,47,log_sigma_sq,1.0014349999999999,1.00293,True,-1.8666139349866426,-3.2206004900000003,-1.8214885,-0.6680864825000006
Non-centered,64,47,theta[1],1.0014349999999999,1.00293,True,0.4389394193569325,0.06928121834999999,0.43233478000000003,0.8385690029999999
Non-centered,64,48,log_sigma_sq,1.002345,1.00554,True,-1.898874787572225,-3.198423945,-1.86061525,-0.6503155865000009
Non-centered,64,48,theta[1],1.002345,1.00554,True,0.43692118806888247,0.06301801230000001,0.43083494,0.8330412374999998
Non-centered,64,49,log_sigma_sq,1.000915,1.0037,True,-1.9426344680004626,-3.280950275,-1.8945975,-0.7374412640000004
Non-centered,64,49,theta[1],1.000915,1.0037,True,0.4358113748634475,0.05106005155,0.427676105,0.8537594284999995
Non-centered,64,50,log_sigma_sq,1.00156,1.00262,True,-1.9161085542590999,-3.28825425,-1.87309465,-0.6813109125000013
Non-centered,64,50,theta[1],1.00156,1.00262,True,0.4340363545486855,0.06107200520000002,0.42095228,0.8387103195
Non-centered,64,51,log_sigma_sq,1.0012349999999999,1.005,True,-1.9106018102033,-3.25758396,-1.8512330000000001,-0.6943003215000014
Non-centered,64,51,theta[1],1.0012349999999999,1.005,True,0.4363742886416075,0.0682774871,0.42853835,0.8303492804999998
Non-centered,64,52,log_sigma_sq,1.001195,1.00451,True,-1.8924302194750497,-3.22924364,-1.85273565,-0.6790649840000007
Non-centered,64,52,theta[1],1.001195,1.00451,True,0.43707342148948747,0.06283239885,0.429477975,0.8347712539999999
Non-centered,64,53,log_sigma_sq,1.001495,1.00311,True,-1.90984517873475,-3.26624492,-1.8516831,-0.7118528310000006
Non-centered,64,53,theta[1],1.001495,1.00311,True,0.43480749732644,0.0722091617,0.42739484,0.8298723505
Non-centered,64,54,log_sigma_sq,1.00088,1.00479,True,-1.9189157694707502,-3.231403335,-1.87710485,-0.7131552660000001
Non-centered,64,54,theta[1],1.00088,1.00479,True,0.437172889742285,0.0679098882,0.42775023,0.8431768999999998
Non-centered,64,55,log_sigma_sq,1.0009299999999999,1.0019,True,-1.9130146451769001,-3.26691338,-1.8625692,-0.6923644100000002
Non-centered,64,55,theta[1],1.0009299999999999,1.0019,True,0.43594717270793504,0.06569404815000002,0.43046612,0.8380758344999999
Non-centered,64,56,log_sigma_sq,1.00106,1.00255,True,-1.878702385300725,-3.220738665,-1.85777095,-0.6505260990000015
Non-centered,64,56,theta[1],1.00106,1.00255,True,0.44419039457379994,0.06769829055000001,0.430425335,0.8469298
Non-centered,64,57,log_sigma_sq,1.000505,1.00323,True,-1.9053473505000997,-3.266657955,-1.8610525,-0.7231657860000003
Non-centered,64,57,theta[1],1.000505,1.00323,True,0.43705997235932,0.07535261780000001,0.42893694,0.8249900919999997
Non-centered,64,58,log_sigma_sq,1.00134,1.0043,True,-1.91335241238105,-3.3134740700000003,-1.8586718,-0.6599796880000004
Non-centered,64,58,theta[1],1.00134,1.0043,True,0.43817069408470277,0.05881957780000002,0.42818942000000004,0.8418025824999998
Non-centered,64,59,log_sigma_sq,1.00098,1.00334,True,-1.94082528404375,-3.27654143,-1.8818013,-0.6821573075000001
Non-centered,64,59,theta[1],1.00098,1.00334,True,0.43098071489489576,0.05351556510000001,0.421891855,0.841144512
Non-centered,64,60,log_sigma_sq,1.0018850000000001,1.00459,True,-1.91937323305795,-3.22122866,-1.86993425,-0.7052102670000004
Non-centered,64,60,theta[1],1.0018850000000001,1.00459,True,0.43905836920850505,0.068192053,0.43254812,0.8309119469999999
Non-centered,64,61,log_sigma_sq,1.0012,1.00329,True,-1.9013971332061248,-3.2746681200000003,-1.85304,-0.665835109
Non-centered,64,61,theta[1],1.0012,1.00329,True,0.43891050529555253,0.06623520270000001,0.43318045,0.8383167684999997
Non-centered,64,62,log_sigma_sq,1.00142,1.00641,True,-1.9210565987250001,-3.24964352,-1.8864464,-0.7292132975000002
Non-centered,64,62,theta[1],1.00142,1.00641,True,0.4365864776412175,0.06907725590000001,0.424991345,0.8351694674999998
Non-centered,64,63,log_sigma_sq,1.000825,1.0037,True,-1.9149556580091003,-3.24380181,-1.8722873500000001,-0.731533114
Non-centered,64,63,theta[1],1.000825,1.0037,True,0.43957362890884505,0.057118077450000006,0.430975515,0.8549639369999994
Non-centered,64,64,log_sigma_sq,1.00108,1.00321,True,-1.95468957757775,-3.3676648399999998,-1.89219155,-0.7648059690000006
Non-centered,64,64,theta[1],1.00108,1.00321,True,0.4283052279407,0.052749788500000006,0.42261869500000004,0.8276118524999999
Non-centered,64,65,log_sigma_sq,1.001225,1.00318,True,-1.950284475359025,-3.27940058,-1.9064516500000002,-0.7171439910000003
Non-centered,64,65,theta[1],1.001225,1.00318,True,0.4335969627588825,0.07117935335,0.42126784500000003,0.8342414679999998
Non-centered,64,66,log_sigma_sq,1.001155,1.00298,True,-1.9048253063112501,-3.258730895,-1.867526,-0.6398125740000004
Non-centered,64,66,theta[1],1.001155,1.00298,True,0.43763661569969997,0.05465647755000001,0.43050293500000003,0.849102904999999
Non-centered,64,67,log_sigma_sq,1.00157,1.00253,True,-1.9409148561054999,-3.27601096,-1.8916149500000001,-0.7268945425000005
Non-centered,64,67,theta[1],1.00157,1.00253,True,0.43364788818068495,0.06094421865000002,0.42459965,0.8332431895
Non-centered,64,68,log_sigma_sq,1.0007549999999998,1.00309,True,-1.9106951000072498,-3.24504331,-1.87418985,-0.6915265745000001
Non-centered,64,68,theta[1],1.0007549999999998,1.00309,True,0.43830928392626073,0.0678997732,0.428942285,0.8399394454999997
Non-centered,64,69,log_sigma_sq,1.0015100000000001,1.00309,True,-1.930327922423,-3.36298508,-1.86519035,-0.6928855490000008
Non-centered,64,69,theta[1],1.0015100000000001,1.00309,True,0.43249312224840003,0.04785352340000001,0.42171053999999997,0.8498141754999999
Non-centered,64,70,log_sigma_sq,1.001365,1.00554,True,-1.9276859400005,-3.25705997,-1.87282985,-0.7572311950000004
Non-centered,64,70,theta[1],1.001365,1.00554,True,0.4382839598418745,0.06553956605000001,0.43321909999999997,0.8260123044999997
Non-centered,64,71,log_sigma_sq,1.0004849999999998,1.00483,True,-1.9480033881452,-3.336519,-1.9078225,-0.6930909205000009
Non-centered,64,71,theta[1],1.0004849999999998,1.00483,True,0.4363709949865875,0.0675640699,0.422857305,0.8431243724999998
Non-centered,64,72,log_sigma_sq,1.002815,1.00673,True,-1.92663687135755,-3.315781515,-1.88500465,-0.6457732065000003
Non-centered,64,72,theta[1],1.002815,1.00673,True,0.43609490740324,0.05816025240000001,0.42912653,0.8250686599999999
Non-centered,64,73,log_sigma_sq,1.00213,1.00803,True,-1.90878025653665,-3.3059735850000003,-1.85594575,-0.6741896140000008
Non-centered,64,73,theta[1],1.00213,1.00803,True,0.4381256197752025,0.060670232500000025,0.43294483,0.8513235534999999
Non-centered,64,74,log_sigma_sq,1.001515,1.00313,True,-1.9358733303633249,-3.333197475,-1.8809531499999999,-0.7128130565000007
Non-centered,64,74,theta[1],1.001515,1.00313,True,0.43662615292040496,0.06216199715000001,0.43083739,0.8204515374999999
Non-centered,64,75,log_sigma_sq,1.000565,1.00171,True,-1.9134431482272498,-3.296925465,-1.8673011,-0.6292942935000001
Non-centered,64,75,theta[1],1.000565,1.00171,True,0.4374697156248367,0.06570640330000001,0.426698735,0.841288083
Non-centered,64,76,log_sigma_sq,1.0021550000000001,1.01012,True,-1.9352477460799251,-3.28860423,-1.8687198,-0.6976720875000003
Non-centered,64,76,theta[1],1.0021550000000001,1.01012,True,0.43441152653467247,0.05783075665000001,0.42692314,0.8380673504999999
Non-centered,64,77,log_sigma_sq,1.001185,1.00384,True,-1.9026099289645,-3.2660356249999998,-1.86093295,-0.6946690195000002
Non-centered,64,77,theta[1],1.001185,1.00384,True,0.43589804262348253,0.07572211470000002,0.425416625,0.832136561
Non-centered,64,78,log_sigma_sq,1.0018099999999999,1.00415,True,-1.923956110671275,-3.2630863999999997,-1.89174905,-0.6941032375000006
Non-centered,64,78,theta[1],1.0018099999999999,1.00415,True,0.4367016163768825,0.06892151355000001,0.424224805,0.8396032739999999
Non-centered,64,79,log_sigma_sq,1.00051,1.00128,True,-1.93300410598055,-3.2619798849999997,-1.8662359999999998,-0.746887666
Non-centered,64,79,theta[1],1.00051,1.00128,True,0.4384235107304525,0.06568588335,0.43039249,0.8415474404999999
Non-centered,64,80,log_sigma_sq,1.00111,1.0026,True,-1.936263991841,-3.22591859,-1.89525945,-0.75574302
Non-centered,64,80,theta[1],1.00111,1.0026,True,0.4300160476318875,0.059681286550000004,0.418385565,0.8361189619999998
Non-centered,64,81,log_sigma_sq,1.002135,1.00481,True,-1.946551920268475,-3.2950144499999996,-1.8991847,-0.7506143390000001
Non-centered,64,81,theta[1],1.002135,1.00481,True,0.4372566567083225,0.06239332810000002,0.43127966500000003,0.8376472654999999
Non-centered,64,82,log_sigma_sq,1.001,1.00525,True,-1.913827341085625,-3.28436302,-1.8911356000000001,-0.6606187635
Non-centered,64,82,theta[1],1.001,1.00525,True,0.441776195301905,0.0726021518,0.43333271500000003,0.8392683119999998
Non-centered,64,83,log_sigma_sq,1.001055,1.00439,True,-1.9703779490589826,-3.3586072049999998,-1.89173265,-0.7745871205000011
Non-centered,64,83,theta[1],1.001055,1.00439,True,0.42795960204978745,0.052056595400000016,0.420834845,0.8419668709999999
Non-centered,64,84,log_sigma_sq,1.00173,1.00282,True,-1.937271616498675,-3.2631061100000003,-1.9093366999999999,-0.7365033310000004
Non-centered,64,84,theta[1],1.00173,1.00282,True,0.4359560146675,0.06301799270000001,0.42613012,0.8410772845
Non-centered,64,85,log_sigma_sq,1.001295,1.00392,True,-1.9124380209753173,-3.245482085,-1.87213515,-0.6915742425000004
Non-centered,64,85,theta[1],1.001295,1.00392,True,0.4348409731904718,0.05905581605,0.421655565,0.840990206
Non-centered,64,86,log_sigma_sq,1.001375,1.00377,True,-1.9084479011910251,-3.253785435,-1.85764385,-0.7195203330000011
Non-centered,64,86,theta[1],1.001375,1.00377,True,0.43816050505350473,0.0674636413,0.42970961500000004,0.843195728
Non-centered,64,87,log_sigma_sq,1.0012050000000001,1.00247,True,-1.90800717874135,-3.224069795,-1.8856013,-0.6898827885000001
Non-centered,64,87,theta[1],1.0012050000000001,1.00247,True,0.44112520304446745,0.06852142750000001,0.43765451499999997,0.8330632874999999
Non-centered,64,88,log_sigma_sq,1.001535,1.00368,True,-1.9508876851987502,-3.36872663,-1.9108051000000001,-0.6754290245000003
Non-centered,64,88,theta[1],1.001535,1.00368,True,0.4320098550148473,0.052069262350000006,0.42712349,0.8404124369999998
Non-centered,64,89,log_sigma_sq,1.00156,1.00666,True,-1.9233391038755001,-3.1925994049999997,-1.8827582999999999,-0.7453892795000002
Non-centered,64,89,theta[1],1.00156,1.00666,True,0.43685876324756245,0.05727271180000001,0.43153822,0.823453385
Non-centered,64,90,log_sigma_sq,1.00134,1.00326,True,-1.94690354915325,-3.3029342649999998,-1.89296685,-0.747719972
Non-centered,64,90,theta[1],1.00134,1.00326,True,0.4325894225162367,0.0533157119,0.42324769500000003,0.8378184295
Non-centered,64,91,log_sigma_sq,1.001285,1.0032,True,-1.91052157460475,-3.24042122,-1.8682552000000001,-0.6750393310000004
Non-centered,64,91,theta[1],1.001285,1.0032,True,0.4368904870757075,0.06462349900000001,0.429852225,0.8133455699999999
Non-centered,64,92,log_sigma_sq,1.001455,1.00458,True,-1.8845622756954998,-3.24788704,-1.84004125,-0.6481339365000007
Non-centered,64,92,theta[1],1.001455,1.00458,True,0.43874321186856097,0.05462629295,0.428829175,0.8442578604999997
Non-centered,64,93,log_sigma_sq,1.00109,1.00244,True,-1.9184267334098248,-3.2826140600000002,-1.87799385,-0.692859096
Non-centered,64,93,theta[1],1.00109,1.00244,True,0.4350076556602835,0.05851601485,0.423587775,0.8358861694999999
Non-centered,64,94,log_sigma_sq,1.001115,1.00223,True,-1.908174798486795,-3.270117945,-1.86611415,-0.6900016554999999
Non-centered,64,94,theta[1],1.001115,1.00223,True,0.4348992000610666,0.06606022660000002,0.42878382000000004,0.8305765915
Non-centered,64,95,log_sigma_sq,1.001065,1.00296,True,-1.918047845627025,-3.26166791,-1.86681305,-0.6850334650000003
Non-centered,64,95,theta[1],1.001065,1.00296,True,0.4319304424938,0.06480591555,0.41991952499999996,0.8495648779999999
Non-centered,64,96,log_sigma_sq,1.0006849999999998,1.00281,True,-1.9424170052137302,-3.29915483,-1.9028703500000002,-0.7597050710000003
Non-centered,64,96,theta[1],1.0006849999999998,1.00281,True,0.433245051650468,0.05848096295,0.42427995500000004,0.8314288329999999
Non-centered,64,97,log_sigma_sq,1.001065,1.00248,True,-1.9501672457845,-3.2840226249999995,-1.9052528999999998,-0.7247731545000012
Non-centered,64,97,theta[1],1.001065,1.00248,True,0.43478714824706755,0.0574349348,0.42808119499999997,0.8396214094999999
Non-centered,64,98,log_sigma_sq,1.00286,1.00683,True,-1.933893094422715,-3.310104405,-1.8813765,-0.6516974885000005
Non-centered,64,98,theta[1],1.00286,1.00683,True,0.4317235888690925,0.0677750744,0.42310026,0.8380015704999999
Non-centered,64,99,log_sigma_sq,1.00156,1.00351,True,-1.855206743175675,-3.1758461249999996,-1.8257561,-0.598495432000001
Non-centered,64,99,theta[1],1.00156,1.00351,True,0.44320666135432246,0.0694437425,0.43527232000000005,0.8440552309999998
Non-centered,64,100,log_sigma_sq,1.0006,1.00537,True,-1.97193381970035,-3.39251058,-1.917757,-0.7095434700000024
Non-centered,64,100,theta[1],1.0006,1.00537,True,0.428133215950225,0.062181372150000004,0.41813229,0.8368520029999998
Non-centered,128,1,log_sigma_sq,1.00096,1.00262,True,-1.3348059985014824,-2.245524455,-1.36315095,-0.36369388650000023
Non-centered,128,1,theta[1],1.00096,1.00262,True,0.72236502803375,0.42827467350000004,0.716654185,1.0309604099999998
Non-centered,128,2,log_sigma_sq,1.001115,1.00239,True,-1.3236657457402499,-2.2157809,-1.3353557,-0.38189798449999995
Non-centered,128,2,theta[1],1.001115,1.00239,True,0.72398258239725,0.426114233,0.72227944,1.0306243299999998
Non-centered,128,3,log_sigma_sq,1.001585,1.0046,True,-1.3215616843161475,-2.2191017,-1.34412985,-0.3044216415
Non-centered,128,3,theta[1],1.001585,1.0046,True,0.7204848316575001,0.4260472085,0.71832717,1.019265715
Non-centered,128,4,log_sigma_sq,1.001025,1.00325,True,-1.35333411350685,-2.218935145,-1.3614324500000001,-0.4369575775000004
Non-centered,128,4,theta[1],1.001025,1.00325,True,0.7180332266322499,0.411683023,0.7166425750000001,1.02318734
Non-centered,128,5,log_sigma_sq,1.002145,1.00466,True,-1.3137365292308476,-2.2083567299999998,-1.3430613999999998,-0.31489806150000016
Non-centered,128,5,theta[1],1.002145,1.00466,True,0.7202985080225,0.4245814815,0.718048345,1.0189240549999998
Non-centered,128,6,log_sigma_sq,1.0010599999999998,1.00278,True,-1.3337883435082252,-2.205491295,-1.36024485,-0.37455677500000156
Non-centered,128,6,theta[1],1.0010599999999998,1.00278,True,0.7204552807312,0.419955792,0.717620975,1.0310585199999998
Non-centered,128,7,log_sigma_sq,1.0011100000000002,1.00562,True,-1.348195353335625,-2.20707433,-1.3746942500000001,-0.40768715450000015
Non-centered,128,7,theta[1],1.0011100000000002,1.00562,True,0.7207576203999999,0.41696379100000003,0.715108625,1.031340755
Non-centered,128,8,log_sigma_sq,1.0011999999999999,1.00457,True,-1.348449617989855,-2.2137357150000003,-1.3704901500000002,-0.38800195700000006
Non-centered,128,8,theta[1],1.0011999999999999,1.00457,True,0.7240824317807499,0.42832922300000004,0.723646205,1.0347779899999998
Non-centered,128,9,log_sigma_sq,1.0011700000000001,1.00145,True,-1.3042658377656497,-2.225422895,-1.3220801500000001,-0.3345529270000004
Non-centered,128,9,theta[1],1.0011700000000001,1.00145,True,0.72013435887075,0.4144671665,0.7150373699999999,1.0267432899999998
Non-centered,128,10,log_sigma_sq,1.0012400000000001,1.00545,True,-1.31680428466375,-2.242536545,-1.34360155,-0.29247475800000006
Non-centered,128,10,theta[1],1.0012400000000001,1.00545,True,0.719858438089,0.425940147,0.7159407449999999,1.0255233099999999
Non-centered,128,11,log_sigma_sq,1.00232,1.00447,True,-1.301062613811825,-2.203732365,-1.3133051500000001,-0.3561828965000002
Non-centered,128,11,theta[1],1.00232,1.00447,True,0.7246603935594998,0.415138531,0.72307265,1.031817845
Non-centered,128,12,log_sigma_sq,1.00105,1.00352,True,-1.3459741452068277,-2.24088298,-1.3692669,-0.35490183450000107
Non-centered,128,12,theta[1],1.00105,1.00352,True,0.7190133254195,0.4199861305,0.7143152850000001,1.0165372499999998
Non-centered,128,13,log_sigma_sq,1.000975,1.00228,True,-1.313487335151925,-2.2135714650000002,-1.34762045,-0.2681962355000002
Non-centered,128,13,theta[1],1.000975,1.00228,True,0.7221206233724999,0.4247421205,0.71948043,1.0329353000000001
Non-centered,128,14,log_sigma_sq,1.00075,1.00479,True,-1.3295728927149326,-2.185325915,-1.3615803,-0.37645848650000024
Non-centered,128,14,theta[1],1.00075,1.00479,True,0.7168121078852501,0.421526239,0.71056716,1.0313068699999999
Non-centered,128,15,log_sigma_sq,1.000775,1.00176,True,-1.3429878368702002,-2.226524745,-1.3620990499999999,-0.37009693600000043
Non-centered,128,15,theta[1],1.000775,1.00176,True,0.7192573333919999,0.415305434,0.7183016950000001,1.0295674549999998
Non-centered,128,16,log_sigma_sq,1.00234,1.00499,True,-1.338454720128775,-2.2359087300000002,-1.3591491,-0.38418693
Non-centered,128,16,theta[1],1.00234,1.00499,True,0.7165813801535,0.4163452685,0.71460117,1.02587895
Non-centered,128,17,log_sigma_sq,1.00055,1.00178,True,-1.3276923288745253,-2.2119907700000003,-1.3641058,-0.3111962280000002
Non-centered,128,17,theta[1],1.00055,1.00178,True,0.7212940224210002,0.420228647,0.72258277,1.024365395
Non-centered,128,18,log_sigma_sq,1.000855,1.00196,True,-1.3345289584852627,-2.21531705,-1.36492755,-0.38874033150000026
Non-centered,128,18,theta[1],1.000855,1.00196,True,0.7253479140360001,0.43000710750000004,0.722098415,1.020146305
Non-centered,128,19,log_sigma_sq,1.001195,1.00343,True,-1.3599277163314822,-2.265643805,-1.373839,-0.35498088850000065
Non-centered,128,19,theta[1],1.001195,1.00343,True,0.71368257599275,0.419911847,0.7094307799999999,1.0255647849999998
Non-centered,128,20,log_sigma_sq,1.0008400000000002,1.00345,True,-1.2975063472725001,-2.20372869,-1.3291127,-0.29254979050000046
Non-centered,128,20,theta[1],1.0008400000000002,1.00345,True,0.7217479686050001,0.4283521635,0.7182451350000001,1.0293275
Non-centered,128,21,log_sigma_sq,1.001125,1.00394,True,-1.342091162080625,-2.227190785,-1.3560621,-0.3859665155000005
Non-centered,128,21,theta[1],1.001125,1.00394,True,0.723052841834,0.426484601,0.717239285,1.02687438
Non-centered,128,22,log_sigma_sq,1.00144,1.0027,True,-1.3323619828027748,-2.209767225,-1.3584268499999999,-0.3561348910000003
Non-centered,128,22,theta[1],1.00144,1.0027,True,0.7211694579475,0.4197949675,0.7197575300000001,1.0258125
Non-centered,128,23,log_sigma_sq,1.003685,1.00764,True,-1.327908819403175,-2.2284995100000002,-1.3505655,-0.37445764500000006
Non-centered,128,23,theta[1],1.003685,1.00764,True,0.722793511155,0.435558764,0.7212771,1.016405445
Non-centered,128,24,log_sigma_sq,1.0024199999999999,1.00408,True,-1.3141326628686925,-2.22885678,-1.3207209,-0.358041354
Non-centered,128,24,theta[1],1.0024199999999999,1.00408,True,0.7240903260645,0.4353498255,0.72129335,1.0235056999999996
Non-centered,128,25,log_sigma_sq,1.0014750000000001,1.00552,True,-1.315835153363848,-2.200473,-1.3420623,-0.33152160200000047
Non-centered,128,25,theta[1],1.0014750000000001,1.00552,True,0.7218350454325,0.41813466750000006,0.719193885,1.02771445
Non-centered,128,26,log_sigma_sq,1.0013800000000002,1.00453,True,-1.310710141449825,-2.20101811,-1.35070325,-0.3001548960000007
Non-centered,128,26,theta[1],1.0013800000000002,1.00453,True,0.723566816155,0.423310968,0.72018939,1.0271587949999998
Non-centered,128,27,log_sigma_sq,1.0009000000000001,1.00179,True,-1.3349944303083248,-2.21944282,-1.35629955,-0.3652825660000006
Non-centered,128,27,theta[1],1.0009000000000001,1.00179,True,0.7199596806125,0.42262169400000005,0.71887502,1.0255868399999999
Non-centered,128,28,log_sigma_sq,1.001105,1.00251,True,-1.3126226336523203,-2.1934016549999997,-1.3488779499999999,-0.2809544835000001
Non-centered,128,28,theta[1],1.001105,1.00251,True,0.7227279429794999,0.429941077,0.724828135,1.0247388799999997
Non-centered,128,29,log_sigma_sq,1.00143,1.00378,True,-1.339207804260825,-2.207090365,-1.37463125,-0.35579553500000166
Non-centered,128,29,theta[1],1.00143,1.00378,True,0.7229110458704999,0.4245320415,0.7215184400000001,1.0286177049999998
Non-centered,128,30,log_sigma_sq,1.001135,1.0032,True,-1.3052247822097525,-2.18422215,-1.3392461500000001,-0.28899631100000006
Non-centered,128,30,theta[1],1.001135,1.0032,True,0.72499327546,0.4297784365,0.722670935,1.0305986599999997
Non-centered,128,31,log_sigma_sq,1.00123,1.00374,True,-1.322750973378725,-2.188293655,-1.3370537,-0.3686376845000001
Non-centered,128,31,theta[1],1.00123,1.00374,True,0.7231220313075001,0.428370146,0.7177881399999999,1.022320215
Non-centered,128,32,log_sigma_sq,1.0012050000000001,1.00355,True,-1.3613777924525998,-2.24527138,-1.3882145000000001,-0.3665017975000003
Non-centered,128,32,theta[1],1.0012050000000001,1.00355,True,0.7196656152505,0.4326936275,0.71395399,1.0213701999999991
Non-centered,128,33,log_sigma_sq,1.00145,1.00427,True,-1.2964047727601309,-2.19391851,-1.3110571,-0.2953223805000003
Non-centered,128,33,theta[1],1.00145,1.00427,True,0.723851665044275,0.42066417500000003,0.7187419150000001,1.0377372299999994
Non-centered,128,34,log_sigma_sq,1.0019200000000001,1.00441,True,-1.337664305548715,-2.1974637849999996,-1.3665227500000001,-0.3994453605000005
Non-centered,128,34,theta[1],1.0019200000000001,1.00441,True,0.7190940942132501,0.42322916050000003,0.7171638650000001,1.0216283449999999
Non-centered,128,35,log_sigma_sq,1.00134,1.00404,True,-1.3080434946015498,-2.199701585,-1.32950825,-0.3461267810000003
Non-centered,128,35,theta[1],1.00134,1.00404,True,0.725536107875,0.4231518175,0.722999,1.02401594
Non-centered,128,36,log_sigma_sq,1.00164,1.00299,True,-1.3454157860727625,-2.2271786000000002,-1.3666007,-0.3918635565000001
Non-centered,128,36,theta[1],1.00164,1.00299,True,0.72183748456,0.4263349235,0.71965494,1.0334171049999996
Non-centered,128,37,log_sigma_sq,1.0015800000000001,1.00282,True,-1.326477830173075,-2.202890275,-1.34879505,-0.35156188750000017
Non-centered,128,37,theta[1],1.0015800000000001,1.00282,True,0.7218885149225001,0.426760238,0.718035415,1.040827205
Non-centered,128,38,log_sigma_sq,1.00121,1.00478,True,-1.291773729275175,-2.1903344999999996,-1.32553945,-0.2821681900000001
Non-centered,128,38,theta[1],1.00121,1.00478,True,0.7246901596225,0.420993503,0.723015575,1.0285796449999998
Non-centered,128,39,log_sigma_sq,1.00326,1.01098,True,-1.2957484540814626,-2.186080085,-1.3171678999999998,-0.3129988145000012
Non-centered,128,39,theta[1],1.00326,1.01098,True,0.721801543737,0.4268381115,0.71742829,1.0362580249999995
Non-centered,128,40,log_sigma_sq,1.000815,1.00347,True,-1.33346530643318,-2.204489605,-1.3522756500000002,-0.39355166200000063
Non-centered,128,40,theta[1],1.000815,1.00347,True,0.71751620345,0.424933619,0.7099642150000001,1.0304198599999999
Non-centered,128,41,log_sigma_sq,1.001925,1.00288,True,-1.2872290947398748,-2.1603008249999998,-1.31882985,-0.29091164600000025
Non-centered,128,41,theta[1],1.001925,1.00288,True,0.7230268154455,0.43042451150000005,0.71924177,1.0208326499999998
Non-centered,128,42,log_sigma_sq,1.0006849999999998,1.00434,True,-1.31451289733755,-2.193057005,-1.34087725,-0.35485139550000006
Non-centered,128,42,theta[1],1.0006849999999998,1.00434,True,0.7199150031725,0.422344106,0.717743545,1.0191782399999996
Non-centered,128,43,log_sigma_sq,1.0027949999999999,1.00668,True,-1.33137495360705,-2.22702987,-1.36677005,-0.32701782000000107
Non-centered,128,43,theta[1],1.0027949999999999,1.00668,True,0.7212275289044999,0.4148764145,0.7203840699999999,1.034264825
Non-centered,128,44,log_sigma_sq,1.000715,1.00172,True,-1.344004870931525,-2.220241255,-1.37158595,-0.3860818525000002
Non-centered,128,44,theta[1],1.000715,1.00172,True,0.7185258876195001,0.4261244365,0.71707473,1.011601095
Non-centered,128,45,log_sigma_sq,1.003025,1.00858,True,-1.3480842429264726,-2.2315858950000003,-1.3757803499999999,-0.3540455555000006
Non-centered,128,45,theta[1],1.003025,1.00858,True,0.7180431921792501,0.4206950945,0.717622415,1.02522097
Non-centered,128,46,log_sigma_sq,1.001105,1.0041,True,-1.3519927398233949,-2.20719559,-1.3765944499999998,-0.4045909800000002
Non-centered,128,46,theta[1],1.001105,1.0041,True,0.713539842275,0.4222213455,0.70938597,1.025306805
Non-centered,128,47,log_sigma_sq,1.0013100000000001,1.00612,True,-1.3089663695489675,-2.211882955,-1.33651475,-0.33209106150000034
Non-centered,128,47,theta[1],1.0013100000000001,1.00612,True,0.72216698523575,0.43168862100000005,0.7169859000000001,1.0253204549999997
Non-centered,128,48,log_sigma_sq,1.002395,1.00702,True,-1.305405303065525,-2.199841015,-1.3420113,-0.30894010200000066
Non-centered,128,48,theta[1],1.002395,1.00702,True,0.7238785564975,0.42076259050000003,0.721108445,1.03107375
Non-centered,128,49,log_sigma_sq,1.00061,1.00204,True,-1.314354638835,-2.2123774849999998,-1.3365917,-0.38618585200000005
Non-centered,128,49,theta[1],1.00061,1.00204,True,0.7230276920225,0.4321508555,0.722288325,1.0246426849999999
Non-centered,128,50,log_sigma_sq,1.0009700000000001,1.00211,True,-1.3018490729248502,-2.187922825,-1.3371154,-0.24790881650000024
Non-centered,128,50,theta[1],1.0009700000000001,1.00211,True,0.7192755582120001,0.4160128495,0.71437239,1.02943047
Non-centered,128,51,log_sigma_sq,1.0015450000000001,1.00724,True,-1.30848645111952,-2.2122946750000003,-1.3198266,-0.32162701850000014
Non-centered,128,51,theta[1],1.0015450000000001,1.00724,True,0.72068032684,0.429235589,0.71932745,1.021470425
Non-centered,128,52,log_sigma_sq,1.0015049999999999,1.00309,True,-1.3130255760145502,-2.195121525,-1.34017745,-0.33599170750000107
Non-centered,128,52,theta[1],1.0015049999999999,1.00309,True,0.7225965231495,0.425446478,0.7180357500000001,1.039234345
Non-centered,128,53,log_sigma_sq,1.0011700000000001,1.00294,True,-1.35774972350082,-2.230979525,-1.3734689000000002,-0.4275190185000001
Non-centered,128,53,theta[1],1.0011700000000001,1.00294,True,0.7194427331700001,0.4227857285,0.712106755,1.029145665
Non-centered,128,54,log_sigma_sq,1.0013100000000001,1.0024,True,-1.315957082817075,-2.1966648450000004,-1.34703635,-0.3120565425000001
Non-centered,128,54,theta[1],1.0013100000000001,1.0024,True,0.723953115215,0.425612924,0.72146831,1.0310075849999998
Non-centered,128,55,log_sigma_sq,1.00089,1.00135,True,-1.338441548194925,-2.249235975,-1.3501157,-0.4094063585000002
Non-centered,128,55,theta[1],1.00089,1.00135,True,0.721663557975,0.425199013,0.720533435,1.028769565
Non-centered,128,56,log_sigma_sq,1.0007100000000002,1.00128,True,-1.3355661624027149,-2.226353785,-1.3667091999999998,-0.3304914825000002
Non-centered,128,56,theta[1],1.0007100000000002,1.00128,True,0.72288281904,0.4230078305,0.72203047,1.036568135
Non-centered,128,57,log_sigma_sq,1.0015649999999998,1.00464,True,-1.2920653972970748,-2.1760089049999998,-1.31681355,-0.34056683000000026
Non-centered,128,57,theta[1],1.0015649999999998,1.00464,True,0.7213693019795,0.42453855749999997,0.71855265,1.02567474
Non-centered,128,58,log_sigma_sq,1.00115,1.00304,True,-1.332786400506725,-2.1940281,-1.3505332,-0.40254056950000033
Non-centered,128,58,theta[1],1.00115,1.00304,True,0.72026866347975,0.4205862775,0.71802914,1.01666145
Non-centered,128,59,log_sigma_sq,1.0013,1.00303,True,-1.32427110578025,-2.195577375,-1.352738,-0.3648216635000003
Non-centered,128,59,theta[1],1.0013,1.00303,True,0.7206832305274999,0.432945034,0.716979265,1.0222551899999999
Non-centered,128,60,log_sigma_sq,1.00087,1.00292,True,-1.3463264270739999,-2.235396455,-1.3671938,-0.34832643
Non-centered,128,60,theta[1],1.00087,1.00292,True,0.72604778654,0.4323353695,0.72179846,1.03247571
Non-centered,128,61,log_sigma_sq,1.0010050000000001,1.0032,True,-1.34172852568026,-2.219834895,-1.36138645,-0.42157204550000044
Non-centered,128,61,theta[1],1.0010050000000001,1.0032,True,0.7179936007742499,0.426088971,0.71659578,1.0225970499999997
Non-centered,128,62,log_sigma_sq,1.00068,1.0024,True,-1.3337347588456,-2.235666845,-1.3547006000000001,-0.3715665950000001
Non-centered,128,62,theta[1],1.00068,1.0024,True,0.7226446233925001,0.41744310450000005,0.72235615,1.029144395
Non-centered,128,63,log_sigma_sq,1.00241,1.005,True,-1.3315150512880751,-2.216599125,-1.3524012,-0.38793340650000024
Non-centered,128,63,theta[1],1.00241,1.005,True,0.719241246262,0.4183223635,0.717342175,1.0284816499999998
Non-centered,128,64,log_sigma_sq,1.00092,1.00286,True,-1.315744359439375,-2.2114099499999997,-1.3546727500000002,-0.3266851195000005
Non-centered,128,64,theta[1],1.00092,1.00286,True,0.71895687257675,0.41000840899999996,0.7147576600000001,1.03301076
Non-centered,128,65,log_sigma_sq,1.00105,1.00406,True,-1.3056423657699752,-2.2211869600000003,-1.32720845,-0.3365785655000002
Non-centered,128,65,theta[1],1.00105,1.00406,True,0.719522796635,0.430867776,0.71804137,1.0244487749999998
Non-centered,128,66,log_sigma_sq,1.000825,1.00455,True,-1.335662425438095,-2.24087612,-1.3607466499999998,-0.3653778940000002
Non-centered,128,66,theta[1],1.000825,1.00455,True,0.7207318522620001,0.427252316,0.713935175,1.0345051999999997
Non-centered,128,67,log_sigma_sq,1.0014349999999999,1.00473,True,-1.31262153510846,-2.19329861,-1.3254207500000001,-0.3727607365000005
Non-centered,128,67,theta[1],1.0014349999999999,1.00473,True,0.72274469328,0.4260736095,0.72063212,1.0244394
Non-centered,128,68,log_sigma_sq,1.001375,1.00641,True,-1.3340616630668523,-2.229810355,-1.36414985,-0.3555812455000002
Non-centered,128,68,theta[1],1.001375,1.00641,True,0.7180876039674999,0.42866875800000004,0.716728035,1.0183000399999997
Non-centered,128,69,log_sigma_sq,1.0005,1.00221,True,-1.303982479293935,-2.185270695,-1.3330587999999999,-0.2999373090000002
Non-centered,128,69,theta[1],1.0005,1.00221,True,0.7261724504912499,0.4312734005,0.72341464,1.0379851450000002
Non-centered,128,70,log_sigma_sq,1.0014150000000002,1.00413,True,-1.3281583541440125,-2.2094992899999997,-1.3510121000000002,-0.35650835200000014
Non-centered,128,70,theta[1],1.0014150000000002,1.00413,True,0.7196896383139999,0.4227539525,0.7141087749999999,1.032831775
Non-centered,128,71,log_sigma_sq,1.00175,1.00403,True,-1.3513723609826125,-2.22404246,-1.3720875000000001,-0.40204341250000036
Non-centered,128,71,theta[1],1.00175,1.00403,True,0.7225319440425,0.42175354750000005,0.7198814,1.0344266199999999
Non-centered,128,72,log_sigma_sq,1.001585,1.00378,True,-1.318927871885925,-2.2311956250000002,-1.3379417999999998,-0.36971403850000023
Non-centered,128,72,theta[1],1.001585,1.00378,True,0.7260206046092501,0.4329629095,0.7270362850000001,1.0273822
Non-centered,128,73,log_sigma_sq,1.0012599999999998,1.00505,True,-1.322292156613175,-2.22909961,-1.3367569499999998,-0.386130323500001
Non-centered,128,73,theta[1],1.0012599999999998,1.00505,True,0.71831672662225,0.4094340765,0.713407535,1.0315398949999997
Non-centered,128,74,log_sigma_sq,1.00064,1.00278,True,-1.336343665841225,-2.236120525,-1.36283455,-0.3319954700000006
Non-centered,128,74,theta[1],1.00064,1.00278,True,0.719059217985,0.4261997005,0.715723105,1.0286962049999997
Non-centered,128,75,log_sigma_sq,1.00133,1.00354,True,-1.33613602259435,-2.2325340049999998,-1.3583713,-0.34415961750000046
Non-centered,128,75,theta[1],1.00133,1.00354,True,0.7126154378875001,0.41995221850000003,0.711101185,1.012580415
Non-centered,128,76,log_sigma_sq,1.001525,1.0027,True,-1.33342178584325,-2.2566317099999997,-1.37579365,-0.29094963800000007
Non-centered,128,76,theta[1],1.001525,1.0027,True,0.7167982840125,0.4156564365,0.7141580700000001,1.022241875
Non-centered,128,77,log_sigma_sq,1.00109,1.0053,True,-1.3010937003365501,-2.20169699,-1.3326869000000001,-0.29926766500000024
Non-centered,128,77,theta[1],1.00109,1.0053,True,0.7188967802234999,0.41987418750000005,0.717548605,1.0245877300000001
Non-centered,128,78,log_sigma_sq,1.00163,1.00458,True,-1.3041363616244375,-2.1910973449999998,-1.3296137,-0.3324116810000011
Non-centered,128,78,theta[1],1.00163,1.00458,True,0.72005289288075,0.42847615,0.715868265,1.01211743
Non-centered,128,79,log_sigma_sq,1.00078,1.004,True,-1.3442021572905973,-2.21683675,-1.35859995,-0.35892337550000064
Non-centered,128,79,theta[1],1.00078,1.004,True,0.718498334761,0.42383159800000003,0.712410745,1.023132085
Non-centered,128,80,log_sigma_sq,1.00083,1.00402,True,-1.3643735241491024,-2.23781162,-1.3795293499999999,-0.4199900055
Non-centered,128,80,theta[1],1.00083,1.00402,True,0.7172104233500001,0.4213191915,0.71254555,1.0308707199999998
Non-centered,128,81,log_sigma_sq,1.0016,1.00656,True,-1.358581756465104,-2.226570625,-1.3682311,-0.45703600500000074
Non-centered,128,81,theta[1],1.0016,1.00656,True,0.72359084016,0.416618192,0.7200511199999999,1.0426771049999999
Non-centered,128,82,log_sigma_sq,1.00245,1.00982,True,-1.335612395908905,-2.231657765,-1.36916215,-0.2938333535000003
Non-centered,128,82,theta[1],1.00245,1.00982,True,0.719479444997,0.42960490500000004,0.71724684,1.0213287349999998
Non-centered,128,83,log_sigma_sq,1.003025,1.00798,True,-1.327389742092495,-2.228681645,-1.34712845,-0.31625203050000006
Non-centered,128,83,theta[1],1.003025,1.00798,True,0.71999597911775,0.411987475,0.722267455,1.027525955
Non-centered,128,84,log_sigma_sq,1.00148,1.00263,True,-1.3283499644233,-2.22866301,-1.3561337,-0.3825111960000002
Non-centered,128,84,theta[1],1.00148,1.00263,True,0.7240708760600001,0.4253792225,0.722776815,1.03360657
Non-centered,128,85,log_sigma_sq,1.00027,1.001,True,-1.312706071188005,-2.196026445,-1.3368593,-0.35534129200000003
Non-centered,128,85,theta[1],1.00027,1.001,True,0.72052250893,0.42264684500000005,0.71987309,1.0355400549999998
Non-centered,128,86,log_sigma_sq,1.0009649999999999,1.00153,True,-1.3055035748847499,-2.19008182,-1.3374393,-0.3547015725000003
Non-centered,128,86,theta[1],1.0009649999999999,1.00153,True,0.723978873604,0.4316967765,0.71837009,1.02721635
Non-centered,128,87,log_sigma_sq,1.0003950000000001,1.00123,True,-1.35676715644285,-2.2350812550000003,-1.3713060000000001,-0.45292483500000014
Non-centered,128,87,theta[1],1.0003950000000001,1.00123,True,0.717144821205,0.42505832800000004,0.7129445249999999,1.017448935
Non-centered,128,88,log_sigma_sq,1.0015649999999998,1.00299,True,-1.3267885460806002,-2.23197635,-1.37770495,-0.33814045350000005
Non-centered,128,88,theta[1],1.0015649999999998,1.00299,True,0.7141116761655001,0.4157416055,0.71366191,1.016697265
Non-centered,128,89,log_sigma_sq,1.001485,1.00474,True,-1.3299672375183251,-2.181667565,-1.3738416,-0.33403917400000016
Non-centered,128,89,theta[1],1.001485,1.00474,True,0.7181981401150002,0.4298569885,0.712871375,1.023404445
Non-centered,128,90,log_sigma_sq,1.0012349999999999,1.00199,True,-1.35349365925825,-2.21767593,-1.3644772,-0.4384165115000004
Non-centered,128,90,theta[1],1.0012349999999999,1.00199,True,0.7195441125225,0.4261027535,0.717417705,1.021651865
Non-centered,128,91,log_sigma_sq,1.0006599999999999,1.00125,True,-1.3409144754916251,-2.23335539,-1.3628228999999998,-0.3645811635000023
Non-centered,128,91,theta[1],1.0006599999999999,1.00125,True,0.7183209177625001,0.41593297300000004,0.72051431,1.0292243749999999
Non-centered,128,92,log_sigma_sq,1.001455,1.00378,True,-1.3973339468869002,-2.27059394,-1.41741205,-0.4384094330000002
Non-centered,128,92,theta[1],1.001455,1.00378,True,0.7170847763549999,0.4233715585,0.7163556,1.0193269049999998
Non-centered,128,93,log_sigma_sq,1.001625,1.00327,True,-1.31898391246045,-2.223443595,-1.35776545,-0.2972682535
Non-centered,128,93,theta[1],1.001625,1.00327,True,0.7204028353124999,0.4183440405,0.719362155,1.031372325
Non-centered,128,94,log_sigma_sq,1.00134,1.002,True,-1.3390968736770001,-2.227310365,-1.3612947,-0.3411421685000012
Non-centered,128,94,theta[1],1.00134,1.002,True,0.7188391310429999,0.42586712400000004,0.71655682,1.0243999249999998
Non-centered,128,95,log_sigma_sq,1.002285,1.00543,True,-1.328133852182845,-2.188263355,-1.3678751,-0.35295086700000056
Non-centered,128,95,theta[1],1.002285,1.00543,True,0.7209329862392501,0.423570809,0.71955875,1.026539375
Non-centered,128,96,log_sigma_sq,1.0018500000000001,1.00553,True,-1.3433875649432003,-2.23920974,-1.34975585,-0.3865006545000009
Non-centered,128,96,theta[1],1.0018500000000001,1.00553,True,0.7209332599199999,0.421520657,0.719919865,1.0300794899999999
Non-centered,128,97,log_sigma_sq,1.0013100000000001,1.0022,True,-1.341643763165035,-2.231612605,-1.3723638,-0.3530416050000008
Non-centered,128,97,theta[1],1.0013100000000001,1.0022,True,0.72174103785,0.41974553350000005,0.7204768450000001,1.02093458
Non-centered,128,98,log_sigma_sq,1.0026549999999999,1.00884,True,-1.3656074625209098,-2.24053477,-1.39264665,-0.4119604010000011
Non-centered,128,98,theta[1],1.0026549999999999,1.00884,True,0.7195786779262501,0.4204162995,0.72013648,1.0190848549999998
Non-centered,128,99,log_sigma_sq,1.001595,1.00304,True,-1.3380362218217998,-2.24806901,-1.35557025,-0.3882844155000005
Non-centered,128,99,theta[1],1.001595,1.00304,True,0.72001675695225,0.4199370865,0.714515135,1.03408222
Non-centered,128,100,log_sigma_sq,1.000775,1.00875,True,-1.3282551802636748,-2.24250486,-1.35298675,-0.36116822500000023
Non-centered,128,100,theta[1],1.000775,1.00875,True,0.7203768843620001,0.42327240050000003,0.713366885,1.038260845
Non-centered,256,1,log_sigma_sq,1.003725,1.00919,True,-0.924494276208425,-1.7126134100000001,-0.9448244,-0.08099358710000037
Non-centered,256,1,theta[1],1.003725,1.00919,True,1.0252881248525,0.797915703,1.02470785,1.25297844
Non-centered,256,2,log_sigma_sq,1.0032,1.00437,True,-0.9041324990380274,-1.68886229,-0.950697695,-0.0007145474270011177
Non-centered,256,2,theta[1],1.0032,1.00437,True,1.0208733145,0.7937462215,1.020387,1.2523046299999998
Non-centered,256,3,log_sigma_sq,1.0012050000000001,1.00387,True,-0.9276906638531075,-1.732148755,-0.9616853949999999,-0.018863108450000034
Non-centered,256,3,theta[1],1.0012050000000001,1.00387,True,1.0206909212475,0.7928979,1.02116155,1.24420187
Non-centered,256,4,log_sigma_sq,1.00286,1.00707,True,-0.9207058860865575,-1.674302295,-0.95339748,-0.06228620480000034
Non-centered,256,4,theta[1],1.00286,1.00707,True,1.026387118355,0.7906260455,1.0253464,1.265682985
Non-centered,256,5,log_sigma_sq,1.0030100000000002,1.00558,True,-0.9165908718302751,-1.703507835,-0.946811225,-0.039011002950000005
Non-centered,256,5,theta[1],1.0030100000000002,1.00558,True,1.0286767192575001,0.800334966,1.0257155999999998,1.2627650099999999
Non-centered,256,6,log_sigma_sq,1.001185,1.00189,True,-0.9384417912570651,-1.724911245,-0.9600392950000001,-0.05815506060000001
Non-centered,256,6,theta[1],1.001185,1.00189,True,1.02374228243,0.801540129,1.02004395,1.2607953099999998
Non-centered,256,7,log_sigma_sq,1.0007,1.00185,True,-0.8922738448455042,-1.7088637,-0.95074738,0.07458816664999982
Non-centered,256,7,theta[1],1.0007,1.00185,True,1.022514450955,0.7908858320000001,1.0205822,1.261081175
Non-centered,256,8,log_sigma_sq,1.002685,1.0056,True,-0.933592128746675,-1.72687129,-0.9536844200000001,-0.08828737705000005
Non-centered,256,8,theta[1],1.002685,1.0056,True,1.0253531913525,0.7901997755,1.02597275,1.25450031
Non-centered,256,9,log_sigma_sq,1.00155,1.0042,True,-0.9292214318122524,-1.7115072900000001,-0.96543285,-0.042508894000000616
Non-centered,256,9,theta[1],1.00155,1.0042,True,1.0219739872425,0.7956014355000001,1.0185867,1.265307965
Non-centered,256,10,log_sigma_sq,1.001905,1.00374,True,-0.9338331369305399,-1.72448218,-0.9683624150000001,-0.08581961695000007
Non-centered,256,10,theta[1],1.001905,1.00374,True,1.0229952923475,0.804210502,1.01985265,1.258481235
Non-centered,256,11,log_sigma_sq,1.00182,1.00383,True,-0.89250272810224,-1.70806424,-0.9214578,0.023291730549998717
Non-centered,256,11,theta[1],1.00182,1.00383,True,1.0227778077925,0.7905540090000001,1.02353885,1.2567759899999997
Non-centered,256,12,log_sigma_sq,1.001055,1.00273,True,-0.9549023899526168,-1.7302619799999999,-0.97981623,-0.1035112100000005
Non-centered,256,12,theta[1],1.001055,1.00273,True,1.02214545058,0.803304135,1.0199171,1.25416741
Non-centered,256,13,log_sigma_sq,1.0016,1.00323,True,-0.8950413005202825,-1.68233014,-0.92735674,0.013431909499999832
Non-centered,256,13,theta[1],1.0016,1.00323,True,1.0254884165475,0.786746428,1.025679,1.2668809499999998
Non-centered,256,14,log_sigma_sq,1.001875,1.00382,True,-0.92781830262239,-1.71814679,-0.95723001,-0.03782128880000139
Non-centered,256,14,theta[1],1.001875,1.00382,True,1.0231277365525,0.7962901155,1.01920125,1.2585845049999997
Non-centered,256,15,log_sigma_sq,1.00318,1.00407,True,-0.9280230626137422,-1.734774125,-0.9556445650000001,-0.029538086650000052
Non-centered,256,15,theta[1],1.00318,1.00407,True,1.0223602278675001,0.792735753,1.0216758499999998,1.2579583099999998
Non-centered,256,16,log_sigma_sq,1.001015,1.00213,True,-0.909703536405795,-1.7287556599999998,-0.9479356999999999,0.020761908049999344
Non-centered,256,16,theta[1],1.001015,1.00213,True,1.0261196166550002,0.798095182,1.0255638999999999,1.26096198
Non-centered,256,17,log_sigma_sq,1.0009700000000001,1.00221,True,-0.9262260413670724,-1.68904801,-0.972877025,-0.05907210510000025
Non-centered,256,17,theta[1],1.0009700000000001,1.00221,True,1.02676487629,0.8015965865,1.02324715,1.256771205
Non-centered,256,18,log_sigma_sq,1.00377,1.00899,True,-0.9309851667993125,-1.714612335,-0.95279468,-0.03470711315000011
Non-centered,256,18,theta[1],1.00377,1.00899,True,1.0235917704275,0.8005417714999999,1.0215351,1.2536002899999998
Non-centered,256,19,log_sigma_sq,1.0019900000000002,1.00588,True,-0.9314515047625,-1.7175103500000002,-0.957900025,-0.04138801690000065
Non-centered,256,19,theta[1],1.0019900000000002,1.00588,True,1.0249953691575002,0.794202973,1.0228774500000002,1.260326205
Non-centered,256,20,log_sigma_sq,1.00116,1.00655,True,-0.9091159980603075,-1.72991046,-0.947105925,0.04190122099999973
Non-centered,256,20,theta[1],1.00116,1.00655,True,1.0225764511275,0.7980220825000001,1.0205256,1.2560033050000001
Non-centered,256,21,log_sigma_sq,1.0020099999999998,1.00489,True,-0.9320397049326725,-1.7312021899999999,-0.95691472,-0.04597394320000007
Non-centered,256,21,theta[1],1.0020099999999998,1.00489,True,1.022424035115,0.7927484945,1.02091475,1.2578895849999998
Non-centered,256,22,log_sigma_sq,1.00397,1.00699,True,-0.89396353677405,-1.667383885,-0.9237174050000001,-0.0018099019800002088
Non-centered,256,22,theta[1],1.00397,1.00699,True,1.02584117768,0.804001728,1.0218042999999999,1.2530070099999997
Non-centered,256,23,log_sigma_sq,1.002025,1.00484,True,-0.8905468581103749,-1.69627296,-0.92634706,0.053944720399999646
Non-centered,256,23,theta[1],1.002025,1.00484,True,1.0270548987725001,0.796823857,1.02366165,1.2593593849999998
Non-centered,256,24,log_sigma_sq,1.00203,1.00422,True,-0.95175445786918,-1.701436365,-0.97340017,-0.10857988700000057
Non-centered,256,24,theta[1],1.00203,1.00422,True,1.023956003395,0.796491981,1.0227843499999998,1.2532862249999999
Non-centered,256,25,log_sigma_sq,1.001565,1.0048,True,-0.921953612583235,-1.7255288549999999,-0.95233395,0.019332858799998343
Non-centered,256,25,theta[1],1.001565,1.0048,True,1.0256992063775,0.79674928,1.0236421500000001,1.256995045
Non-centered,256,26,log_sigma_sq,1.00125,1.00273,True,-0.9324429470506099,-1.721504795,-0.95458537,-0.08291870920000058
Non-centered,256,26,theta[1],1.00125,1.00273,True,1.02539084856,0.7992580455,1.0258412,1.263307385
Non-centered,256,27,log_sigma_sq,1.00218,1.00393,True,-0.930886291843025,-1.741216555,-0.9590320800000001,-0.010739453495000491
Non-centered,256,27,theta[1],1.00218,1.00393,True,1.02622990071,0.7981812945,1.0255427,1.2551991299999998
Non-centered,256,28,log_sigma_sq,1.00164,1.00361,True,-0.9424249749345,-1.69527994,-0.97877418,-0.10124490885000044
Non-centered,256,28,theta[1],1.00164,1.00361,True,1.0203387436625,0.784813368,1.02071405,1.2602090049999999
Non-centered,256,29,log_sigma_sq,1.00061,1.00391,True,-0.890179609116495,-1.7036354,-0.91898868,0.03204663174999931
Non-centered,256,29,theta[1],1.00061,1.00391,True,1.0251896601050001,0.7975234714999999,1.02392935,1.2504481949999997
Non-centered,256,30,log_sigma_sq,1.002125,1.00562,True,-0.90748333967,-1.718727285,-0.93695079,0.03449495394999996
Non-centered,256,30,theta[1],1.002125,1.00562,True,1.0248120592524999,0.788597104,1.02111035,1.2673902549999998
Non-centered,256,31,log_sigma_sq,1.0012750000000001,1.00382,True,-0.9336170113432599,-1.698513475,-0.9794936949999999,-0.023207426350000674
Non-centered,256,31,theta[1],1.0012750000000001,1.00382,True,1.0222277043625,0.7989666505,1.02010095,1.2552421349999998
Non-centered,256,32,log_sigma_sq,1.00171,1.0059,True,-0.920525546489305,-1.7264051649999999,-0.9555077249999999,0.010797891049999855
Non-centered,256,32,theta[1],1.00171,1.0059,True,1.0232401826975,0.785402505,1.0206860500000001,1.2602563249999998
Non-centered,256,33,log_sigma_sq,1.002655,1.00617,True,-0.9214293719410375,-1.721607795,-0.9492752200000001,-0.016866081050000672
Non-centered,256,33,theta[1],1.002655,1.00617,True,1.021539049275,0.7936593584999999,1.0189711,1.2507810299999997
Non-centered,256,34,log_sigma_sq,1.00225,1.00497,True,-0.88691291728129,-1.70133739,-0.921697635,0.017944127049998537
Non-centered,256,34,theta[1],1.00225,1.00497,True,1.0258990070949998,0.792091419,1.0234252000000001,1.261936405
Non-centered,256,35,log_sigma_sq,1.00211,1.00379,True,-0.90314596950425,-1.69752719,-0.926493935,-0.02258447025000001
Non-centered,256,35,theta[1],1.00211,1.00379,True,1.0244425037524998,0.7934276815,1.02445355,1.2553543600000001
Non-centered,256,36,log_sigma_sq,1.0007549999999998,1.00278,True,-0.9033623385271,-1.7020296099999999,-0.94319598,0.020404299699999427
Non-centered,256,36,theta[1],1.0007549999999998,1.00278,True,1.02334098414,0.799325703,1.02102175,1.26560335
Non-centered,256,37,log_sigma_sq,1.0028549999999998,1.00614,True,-0.8866024506518599,-1.67281435,-0.925297995,0.04236259279999952
Non-centered,256,37,theta[1],1.0028549999999998,1.00614,True,1.02782464493,0.8022143785000001,1.0235152,1.26151257
Non-centered,256,38,log_sigma_sq,1.0025,1.00626,True,-0.9000169533160826,-1.70129197,-0.9381283149999999,0.007976303939999612
Non-centered,256,38,theta[1],1.0025,1.00626,True,1.02279515706,0.7966252330000001,1.0241204000000002,1.25177666
Non-centered,256,39,log_sigma_sq,1.003345,1.00771,True,-0.95039135433515,-1.705670825,-0.98665807,-0.04837840500000038
Non-centered,256,39,theta[1],1.003345,1.00771,True,1.0240651790425,0.7930349130000001,1.02224555,1.2614501599999997
Non-centered,256,40,log_sigma_sq,1.001035,1.00194,True,-0.91551495728135,-1.716783605,-0.95026358,0.032123908649999894
Non-centered,256,40,theta[1],1.001035,1.00194,True,1.02319777182,0.78849209,1.02189335,1.260545525
Non-centered,256,41,log_sigma_sq,1.002835,1.00692,True,-0.8945861431327,-1.69429835,-0.932684665,0.006563681349999621
Non-centered,256,41,theta[1],1.002835,1.00692,True,1.025219019685,0.790689269,1.02105325,1.25715545
Non-centered,256,42,log_sigma_sq,1.00131,1.00389,True,-0.920238752202955,-1.7345287950000001,-0.93942418,-0.04418902195000006
Non-centered,256,42,theta[1],1.00131,1.00389,True,1.0238593208525,0.8021248645,1.02077835,1.2618251249999999
Non-centered,256,43,log_sigma_sq,1.00182,1.00582,True,-0.8875389010190775,-1.708123745,-0.9166459250000001,0.020863888099999516
Non-centered,256,43,theta[1],1.00182,1.00582,True,1.0271902042524998,0.7967435820000001,1.02620825,1.267016025
Non-centered,256,44,log_sigma_sq,1.001355,1.00362,True,-0.9356305492342999,-1.74442725,-0.9531782849999999,-0.019440790600000285
Non-centered,256,44,theta[1],1.001355,1.00362,True,1.0238805717775,0.803061219,1.0230051,1.2557054399999998
Non-centered,256,45,log_sigma_sq,1.0028299999999999,1.0053,True,-0.9490219312642,-1.72243829,-0.98352969,-0.05314629750000021
Non-centered,256,45,theta[1],1.0028299999999999,1.0053,True,1.0221730343325,0.789801079,1.0209256,1.24936922
Non-centered,256,46,log_sigma_sq,1.0008599999999999,1.00276,True,-0.9378935299652426,-1.733249035,-0.96431816,-0.06106003175000057
Non-centered,256,46,theta[1],1.0008599999999999,1.00276,True,1.0248381621575,0.7951149935,1.0234432500000001,1.260521205
Non-centered,256,47,log_sigma_sq,1.00219,1.00477,True,-0.884275583074365,-1.681061545,-0.923258785,0.041171055649999816
Non-centered,256,47,theta[1],1.00219,1.00477,True,1.0259636558725,0.7936170204999999,1.02378765,1.261697175
Non-centered,256,48,log_sigma_sq,1.002975,1.00664,True,-0.9239935168455174,-1.72412945,-0.959620345,-0.01510900570000027
Non-centered,256,48,theta[1],1.002975,1.00664,True,1.0236705401950001,0.791102218,1.0242787,1.2523573199999998
Non-centered,256,49,log_sigma_sq,1.0024250000000001,1.00762,True,-0.9062380748182499,-1.67941965,-0.94159108,-0.02486463060000039
Non-centered,256,49,theta[1],1.0024250000000001,1.00762,True,1.0257162452150002,0.797200296,1.0255807,1.25124562
Non-centered,256,50,log_sigma_sq,1.0031249999999998,1.00932,True,-0.9080182864467975,-1.6998334700000002,-0.943350755,-0.011911014895000587
Non-centered,256,50,theta[1],1.0031249999999998,1.00932,True,1.0251469299,0.7968054685,1.021431,1.2629571249999996
Non-centered,256,51,log_sigma_sq,1.00225,1.00614,True,-0.9211307304252475,-1.70265722,-0.94775809,-0.00881958819000004
Non-centered,256,51,theta[1],1.00225,1.00614,True,1.0228834229800001,0.8034332995,1.01881085,1.25176048
Non-centered,256,52,log_sigma_sq,1.0026199999999998,1.00749,True,-0.8957947570227375,-1.69160389,-0.927455465,-0.0038713314875009628
Non-centered,256,52,theta[1],1.0026199999999998,1.00749,True,1.025542199075,0.7969345245,1.02603635,1.2538820599999998
Non-centered,256,53,log_sigma_sq,1.00338,1.00678,True,-0.920106301667175,-1.67710832,-0.948808125,-0.07257134125000038
Non-centered,256,53,theta[1],1.00338,1.00678,True,1.0225868675775,0.7934144249999999,1.0250110000000001,1.2521456949999998
Non-centered,256,54,log_sigma_sq,1.00156,1.00255,True,-0.9129265955205151,-1.7104060749999999,-0.9431348900000001,-0.0587500437500003
Non-centered,256,54,theta[1],1.00156,1.00255,True,1.0227179413199998,0.797346722,1.02238235,1.25777141
Non-centered,256,55,log_sigma_sq,1.0021200000000001,1.00501,True,-0.9053510510891,-1.700592635,-0.942943495,0.020767388349999395
Non-centered,256,55,theta[1],1.0021200000000001,1.00501,True,1.026843929295,0.801428399,1.024674,1.2547850799999998
Non-centered,256,56,log_sigma_sq,1.005,1.01165,True,-0.8906615341692525,-1.694617385,-0.9367734249999999,0.04290395794999964
Non-centered,256,56,theta[1],1.005,1.01165,True,1.026427979815,0.799629589,1.02656975,1.2599437199999999
Non-centered,256,57,log_sigma_sq,1.00133,1.00326,True,-0.8864748879017925,-1.69034879,-0.9102834049999999,0.01687918499999993
Non-centered,256,57,theta[1],1.00133,1.00326,True,1.0280256238849999,0.7927622169999999,1.02686545,1.2618418349999996
Non-centered,256,58,log_sigma_sq,1.003055,1.00724,True,-0.909047538548335,-1.69031373,-0.95248743,-0.0004001564590000447
Non-centered,256,58,theta[1],1.003055,1.00724,True,1.0261110758,0.7971111280000001,1.0252713,1.2599657549999999
Non-centered,256,59,log_sigma_sq,1.00177,1.00305,True,-0.9166712560937751,-1.6793753249999999,-0.9457322749999999,-0.044232759950000124
Non-centered,256,59,theta[1],1.00177,1.00305,True,1.0264338124725,0.8000869545,1.025049,1.2480809999999998
Non-centered,256,60,log_sigma_sq,1.0019,1.00382,True,-0.8996167571815474,-1.70809284,-0.937999315,-0.0013834953295001856
Non-centered,256,60,theta[1],1.0019,1.00382,True,1.0246945033850001,0.7952016249999999,1.02045895,1.2596657150000001
Non-centered,256,61,log_sigma_sq,1.0027650000000001,1.00742,True,-0.87243127843985,-1.69415963,-0.9143709449999999,0.07604971314999975
Non-centered,256,61,theta[1],1.0027650000000001,1.00742,True,1.0268507842674999,0.7979278995,1.0230861500000001,1.2651929499999999
Non-centered,256,62,log_sigma_sq,1.001735,1.00434,True,-0.9179741572877574,-1.739323485,-0.9563229799999999,0.006377520659999718
Non-centered,256,62,theta[1],1.001735,1.00434,True,1.0240553715075,0.7892397335,1.02303395,1.25931891
Non-centered,256,63,log_sigma_sq,1.00358,1.0113,True,-0.8820234799669425,-1.70566468,-0.9217147400000001,0.05340556084999951
Non-centered,256,63,theta[1],1.00358,1.0113,True,1.0216715199975,0.792657004,1.0194588,1.2568385049999997
Non-centered,256,64,log_sigma_sq,1.0023900000000001,1.00399,True,-0.9351651421250524,-1.7449602899999999,-0.95311885,-0.0812009348500001
Non-centered,256,64,theta[1],1.0023900000000001,1.00399,True,1.0226586112525,0.7919893674999999,1.02126845,1.26041054
Non-centered,256,65,log_sigma_sq,1.002675,1.00523,True,-0.9163283294834,-1.70020327,-0.9466424,-0.017431893950000037
Non-centered,256,65,theta[1],1.002675,1.00523,True,1.023938401575,0.7979192625,1.0226969000000001,1.2535812449999997
Non-centered,256,66,log_sigma_sq,1.0024099999999998,1.00671,True,-0.9145532311641275,-1.703776725,-0.9359966500000001,-0.02717350210000137
Non-centered,256,66,theta[1],1.0024099999999998,1.00671,True,1.0259649013775,0.7923843835,1.0284190500000001,1.2619084849999995
Non-centered,256,67,log_sigma_sq,1.00099,1.00194,True,-0.9074652908899274,-1.7241735550000001,-0.939848545,0.031017981249999726
Non-centered,256,67,theta[1],1.00099,1.00194,True,1.0256831446874999,0.795877948,1.0230595,1.26009657
Non-centered,256,68,log_sigma_sq,1.0027599999999999,1.00526,True,-0.911236057435,-1.6810453749999998,-0.9508904,-0.01259410960000023
Non-centered,256,68,theta[1],1.0027599999999999,1.00526,True,1.0238999603425,0.790833076,1.02186895,1.2668006699999999
Non-centered,256,69,log_sigma_sq,1.00244,1.00645,True,-0.9070085431166256,-1.702599575,-0.946318775,-0.006431627530000106
Non-centered,256,69,theta[1],1.00244,1.00645,True,1.0227474926475002,0.798374628,1.01938765,1.252617765
Non-centered,256,70,log_sigma_sq,1.00121,1.00561,True,-0.92412524238402,-1.71744339,-0.95569377,0.012491664799999412
Non-centered,256,70,theta[1],1.00121,1.00561,True,1.02182893655,0.7964451565,1.02068255,1.2589922699999998
Non-centered,256,71,log_sigma_sq,1.001365,1.0055,True,-0.9234736233700751,-1.68425866,-0.963018925,-0.011349553550000118
Non-centered,256,71,theta[1],1.001365,1.0055,True,1.02462053842,0.7940781415,1.0204176999999999,1.269174525
Non-centered,256,72,log_sigma_sq,1.00192,1.00312,True,-0.9236596827529375,-1.731215885,-0.95373248,-0.003670831920000391
Non-centered,256,72,theta[1],1.00192,1.00312,True,1.0219898517475001,0.790679618,1.0189669000000001,1.25194392
Non-centered,256,73,log_sigma_sq,1.0077099999999999,1.02906,True,-0.8473174309145549,-1.6879669849999999,-0.9521013700000001,0.20749232199999978
Non-centered,256,73,theta[1],1.0077099999999999,1.02906,True,1.02124348107,0.79542725,1.0176736,1.25391636
Non-centered,256,74,log_sigma_sq,1.00121,1.00268,True,-0.9057251923634897,-1.6969623649999999,-0.94390318,0.01445776849999987
Non-centered,256,74,theta[1],1.00121,1.00268,True,1.02369500507,0.786859588,1.0225071,1.2613925799999999
Non-centered,256,75,log_sigma_sq,1.002385,1.0083,True,-0.9114110837355002,-1.71531159,-0.930010935,-0.042620780500000066
Non-centered,256,75,theta[1],1.002385,1.0083,True,1.0283043715025,0.795773475,1.02713685,1.25731835
Non-centered,256,76,log_sigma_sq,1.0015100000000001,1.00512,True,-0.925184467633125,-1.732126405,-0.94726848,-0.02342561840000005
Non-centered,256,76,theta[1],1.0015100000000001,1.00512,True,1.0252930554300002,0.7991422765,1.0257551,1.2581412599999997
Non-centered,256,77,log_sigma_sq,1.001925,1.0034,True,-0.9310294072166929,-1.6753249,-0.958218865,-0.07492253915000006
Non-centered,256,77,theta[1],1.001925,1.0034,True,1.0241519673925,0.7974677575,1.01928345,1.253815995
Non-centered,256,78,log_sigma_sq,1.0011899999999998,1.00491,True,-0.9233581332098374,-1.693469785,-0.96929216,-0.02302468940000041
Non-centered,256,78,theta[1],1.0011899999999998,1.00491,True,1.0208193594875001,0.790956966,1.02117455,1.2563158749999996
Non-centered,256,79,log_sigma_sq,1.00237,1.00434,True,-0.90022717292355,-1.6817190949999998,-0.92116301,-0.029895597250001057
Non-centered,256,79,theta[1],1.00237,1.00434,True,1.022833156805,0.7856218970000001,1.02132385,1.27067946
Non-centered,256,80,log_sigma_sq,1.00204,1.00753,True,-0.93981325826558,-1.72778762,-0.9772353899999999,-0.05322986335000027
Non-centered,256,80,theta[1],1.00204,1.00753,True,1.0228754890525,0.793617491,1.02134755,1.26047347
Non-centered,256,81,log_sigma_sq,1.0026700000000002,1.00581,True,-0.90046171008399,-1.7054737,-0.9473756,0.02735539229999982
Non-centered,256,81,theta[1],1.0026700000000002,1.00581,True,1.0247679079375,0.79384582,1.02258555,1.26450914
Non-centered,256,82,log_sigma_sq,1.00125,1.00395,True,-0.90319410891835,-1.6864720149999999,-0.94578728,0.07918093724999936
Non-centered,256,82,theta[1],1.00125,1.00395,True,1.02455062808,0.7934862185,1.0223651500000002,1.26093148
Non-centered,256,83,log_sigma_sq,1.00184,1.0049,True,-0.9212541618102225,-1.69585234,-0.9542028149999999,0.0169733685999989
Non-centered,256,83,theta[1],1.00184,1.0049,True,1.0242577364425,0.7904924210000001,1.0205915,1.267616915
Non-centered,256,84,log_sigma_sq,1.00258,1.00818,True,-0.9248226862551749,-1.7386055,-0.959848285,-0.01073856919000068
Non-centered,256,84,theta[1],1.00258,1.00818,True,1.0250072791574998,0.792677701,1.0234551,1.25782361
Non-centered,256,85,log_sigma_sq,1.00229,1.00383,True,-0.91768792390081,-1.72606177,-0.946431375,-0.01277105555000011
Non-centered,256,85,theta[1],1.00229,1.00383,True,1.0270010908324998,0.805104723,1.0246873,1.2635160349999996
Non-centered,256,86,log_sigma_sq,1.003465,1.00644,True,-0.9052385286180774,-1.6938353050000001,-0.94171169,-0.009558218735000503
Non-centered,256,86,theta[1],1.003465,1.00644,True,1.0224138836749999,0.7993971985,1.0189742499999999,1.2502280899999998
Non-centered,256,87,log_sigma_sq,1.00065,1.00211,True,-0.9177576529793501,-1.732141755,-0.949273775,0.034219117549998776
Non-centered,256,87,theta[1],1.00065,1.00211,True,1.0220620186075,0.7986429955000001,1.0210696000000001,1.25657215
Non-centered,256,88,log_sigma_sq,1.002645,1.0042,True,-0.9371147993652925,-1.722727385,-0.9636455850000001,-0.03867900760000081
Non-centered,256,88,theta[1],1.002645,1.0042,True,1.0242271690799998,0.7892157095000001,1.0236135,1.2555515949999998
Non-centered,256,89,log_sigma_sq,1.001985,1.00687,True,-0.9234504397864151,-1.681848595,-0.9746946,-0.02571317445000018
Non-centered,256,89,theta[1],1.001985,1.00687,True,1.02204108425,0.787620847,1.0203308500000001,1.257089045
Non-centered,256,90,log_sigma_sq,1.001195,1.00361,True,-0.9246962254138,-1.7148646650000001,-0.95509438,-0.03880920080000072
Non-centered,256,90,theta[1],1.001195,1.00361,True,1.0258168362749998,0.793093856,1.0234978,1.2655640849999998
Non-centered,256,91,log_sigma_sq,1.001185,1.0027,True,-0.9120774619914676,-1.69313191,-0.96012851,0.01743526889999958
Non-centered,256,91,theta[1],1.001185,1.0027,True,1.0233302884275,0.8014057085,1.02083295,1.25274479
Non-centered,256,92,log_sigma_sq,1.002625,1.00966,True,-0.9500193149694499,-1.7217813849999999,-0.97730073,-0.09853875035000069
Non-centered,256,92,theta[1],1.002625,1.00966,True,1.0226582024825,0.7904160565,1.0215793,1.2576097899999998
Non-centered,256,93,log_sigma_sq,1.001105,1.00248,True,-0.919906224902825,-1.677958875,-0.9613176699999999,-0.042395512200000346
Non-centered,256,93,theta[1],1.001105,1.00248,True,1.0244034093825,0.79339487,1.02343595,1.2621219350000001
Non-centered,256,94,log_sigma_sq,1.0021550000000001,1.00364,True,-0.9216079482242001,-1.708639035,-0.9735351400000001,0.00928682035999931
Non-centered,256,94,theta[1],1.0021550000000001,1.00364,True,1.022927729925,0.792490838,1.0242291,1.256010205
Non-centered,256,95,log_sigma_sq,1.004,1.00538,True,-0.9218912954878501,-1.764616135,-0.950526225,0.041112095749999966
Non-centered,256,95,theta[1],1.004,1.00538,True,1.02257492156,0.7938091115000001,1.0229149,1.2578550049999997
Non-centered,256,96,log_sigma_sq,1.00307,1.00579,True,-0.9504564745493499,-1.7374820549999999,-0.962853205,-0.10413811600000021
Non-centered,256,96,theta[1],1.00307,1.00579,True,1.023386352405,0.7904791729999999,1.02121645,1.26092238
Non-centered,256,97,log_sigma_sq,1.0008599999999999,1.00209,True,-0.9098866216990475,-1.708284285,-0.93989596,0.02153911444999987
Non-centered,256,97,theta[1],1.0008599999999999,1.00209,True,1.025501870435,0.79446125,1.02478885,1.2619797349999997
Non-centered,256,98,log_sigma_sq,1.002845,1.00686,True,-0.90114398925549,-1.70416064,-0.955746215,0.07373374744999922
Non-centered,256,98,theta[1],1.002845,1.00686,True,1.0225916465175,0.7941436805000001,1.02156445,1.2530102200000002
Non-centered,256,99,log_sigma_sq,1.0010949999999998,1.00272,True,-0.903576545093825,-1.681864285,-0.9318865000000001,0.006295665769999448
Non-centered,256,99,theta[1],1.0010949999999998,1.00272,True,1.0261483773975002,0.7993254315000001,1.02404665,1.2640303499999999
Non-centered,256,100,log_sigma_sq,1.003095,1.00914,True,-0.892130688094325,-1.68485851,-0.9225075949999999,0.006875433444999725
Non-centered,256,100,theta[1],1.003095,1.00914,True,1.0207246998975001,0.786305824,1.0185118499999999,1.2592471649999997
Non-centered,2048,1,log_sigma_sq,1.01633,1.02047,False,-0.89414403988666,-1.6237837000000002,-0.93741398,0.019973848399999966
Non-centered,2048,1,theta[1],1.01633,1.02047,False,0.9612061109475,0.878572029,0.96131281,1.04553643
Non-centered,2048,2,log_sigma_sq,1.002035,1.00406,True,-0.93883698168935,-1.67959423,-0.97028336,-0.048898185400000224
Non-centered,2048,2,theta[1],1.002035,1.00406,True,0.9617031761825,0.880664972,0.961709305,1.04324808
Non-centered,2048,3,log_sigma_sq,1.015975,1.02223,False,-0.8948193415833026,-1.6622625199999999,-0.922677625,-0.03515806820000061
Non-centered,2048,3,theta[1],1.015975,1.02223,False,0.9619589379475001,0.881977345,0.961985335,1.042799415
Non-centered,2048,4,log_sigma_sq,1.01407,1.01726,False,-0.911047109549175,-1.64492365,-0.9692495350000001,-0.02313947490000043
Non-centered,2048,4,theta[1],1.01407,1.01726,False,0.960835736965,0.881636626,0.9601858,1.04013465
Non-centered,2048,5,log_sigma_sq,1.01147,1.0149,False,-0.8581475400821851,-1.579098325,-0.90391238,0.004418967699999518
Non-centered,2048,5,theta[1],1.01147,1.0149,False,0.9615950725775,0.8800498515,0.96030593,1.0426246700000001
Non-centered,2048,6,log_sigma_sq,1.02258,1.02852,False,-0.8474193054453449,-1.6277895999999998,-0.89352137,0.08343975639999987
Non-centered,2048,6,theta[1],1.02258,1.02852,False,0.9617622591375,0.8798469405,0.9625258050000001,1.043791855
Non-centered,2048,7,log_sigma_sq,1.0079500000000001,1.01046,True,-0.8953553787356875,-1.622049805,-0.9168794849999999,-0.04774139710000023
Non-centered,2048,7,theta[1],1.0079500000000001,1.01046,True,0.96294586816,0.879659996,0.963365185,1.045418525
Non-centered,2048,8,log_sigma_sq,1.01147,1.01557,False,-0.8641476832580525,-1.629635475,-0.90230911,0.03914546084999906
Non-centered,2048,8,theta[1],1.01147,1.01557,False,0.9610220602375,0.8797975250000001,0.959165885,1.04492892
Non-centered,2048,9,log_sigma_sq,1.00964,1.01173,True,-0.882478976911675,-1.618483295,-0.925590095,0.015131214499999747
Non-centered,2048,9,theta[1],1.00964,1.01173,True,0.9617464092575,0.880974821,0.961600015,1.03969282
Non-centered,2048,10,log_sigma_sq,1.001655,1.00221,True,-0.87936186735385,-1.618827265,-0.9154560700000001,-0.0348196727500002
Non-centered,2048,10,theta[1],1.001655,1.00221,True,0.9609049618075,0.8816000300000001,0.9606793250000001,1.0426015350000002
Non-centered,2048,11,log_sigma_sq,1.0034049999999999,1.00468,True,-0.8587600579712525,-1.587799265,-0.895788465,0.0006792405084999696
Non-centered,2048,11,theta[1],1.0034049999999999,1.00468,True,0.9605627254374999,0.879740364,0.9607247649999999,1.0388429899999998
Non-centered,2048,12,log_sigma_sq,1.00909,1.01294,True,-0.8416163937818475,-1.6142546999999998,-0.8838837500000001,0.08147117389999947
Non-centered,2048,12,theta[1],1.00909,1.01294,True,0.9620367623925,0.881411096,0.9618014100000001,1.0434024599999998
Non-centered,2048,13,log_sigma_sq,1.006605,1.00916,True,-0.85096209689151,-1.580169195,-0.87972272,-0.0554490616000004
Non-centered,2048,13,theta[1],1.006605,1.00916,True,0.960681776405,0.8795448065,0.9599994700000001,1.041941275
Non-centered,2048,14,log_sigma_sq,1.00381,1.0051,True,-0.8815785486441751,-1.59526329,-0.917926365,-0.014710726350000156
Non-centered,2048,14,theta[1],1.00381,1.0051,True,0.9616981219324999,0.881833285,0.960581195,1.0412314950000001
Non-centered,2048,15,log_sigma_sq,1.005925,1.00872,True,-0.8390828343862999,-1.5876432649999999,-0.87603549,0.02692830624999891
Non-centered,2048,15,theta[1],1.005925,1.00872,True,0.9631903742175,0.8815655625000001,0.96406397,1.04121771
Non-centered,2048,16,log_sigma_sq,1.0063149999999998,1.00835,True,-0.911112762742145,-1.643332545,-0.939485275,-0.04286201225000081
Non-centered,2048,16,theta[1],1.0063149999999998,1.00835,True,0.962526279375,0.8806756845,0.9626591449999999,1.041854205
Non-centered,2048,17,log_sigma_sq,1.01112,1.014,False,-0.8682965683381,-1.658895625,-0.9141986,0.07174109979999946
Non-centered,2048,17,theta[1],1.01112,1.014,False,0.96198369594,0.8816541795,0.96192177,1.04230372
Non-centered,2048,18,log_sigma_sq,1.00866,1.01089,True,-0.8255665528515999,-1.602038125,-0.88160457,0.16500529149999993
Non-centered,2048,18,theta[1],1.00866,1.01089,True,0.961289503535,0.882050775,0.9596401299999999,1.0450496
Non-centered,2048,19,log_sigma_sq,1.0048149999999998,1.00597,True,-0.8843579054986225,-1.6159351549999998,-0.90920523,-0.06657948925000029
Non-centered,2048,19,theta[1],1.0048149999999998,1.00597,True,0.9601642198725001,0.8768344285,0.959676875,1.0411608849999998
Non-centered,2048,20,log_sigma_sq,1.015705,1.02158,False,-0.867717589670845,-1.603003315,-0.90732298,-0.00021336697350050307
Non-centered,2048,20,theta[1],1.015705,1.02158,False,0.9619286359225,0.8816237535,0.96233871,1.042857805
Non-centered,2048,21,log_sigma_sq,1.0073699999999999,1.00975,True,-0.844148931702857,-1.6044874150000001,-0.8998930350000001,0.16056763599999957
Non-centered,2048,21,theta[1],1.0073699999999999,1.00975,True,0.9626956812275,0.88287012,0.9626620400000001,1.043439055
Non-centered,2048,22,log_sigma_sq,1.011755,1.01433,False,-0.8391579484841499,-1.613406285,-0.907171025,0.1980162654999994
Non-centered,2048,22,theta[1],1.011755,1.01433,False,0.96187251586,0.8792662175,0.961109115,1.043775195
Non-centered,2048,23,log_sigma_sq,1.00818,1.01392,True,-0.854696694168925,-1.583170845,-0.9033606999999999,0.03644620259999923
Non-centered,2048,23,theta[1],1.00818,1.01392,True,0.9624053344975,0.8792294025,0.964087495,1.0454275199999998
Non-centered,2048,24,log_sigma_sq,1.007185,1.00824,True,-0.8927071161193499,-1.6227189750000002,-0.93228531,-0.02681030485000012
Non-centered,2048,24,theta[1],1.007185,1.00824,True,0.9627826876325001,0.879250811,0.96411079,1.044041805
Non-centered,2048,25,log_sigma_sq,1.01144,1.01404,False,-0.8744741117890324,-1.624402835,-0.908989635,0.007815344484999796
Non-centered,2048,25,theta[1],1.01144,1.01404,False,0.9625082846349999,0.8766020285,0.963309215,1.044969485
Non-centered,2048,26,log_sigma_sq,1.0048599999999999,1.00914,True,-0.86624117645585,-1.6131882249999998,-0.912431115,0.028548588099999824
Non-centered,2048,26,theta[1],1.0048599999999999,1.00914,True,0.962543209245,0.8808569549999999,0.96228227,1.044554385
Non-centered,2048,27,log_sigma_sq,1.002545,1.00298,True,-0.8482049607550626,-1.5818359499999999,-0.893338505,0.050900593449999254
Non-centered,2048,27,theta[1],1.002545,1.00298,True,0.962239620155,0.883258733,0.96268837,1.04137302
Non-centered,2048,28,log_sigma_sq,1.0048,1.0064,True,-0.8362011831158445,-1.6054674100000002,-0.8944273949999999,0.11914791099999968
Non-centered,2048,28,theta[1],1.0048,1.0064,True,0.9611600458375,0.877003428,0.9622705300000001,1.0418094150000001
Non-centered,2048,29,log_sigma_sq,1.00365,1.00737,True,-0.8878253402530175,-1.626081935,-0.951776605,0.009213164349999855
Non-centered,2048,29,theta[1],1.00365,1.00737,True,0.962530915715,0.8813299565,0.961373315,1.044596205
Non-centered,2048,30,log_sigma_sq,1.01033,1.0148,False,-0.9170155797973251,-1.66520208,-0.950374195,-0.027054824250000553
Non-centered,2048,30,theta[1],1.01033,1.0148,False,0.961749743415,0.885999707,0.961602455,1.03974604
Non-centered,2048,31,log_sigma_sq,1.0025650000000002,1.00369,True,-0.8927743274385848,-1.6585177500000001,-0.93132433,-0.0448600249500006
Non-centered,2048,31,theta[1],1.0025650000000002,1.00369,True,0.960439409815,0.877586211,0.961092735,1.042014875
Non-centered,2048,32,log_sigma_sq,1.01112,1.01342,False,-0.85341341937934,-1.592073015,-0.8821571800000001,0.01295417289999963
Non-centered,2048,32,theta[1],1.01112,1.01342,False,0.9618293039,0.8811862105,0.96077895,1.04429869
Non-centered,2048,33,log_sigma_sq,1.0030649999999999,1.00403,True,-0.8555372150449,-1.65109522,-0.8943128250000001,0.03567631814999915
Non-centered,2048,33,theta[1],1.0030649999999999,1.00403,True,0.962330330425,0.8804167645,0.9629505199999999,1.045299715
Non-centered,2048,34,log_sigma_sq,1.00559,1.00705,True,-0.8715868609423735,-1.613286115,-0.9194475950000001,0.013125377699999467
Non-centered,2048,34,theta[1],1.00559,1.00705,True,0.9610565596675,0.8797110985000001,0.9606655,1.042635115
Non-centered,2048,35,log_sigma_sq,1.01519,1.01855,False,-0.85098910140343,-1.60691929,-0.89331709,0.08501969334999993
Non-centered,2048,35,theta[1],1.01519,1.01855,False,0.9616838988199999,0.881855669,0.9615050199999999,1.041880175
Non-centered,2048,36,log_sigma_sq,1.005385,1.00736,True,-0.8829687140633,-1.63357398,-0.9245940500000001,0.008020818764999715
Non-centered,2048,36,theta[1],1.005385,1.00736,True,0.962128453135,0.8829279815,0.96278651,1.04246914
Non-centered,2048,37,log_sigma_sq,1.01528,1.01812,False,-0.843700607088195,-1.5997319049999998,-0.887034395,0.0228005344999996
Non-centered,2048,37,theta[1],1.01528,1.01812,False,0.9608163796325,0.8809717265,0.95977466,1.0443643999999999
Non-centered,2048,38,log_sigma_sq,1.0144549999999999,1.01744,False,-0.8746121553227999,-1.640914285,-0.9076482050000001,0.011304992649999297
Non-centered,2048,38,theta[1],1.0144549999999999,1.01744,False,0.9620419310375,0.879842073,0.961486395,1.04573355
Non-centered,2048,39,log_sigma_sq,1.0110899999999998,1.01375,False,-0.8815224407405174,-1.6623571299999997,-0.904769295,-0.04826276100000029
Non-centered,2048,39,theta[1],1.0110899999999998,1.01375,False,0.9610585891125,0.8779266920000001,0.961779125,1.0430575149999999
Non-centered,2048,40,log_sigma_sq,1.00519,1.00799,True,-0.900921898328945,-1.618504075,-0.953972845,-0.03158267525000065
Non-centered,2048,40,theta[1],1.00519,1.00799,True,0.9636863533825,0.8822998750000001,0.96447746,1.0445483899999999
Non-centered,2048,41,log_sigma_sq,1.00624,1.00787,True,-0.9215995583684925,-1.6499491649999998,-0.9711288,-0.012894597000000292
Non-centered,2048,41,theta[1],1.00624,1.00787,True,0.9618284134775,0.8823676770000001,0.96138795,1.041330665
Non-centered,2048,42,log_sigma_sq,1.01063,1.01497,False,-0.8700550832682424,-1.654210575,-0.900506645,0.0468692382999997
Non-centered,2048,42,theta[1],1.01063,1.01497,False,0.961741185105,0.880630504,0.96140337,1.0451574750000001
Non-centered,2048,43,log_sigma_sq,1.00285,1.00458,True,-0.879639926464557,-1.6305725,-0.92069398,-0.0112220817750011
Non-centered,2048,43,theta[1],1.00285,1.00458,True,0.96109632553,0.8810478075,0.9600419600000001,1.0418674499999998
Non-centered,2048,44,log_sigma_sq,1.002885,1.00357,True,-0.8994953317773925,-1.685549595,-0.92650573,-0.024699718050000673
Non-centered,2048,44,theta[1],1.002885,1.00357,True,0.9614808666825,0.880535826,0.961521415,1.042068335
Non-centered,2048,45,log_sigma_sq,1.001945,1.0023,True,-0.9008335882267695,-1.64317883,-0.948685715,0.0003577158658984923
Non-centered,2048,45,theta[1],1.001945,1.0023,True,0.9625568170625,0.8818422164999999,0.9632547499999999,1.04252982
Non-centered,2048,46,log_sigma_sq,1.005215,1.00671,True,-0.935836508936675,-1.657269435,-0.966006135,-0.12838673700000058
Non-centered,2048,46,theta[1],1.005215,1.00671,True,0.9623113110675,0.881169071,0.9622182399999999,1.0431685549999998
Non-centered,2048,47,log_sigma_sq,1.005245,1.00722,True,-0.8983763422094201,-1.637351005,-0.942410135,0.014330381899999908
Non-centered,2048,47,theta[1],1.005245,1.00722,True,0.9621365100275,0.8817088465,0.9617311500000001,1.044567115
Non-centered,2048,48,log_sigma_sq,1.01023,1.01292,False,-0.89573362502955,-1.6201133749999999,-0.9415182799999999,0.054795606649999655
Non-centered,2048,48,theta[1],1.01023,1.01292,False,0.9615656039075,0.879949908,0.961282535,1.04551594
Non-centered,2048,49,log_sigma_sq,1.00378,1.00513,True,-0.902586520314185,-1.626644775,-0.941028395,-0.043652180550000266
Non-centered,2048,49,theta[1],1.00378,1.00513,True,0.9603628882425,0.879554566,0.96008328,1.042791805
Non-centered,2048,50,log_sigma_sq,1.00793,1.01049,True,-0.8347898241716325,-1.594281615,-0.87767862,0.06354402909999994
Non-centered,2048,50,theta[1],1.00793,1.01049,True,0.96215579859,0.882286139,0.962394705,1.041790595
Non-centered,2048,51,log_sigma_sq,1.00265,1.00288,True,-0.830921820354445,-1.581131395,-0.8639892650000001,0.10565284899999922
Non-centered,2048,51,theta[1],1.00265,1.00288,True,0.9611493042274999,0.8809202334999999,0.961002125,1.0410081549999999
Non-centered,2048,52,log_sigma_sq,1.0053649999999998,1.00748,True,-0.8803168316154399,-1.657631805,-0.919279425,-0.013425337250000665
Non-centered,2048,52,theta[1],1.0053649999999998,1.00748,True,0.9616501137475,0.881611901,0.96137333,1.043641245
Non-centered,2048,53,log_sigma_sq,1.0091450000000002,1.01167,True,-0.8739691250056151,-1.6027167500000001,-0.90571935,-0.040085569450000115
Non-centered,2048,53,theta[1],1.0091450000000002,1.01167,True,0.96175686595,0.8797012590000001,0.96136662,1.0439774149999999
Non-centered,2048,54,log_sigma_sq,1.00786,1.00987,True,-0.8804567067532251,-1.60910084,-0.91146628,0.024759564749999248
Non-centered,2048,54,theta[1],1.00786,1.00987,True,0.9611468112325,0.879530639,0.960759885,1.04803346
Non-centered,2048,55,log_sigma_sq,1.0031050000000001,1.0043,True,-0.9170802019444425,-1.6444775,-0.9446665750000001,-0.09315137845000006
Non-centered,2048,55,theta[1],1.0031050000000001,1.0043,True,0.9622443142825,0.879675769,0.960758725,1.045878165
Non-centered,2048,56,log_sigma_sq,1.00686,1.00994,True,-0.91389258659299,-1.66537198,-0.93586548,-0.042933968800000756
Non-centered,2048,56,theta[1],1.00686,1.00994,True,0.9617164508925,0.8828332689999999,0.9611178,1.04194236
Non-centered,2048,57,log_sigma_sq,1.003115,1.00404,True,-0.8622534365420149,-1.5834447950000001,-0.88872594,-0.03959589
Non-centered,2048,57,theta[1],1.003115,1.00404,True,0.9614570615325,0.879340054,0.96091952,1.0446780599999999
Non-centered,2048,58,log_sigma_sq,1.021265,1.02576,False,-0.8911086290987651,-1.652872575,-0.94078277,0.026970891849999935
Non-centered,2048,58,theta[1],1.021265,1.02576,False,0.9596349873775,0.8767388245000001,0.958996575,1.041764915
Non-centered,2048,59,log_sigma_sq,1.01323,1.01707,False,-0.9122318455400275,-1.6017234249999999,-0.94568583,-0.11403890850000005
Non-centered,2048,59,theta[1],1.01323,1.01707,False,0.9607799851775001,0.8824397039999999,0.9616449650000001,1.0406642849999999
Non-centered,2048,60,log_sigma_sq,1.0028700000000002,1.00342,True,-0.9107557779852,-1.62065796,-0.9375085400000001,-0.08592523425000026
Non-centered,2048,60,theta[1],1.0028700000000002,1.00342,True,0.9605000438100001,0.8802338719999999,0.960346595,1.0413420949999999
Non-centered,2048,61,log_sigma_sq,1.010825,1.01425,False,-0.8909489847915625,-1.6431543549999998,-0.9254461350000001,-0.027536790150000726
Non-centered,2048,61,theta[1],1.010825,1.01425,False,0.9616530595475001,0.8801399535,0.961422075,1.044323275
Non-centered,2048,62,log_sigma_sq,1.006075,1.00783,True,-0.8251631465793724,-1.6115381149999999,-0.8659418649999999,0.08690631959999597
Non-centered,2048,62,theta[1],1.006075,1.00783,True,0.9611719472475,0.8839202275,0.961071615,1.04040896
Non-centered,2048,63,log_sigma_sq,1.0100850000000001,1.01298,False,-0.9533748974118176,-1.66908528,-0.98427003,-0.09474568780000031
Non-centered,2048,63,theta[1],1.0100850000000001,1.01298,False,0.9605519102775001,0.8773997335,0.9613811699999999,1.0402481799999999
Non-centered,2048,64,log_sigma_sq,1.0058,1.00868,True,-0.838649321703905,-1.5689018350000001,-0.8916841950000001,0.08685950229999992
Non-centered,2048,64,theta[1],1.0058,1.00868,True,0.96109032136,0.8809554774999999,0.96079526,1.0431566749999999
Non-centered,2048,65,log_sigma_sq,1.0036749999999999,1.00422,True,-0.8925056233010751,-1.635232405,-0.9032989250000001,-0.07142756395000023
Non-centered,2048,65,theta[1],1.0036749999999999,1.00422,True,0.9628653593525001,0.8830692565,0.9628466250000001,1.0421344350000001
Non-centered,2048,66,log_sigma_sq,1.0140449999999999,1.01974,False,-0.8527142780983126,-1.6453137299999998,-0.87320868,0.02131857629999985
Non-centered,2048,66,theta[1],1.0140449999999999,1.01974,False,0.96072182828,0.883069816,0.9605287650000001,1.039523235
Non-centered,2048,67,log_sigma_sq,1.00338,1.00543,True,-0.8949429933871,-1.63091626,-0.93894879,0.028592887649999732
Non-centered,2048,67,theta[1],1.00338,1.00543,True,0.9613916156999999,0.880975333,0.9606578,1.044169435
Non-centered,2048,68,log_sigma_sq,1.00579,1.0073,True,-0.86298307687451,-1.63477385,-0.89732607,0.01667056829999969
Non-centered,2048,68,theta[1],1.00579,1.0073,True,0.962014776665,0.8815503875,0.96136142,1.04414525
Non-centered,2048,69,log_sigma_sq,1.0085700000000002,1.01153,True,-0.9024430607400552,-1.67181535,-0.938125,0.008230120454999776
Non-centered,2048,69,theta[1],1.0085700000000002,1.01153,True,0.9613642640775,0.8791209445,0.9605413650000001,1.0436353600000001
Non-centered,2048,70,log_sigma_sq,1.00545,1.0063,True,-0.9262190986293749,-1.69564998,-0.961304925,-0.03353461845000051
Non-centered,2048,70,theta[1],1.00545,1.0063,True,0.9613890020125,0.8825066685,0.9613980799999999,1.040885905
Non-centered,2048,71,log_sigma_sq,1.011795,1.01564,False,-0.8291442881816701,-1.572602195,-0.8780203,0.0764173737999989
Non-centered,2048,71,theta[1],1.011795,1.01564,False,0.9618178763725,0.87897506,0.961688595,1.0455664
Non-centered,2048,72,log_sigma_sq,1.0036450000000001,1.00505,True,-0.887934668784,-1.6205771549999999,-0.9324562000000001,-0.024778227800000028
Non-centered,2048,72,theta[1],1.0036450000000001,1.00505,True,0.961527022685,0.881121004,0.96135202,1.0443025799999999
Non-centered,2048,73,log_sigma_sq,1.0033349999999999,1.00466,True,-0.8710563275066749,-1.640950225,-0.904551815,-0.011359072350000294
Non-centered,2048,73,theta[1],1.0033349999999999,1.00466,True,0.9620861443275001,0.880122601,0.9624727,1.043667465
Non-centered,2048,74,log_sigma_sq,1.00569,1.00662,True,-0.871532048042975,-1.6085819849999998,-0.9025502249999999,-0.0012728107450008536
Non-centered,2048,74,theta[1],1.00569,1.00662,True,0.9623750705149999,0.8810538339999999,0.96221084,1.04289275
Non-centered,2048,75,log_sigma_sq,1.008095,1.00926,True,-0.914490230724325,-1.630903705,-0.946611235,-0.08937872585000055
Non-centered,2048,75,theta[1],1.008095,1.00926,True,0.9624238207875001,0.8839084875,0.9611316299999999,1.04008265
Non-centered,2048,76,log_sigma_sq,1.01737,1.02159,False,-0.80840378812715,-1.6331800399999998,-0.83928633,0.1676605294999997
Non-centered,2048,76,theta[1],1.01737,1.02159,False,0.961759081895,0.881530752,0.9612204200000001,1.0438795799999998
Non-centered,2048,77,log_sigma_sq,1.006225,1.00798,True,-0.8799433541936,-1.627367915,-0.90555474,-0.012837186350000218
Non-centered,2048,77,theta[1],1.006225,1.00798,True,0.96252020759,0.879901521,0.962724655,1.044638115
Non-centered,2048,78,log_sigma_sq,1.00727,1.00894,True,-0.861274238511225,-1.6364812599999998,-0.9063584250000001,0.03846888499999994
Non-centered,2048,78,theta[1],1.00727,1.00894,True,0.960973943365,0.8819968575,0.96099153,1.04343312
Non-centered,2048,79,log_sigma_sq,1.0037449999999999,1.00528,True,-0.836433656262804,-1.5742013449999999,-0.88016033,0.034433869699999946
Non-centered,2048,79,theta[1],1.0037449999999999,1.00528,True,0.9621135326275,0.880808539,0.96184355,1.0430029200000002
Non-centered,2048,80,log_sigma_sq,1.011455,1.01468,False,-0.8776400223215126,-1.604605495,-0.9225023750000001,-0.025869629650000028
Non-centered,2048,80,theta[1],1.011455,1.01468,False,0.9615078197725,0.8810607565,0.961291455,1.0433022349999999
Non-centered,2048,81,log_sigma_sq,1.0054750000000001,1.00709,True,-0.8767768264011059,-1.6395508699999999,-0.92123412,-0.0352503593000015
Non-centered,2048,81,theta[1],1.0054750000000001,1.00709,True,0.96254144969,0.880004008,0.96241183,1.0448311499999998
Non-centered,2048,82,log_sigma_sq,1.002915,1.00334,True,-0.8438452366826718,-1.58050542,-0.889477445,0.03698896189999959
Non-centered,2048,82,theta[1],1.002915,1.00334,True,0.9611840221875,0.8831047195,0.96136295,1.0414325899999999
Non-centered,2048,83,log_sigma_sq,1.00683,1.00793,True,-0.8491615302964874,-1.60376358,-0.90408837,0.08756135859999915
Non-centered,2048,83,theta[1],1.00683,1.00793,True,0.96071627746,0.8820210875,0.960667515,1.04159846
Non-centered,2048,84,log_sigma_sq,1.00372,1.00594,True,-0.9056166908325736,-1.6570164799999998,-0.93772821,-0.046981478550000226
Non-centered,2048,84,theta[1],1.00372,1.00594,True,0.96007233556,0.880372453,0.95972455,1.0420444199999999
Non-centered,2048,85,log_sigma_sq,1.00301,1.0054,True,-0.9074388208154449,-1.66009228,-0.948536415,-0.030507029450000448
Non-centered,2048,85,theta[1],1.00301,1.0054,True,0.9616284182925,0.8787615485000001,0.962169515,1.04225682
Non-centered,2048,86,log_sigma_sq,1.00187,1.0034,True,-0.858528428840179,-1.603503195,-0.889907775,-0.02141954890000032
Non-centered,2048,86,theta[1],1.00187,1.0034,True,0.9623552710750001,0.881210927,0.9621507499999999,1.04512169
Non-centered,2048,87,log_sigma_sq,1.00484,1.00865,True,-0.8852466823651526,-1.63700537,-0.927177375,-0.017570599900000906
Non-centered,2048,87,theta[1],1.00484,1.00865,True,0.9608200740925001,0.880605902,0.96082771,1.04378799
Non-centered,2048,88,log_sigma_sq,1.00895,1.01054,True,-0.8826672217369226,-1.65027831,-0.923056585,-0.005455253170000039
Non-centered,2048,88,theta[1],1.00895,1.01054,True,0.9601714063325001,0.8809215324999999,0.960547075,1.040266915
Non-centered,2048,89,log_sigma_sq,1.005295,1.00666,True,-0.8561959633151476,-1.5921661100000002,-0.889500225,-0.0041072615795010965
Non-centered,2048,89,theta[1],1.005295,1.00666,True,0.9620971727175,0.8808860510000001,0.9624627,1.0430792500000001
Non-centered,2048,90,log_sigma_sq,1.01214,1.01443,False,-0.906025128531315,-1.68532585,-0.9464486000000001,0.03806501554999945
Non-centered,2048,90,theta[1],1.01214,1.01443,False,0.9611718790750001,0.877203811,0.959955555,1.04482901
Non-centered,2048,91,log_sigma_sq,1.0063,1.00747,True,-0.8716357955661049,-1.64110589,-0.897688575,0.001975809739999949
Non-centered,2048,91,theta[1],1.0063,1.00747,True,0.9620123688400001,0.8803419134999999,0.961470635,1.0439119099999998
Non-centered,2048,92,log_sigma_sq,1.01125,1.0142,False,-0.9014245899437001,-1.65783742,-0.919740155,-0.0734193864000002
Non-centered,2048,92,theta[1],1.01125,1.0142,False,0.9632901926275,0.883820523,0.9635201600000001,1.043906035
Non-centered,2048,93,log_sigma_sq,1.00889,1.00985,True,-0.8282376925401774,-1.616524425,-0.864328855,0.12636014249999986
Non-centered,2048,93,theta[1],1.00889,1.00985,True,0.9616143554650001,0.8811094995,0.962377385,1.0407110499999999
Non-centered,2048,94,log_sigma_sq,1.00359,1.00441,True,-0.9254215492239475,-1.65998102,-0.9747120650000001,-0.05801295665000002
Non-centered,2048,94,theta[1],1.00359,1.00441,True,0.9600782410425,0.8771874820000001,0.95901691,1.0450699449999998
Non-centered,2048,95,log_sigma_sq,1.00784,1.01043,True,-0.8905995140672001,-1.643213775,-0.9299383800000001,-0.0802448997000002
Non-centered,2048,95,theta[1],1.00784,1.01043,True,0.962386352105,0.8828934315,0.961506685,1.044008835
Non-centered,2048,96,log_sigma_sq,1.006805,1.00861,True,-0.9079155222187201,-1.635843105,-0.9429658700000001,-0.03672092635000005
Non-centered,2048,96,theta[1],1.006805,1.00861,True,0.9613593456425001,0.8806045815,0.96125024,1.04086415
Non-centered,2048,97,log_sigma_sq,1.006555,1.0076,True,-0.85229849572178,-1.688774805,-0.8807114300000001,0.09253122364999923
Non-centered,2048,97,theta[1],1.006555,1.0076,True,0.96064938912,0.8788319585,0.9611398950000001,1.040865625
Non-centered,2048,98,log_sigma_sq,1.00427,1.00674,True,-0.931765650875425,-1.68046977,-0.964970815,-0.14031789550000012
Non-centered,2048,98,theta[1],1.00427,1.00674,True,0.9623019142075,0.8806811364999999,0.96232826,1.0456121999999997
Non-centered,2048,99,log_sigma_sq,1.003925,1.00475,True,-0.8958993851297501,-1.648411925,-0.931505185,-0.04149483705000012
Non-centered,2048,99,theta[1],1.003925,1.00475,True,0.961594180515,0.8821451265,0.961582995,1.04240601
Non-centered,2048,100,log_sigma_sq,1.018635,1.02249,False,-0.8456141946381874,-1.644766135,-0.882117085,0.12043903999999993
Non-centered,2048,100,theta[1],1.018635,1.02249,False,0.961605592085,0.8809697145,0.9614835399999999,1.04237227
Non-centered,32768,1,log_sigma_sq,1.01278,1.01324,False,-0.7614544359740307,-1.49445918,-0.7885449099999999,0.05820621594999944
Non-centered,32768,1,theta[1],1.01278,1.01324,False,1.0482216785525,1.027082965,1.0482804,1.068920125
Non-centered,32768,2,log_sigma_sq,1.01082,1.01238,False,-0.72700591900362,-1.52048643,-0.786946835,0.2158314744999995
Non-centered,32768,2,theta[1],1.01082,1.01238,False,1.0481305527499998,1.0276159,1.0480888,1.069133705
Non-centered,32768,3,log_sigma_sq,1.0066449999999998,1.00798,True,-0.7708222991996251,-1.49624458,-0.80300503,0.07630677574999942
Non-centered,32768,3,theta[1],1.0066449999999998,1.00798,True,1.0481114591,1.028195345,1.04797815,1.0687702
Non-centered,32768,4,log_sigma_sq,1.0031349999999999,1.00342,True,-0.73537684380415,-1.4529846,-0.7789540500000001,0.08155552084999874
Non-centered,32768,4,theta[1],1.0031349999999999,1.00342,True,1.0480801496949999,1.02694943,1.048147,1.0692172199999999
Non-centered,32768,5,log_sigma_sq,1.0203000000000002,1.02068,False,-0.7484045712187299,-1.538884495,-0.773354,0.14568701649999988
Non-centered,32768,5,theta[1],1.0203000000000002,1.02068,False,1.0482538353500002,1.027560075,1.0481734999999999,1.06895756
Non-centered,32768,6,log_sigma_sq,1.008155,1.00829,True,-0.7785329866640175,-1.48431035,-0.834063835,0.07064633089999829
Non-centered,32768,6,theta[1],1.008155,1.00829,True,1.0477428538250002,1.0269989099999999,1.04742755,1.068755875
Non-centered,32768,7,log_sigma_sq,1.0092400000000001,1.00975,True,-0.77055867830863,-1.51853402,-0.810364045,0.13140442599999927
Non-centered,32768,7,theta[1],1.0092400000000001,1.00975,True,1.04846775285,1.0271506,1.0489316,1.068398075
Non-centered,32768,8,log_sigma_sq,1.00328,1.00594,True,-0.74156808021266,-1.5712871099999999,-0.77705028,0.20692297149999975
Non-centered,32768,8,theta[1],1.00328,1.00594,True,1.0480382551,1.027685755,1.0478798999999999,1.0688582649999998
Non-centered,32768,9,log_sigma_sq,1.013425,1.01379,False,-0.7225671754818249,-1.48825992,-0.7729620349999999,0.21241868949999987
Non-centered,32768,9,theta[1],1.013425,1.01379,False,1.0485830059999999,1.0281177799999999,1.0483764500000001,1.069570525
Non-centered,32768,10,log_sigma_sq,1.0144199999999999,1.0148,False,-0.745504252067125,-1.5212719899999998,-0.792711385,0.20551526649999988
Non-centered,32768,10,theta[1],1.0144199999999999,1.0148,False,1.0481369852675,1.02836778,1.04819005,1.068331915
Non-centered,32768,11,log_sigma_sq,1.016705,1.01734,False,-0.7414039025698668,-1.478432515,-0.768807105,0.12178625949999941
Non-centered,32768,11,theta[1],1.016705,1.01734,False,1.048117878,1.027859885,1.04849485,1.06812869
Non-centered,32768,12,log_sigma_sq,1.00522,1.00584,True,-0.7393857262500375,-1.562783205,-0.746319575,0.04319979694999905
Non-centered,32768,12,theta[1],1.00522,1.00584,True,1.0482892167475002,1.02805744,1.04825085,1.06959544
Non-centered,32768,13,log_sigma_sq,1.002465,1.00377,True,-0.7230517412491474,-1.4938227099999999,-0.774703565,0.20693199349999972
Non-centered,32768,13,theta[1],1.002465,1.00377,True,1.04807825785,1.02691325,1.048174,1.0690345350000001
Non-centered,32768,14,log_sigma_sq,1.00822,1.00921,True,-0.7234405688352442,-1.4519603399999998,-0.760883295,0.1925057724999999
Non-centered,32768,14,theta[1],1.00822,1.00921,True,1.048134684625,1.02761352,1.04812415,1.06894789
Non-centered,32768,15,log_sigma_sq,1.01417,1.01461,False,-0.73131721828885,-1.53591392,-0.7703826,0.20872873349999987
Non-centered,32768,15,theta[1],1.01417,1.01461,False,1.04843541305,1.0278721949999998,1.0484211,1.06894343
Non-centered,32768,16,log_sigma_sq,1.0106,1.01146,False,-0.7676387616835425,-1.493830825,-0.82467212,0.1332598839999994
Non-centered,32768,16,theta[1],1.0106,1.01146,False,1.0483638298525,1.0270128600000001,1.048187,1.06955424
Non-centered,32768,17,log_sigma_sq,1.012205,1.01374,False,-0.7350959881151354,-1.519683705,-0.788505225,0.21856640399999966
Non-centered,32768,17,theta[1],1.012205,1.01374,False,1.048344168,1.028246705,1.0485355,1.06900174
Non-centered,32768,18,log_sigma_sq,1.0104799999999998,1.01114,False,-0.7470020188101151,-1.468738345,-0.803234395,0.1295535114999996
Non-centered,32768,18,theta[1],1.0104799999999998,1.01114,False,1.0483709519275002,1.027895085,1.0483378,1.069523935
Non-centered,32768,19,log_sigma_sq,1.0142449999999998,1.01468,False,-0.7614437210272536,-1.50719643,-0.8111063700000001,0.12332195949999997
Non-centered,32768,19,theta[1],1.0142449999999998,1.01468,False,1.048070076,1.027207185,1.04809375,1.06876035
Non-centered,32768,20,log_sigma_sq,1.00281,1.004,True,-0.7403241433382957,-1.470238425,-0.791323285,0.1349955789999984
Non-centered,32768,20,theta[1],1.00281,1.004,True,1.0481619722750002,1.02753402,1.04806185,1.0695990199999998
Non-centered,32768,21,log_sigma_sq,1.039595,1.04017,False,-0.7564463091192499,-1.531289595,-0.7812542149999999,0.10708142799999935
Non-centered,32768,21,theta[1],1.039595,1.04017,False,1.048160441225,1.0282343850000002,1.0479464,1.06871674
Non-centered,32768,22,log_sigma_sq,1.01698,1.01781,False,-0.72974034568004,-1.48060687,-0.764590525,0.14156387049999977
Non-centered,32768,22,theta[1],1.01698,1.01781,False,1.0483359557499998,1.027214225,1.0482798500000001,1.068960245
Non-centered,32768,23,log_sigma_sq,1.016065,1.01999,False,-0.7702953901617903,-1.514675565,-0.80717397,0.08187769094999942
Non-centered,32768,23,theta[1],1.016065,1.01999,False,1.0483216968000002,1.027646275,1.04850945,1.06892277
Non-centered,32768,24,log_sigma_sq,1.0153050000000001,1.01565,False,-0.7510499264894724,-1.5202969050000001,-0.78885747,0.16450793499999977
Non-centered,32768,24,theta[1],1.0153050000000001,1.01565,False,1.0482709138175001,1.027352855,1.0483183999999999,1.069179275
Non-centered,32768,25,log_sigma_sq,1.01081,1.01136,False,-0.7689857513552749,-1.5138151,-0.820908785,0.1258669975
Non-centered,32768,25,theta[1],1.01081,1.01136,False,1.047884801875,1.0265063250000002,1.04795165,1.0692859799999999
Non-centered,32768,26,log_sigma_sq,1.0315050000000001,1.03229,False,-0.7200740920406625,-1.5034329,-0.75196744,0.24403746049999983
Non-centered,32768,26,theta[1],1.0315050000000001,1.03229,False,1.048053263025,1.02680456,1.04833805,1.0697189349999998
Non-centered,32768,27,log_sigma_sq,1.00664,1.00751,True,-0.7701498503331841,-1.4819888099999998,-0.81176443,0.1087176685
Non-centered,32768,27,theta[1],1.00664,1.00751,True,1.048129904775,1.0277243550000001,1.04821485,1.06860908
Non-centered,32768,28,log_sigma_sq,1.0102,1.01073,False,-0.7300899863023975,-1.5055228799999998,-0.766788445,0.10342468399999985
Non-centered,32768,28,theta[1],1.0102,1.01073,False,1.0481087274,1.0269614999999999,1.0482312,1.06965514
Non-centered,32768,29,log_sigma_sq,1.011365,1.01305,False,-0.7419752880935075,-1.423660245,-0.794364615,0.09801710329999992
Non-centered,32768,29,theta[1],1.011365,1.01305,False,1.0483670031749999,1.02797035,1.0484362,1.06928597
Non-centered,32768,30,log_sigma_sq,1.0309,1.03143,False,-0.7695060636832249,-1.5372611699999998,-0.7994890299999999,0.06432845389999971
Non-centered,32768,30,theta[1],1.0309,1.03143,False,1.0485387257000003,1.02760222,1.0484795,1.068864755
Non-centered,32768,31,log_sigma_sq,1.008345,1.00872,True,-0.76614494715824,-1.477931425,-0.7805159399999999,0.013628074499999452
Non-centered,32768,31,theta[1],1.008345,1.00872,True,1.0478076278250001,1.02702661,1.0479357,1.068574945
Non-centered,32768,32,log_sigma_sq,1.01019,1.01081,False,-0.734064613578945,-1.470149105,-0.750657305,0.1026389599999991
Non-centered,32768,32,theta[1],1.01019,1.01081,False,1.04821702785,1.02789031,1.0485855,1.06924896
Non-centered,32768,33,log_sigma_sq,1.00698,1.00721,True,-0.74332076267076,-1.49121505,-0.79935908,0.12876598699999994
Non-centered,32768,33,theta[1],1.00698,1.00721,True,1.0482909964375,1.0274607949999999,1.04821495,1.0693931449999998
Non-centered,32768,34,log_sigma_sq,1.024965,1.0256,False,-0.788799968233825,-1.54864683,-0.820366045,0.06800617049999981
Non-centered,32768,34,theta[1],1.024965,1.0256,False,1.048041228325,1.02734726,1.0479178500000002,1.06899469
Non-centered,32768,35,log_sigma_sq,1.00571,1.00659,True,-0.7423081629595087,-1.452857975,-0.78542174,0.16421348599999985
Non-centered,32768,35,theta[1],1.00571,1.00659,True,1.0483235811250002,1.028318585,1.04807525,1.06874177
Non-centered,32768,36,log_sigma_sq,1.00966,1.01003,True,-0.7721011571560276,-1.46639483,-0.81346216,0.06095704904999972
Non-centered,32768,36,theta[1],1.00966,1.01003,True,1.0486981167325002,1.0281143,1.04881235,1.06923761
Non-centered,32768,37,log_sigma_sq,1.016435,1.01698,False,-0.7406650657035325,-1.44115021,-0.78385902,0.0764043946999998
Non-centered,32768,37,theta[1],1.016435,1.01698,False,1.048388503175,1.0278534549999998,1.0482916,1.069316065
Non-centered,32768,38,log_sigma_sq,1.003555,1.00379,True,-0.7715880847393299,-1.51539681,-0.80325298,0.07714298384999972
Non-centered,32768,38,theta[1],1.003555,1.00379,True,1.0478245504500001,1.02666535,1.04782865,1.0690028349999998
Non-centered,32768,39,log_sigma_sq,1.010775,1.01195,False,-0.7532486951157276,-1.480911165,-0.793246575,0.1164522829999994
Non-centered,32768,39,theta[1],1.010775,1.01195,False,1.048316007325,1.0278293699999999,1.0479197,1.0692342750000001
Non-centered,32768,40,log_sigma_sq,1.01133,1.01167,False,-0.792630312736835,-1.50741009,-0.83161727,0.04273676314999931
Non-centered,32768,40,theta[1],1.01133,1.01167,False,1.0480584676499998,1.028282115,1.04760845,1.069135625
Non-centered,32768,41,log_sigma_sq,1.0179200000000002,1.01847,False,-0.7355578205850399,-1.467080025,-0.7578835150000001,0.11741662249999937
Non-centered,32768,41,theta[1],1.0179200000000002,1.01847,False,1.0482248301750001,1.027157755,1.04825,1.068765365
Non-centered,32768,42,log_sigma_sq,1.0163799999999998,1.01702,False,-0.7134981117953075,-1.489738235,-0.749052425,0.14959286099999994
Non-centered,32768,42,theta[1],1.0163799999999998,1.01702,False,1.048342082225,1.0277399100000002,1.0484565,1.068733405
Non-centered,32768,43,log_sigma_sq,1.01689,1.01754,False,-0.7728644767335324,-1.5218181849999999,-0.8105515400000001,0.12841675849999845
Non-centered,32768,43,theta[1],1.01689,1.01754,False,1.048189626175,1.02837389,1.0480273,1.06837582
Non-centered,32768,44,log_sigma_sq,1.00398,1.00533,True,-0.7568899726463125,-1.50581129,-0.79382378,0.14600586749999886
Non-centered,32768,44,theta[1],1.00398,1.00533,True,1.0484713901,1.0274379949999999,1.0481491,1.06984489
Non-centered,32768,45,log_sigma_sq,1.017045,1.01825,False,-0.7627783112534651,-1.5078988549999999,-0.80749331,0.1132929654999999
Non-centered,32768,45,theta[1],1.017045,1.01825,False,1.04831241937,1.0282685150000002,1.0482165,1.068605845
Non-centered,32768,46,log_sigma_sq,1.01726,1.01785,False,-0.7558191331351325,-1.457643655,-0.7946645800000001,0.12795617349999988
Non-centered,32768,46,theta[1],1.01726,1.01785,False,1.0481519368999999,1.02695316,1.0480812,1.069524245
Non-centered,32768,47,log_sigma_sq,1.005675,1.00586,True,-0.7874713546618,-1.50054449,-0.8285704,0.00628517973999969
Non-centered,32768,47,theta[1],1.005675,1.00586,True,1.048261758825,1.027761545,1.0481536,1.069364485
Non-centered,32768,48,log_sigma_sq,1.0041099999999998,1.00525,True,-0.7135028394599124,-1.48038882,-0.76233963,0.26855729199999934
Non-centered,32768,48,theta[1],1.0041099999999998,1.00525,True,1.0481126097000002,1.027689015,1.04816625,1.0681041150000001
Non-centered,32768,49,log_sigma_sq,1.00814,1.00845,True,-0.7523276192818,-1.5140400200000002,-0.78615004,0.08818873289999937
Non-centered,32768,49,theta[1],1.00814,1.00845,True,1.048291273475,1.027777125,1.0483286500000002,1.06847061
Non-centered,32768,50,log_sigma_sq,1.02735,1.02759,False,-0.8000929543820574,-1.5754326300000001,-0.845569605,0.1408673834999996
Non-centered,32768,50,theta[1],1.02735,1.02759,False,1.0482611672,1.0276271,1.04832875,1.06862723
Non-centered,32768,51,log_sigma_sq,1.009835,1.00994,True,-0.7611113525268433,-1.5647602950000001,-0.77447173,0.12484099799999951
Non-centered,32768,51,theta[1],1.009835,1.00994,True,1.048341679325,1.0280223050000001,1.0482821,1.06866442
Non-centered,32768,52,log_sigma_sq,1.01167,1.01289,False,-0.6992154356549852,-1.42753906,-0.7421449,0.22165509699999955
Non-centered,32768,52,theta[1],1.01167,1.01289,False,1.048312357475,1.027524895,1.0484510500000002,1.06907545
Non-centered,32768,53,log_sigma_sq,1.0095550000000002,1.0102,True,-0.7150899529444668,-1.4622856549999999,-0.771090935,0.19121259199999976
Non-centered,32768,53,theta[1],1.0095550000000002,1.0102,True,1.0485680823425,1.028148755,1.04872175,1.06857089
Non-centered,32768,54,log_sigma_sq,1.01228,1.01283,False,-0.7829357722261575,-1.49472077,-0.8107728949999999,0.05575739899999983
Non-centered,32768,54,theta[1],1.01228,1.01283,False,1.0483223560500001,1.027428205,1.04824715,1.069994035
Non-centered,32768,55,log_sigma_sq,1.0039799999999999,1.00433,True,-0.8002413452634626,-1.50173531,-0.85845871,0.06195177689999965
Non-centered,32768,55,theta[1],1.0039799999999999,1.00433,True,1.0481616092999997,1.027475425,1.0479507,1.06904394
Non-centered,32768,56,log_sigma_sq,1.0234,1.02413,False,-0.7544595859890906,-1.5116012349999999,-0.8021459900000001,0.12538897549999983
Non-centered,32768,56,theta[1],1.0234,1.02413,False,1.0481245321575,1.027630115,1.0481357,1.0691570099999999
Non-centered,32768,57,log_sigma_sq,1.01554,1.01616,False,-0.7242529168680469,-1.48088302,-0.78126752,0.2024826224999993
Non-centered,32768,57,theta[1],1.01554,1.01616,False,1.04842043455,1.027458105,1.0485436,1.06912755
Non-centered,32768,58,log_sigma_sq,1.0052349999999999,1.00577,True,-0.829136479875825,-1.6119750499999999,-0.85282199,0.03255219219999985
Non-centered,32768,58,theta[1],1.0052349999999999,1.00577,True,1.0479919273249998,1.026515005,1.0480651,1.069168025
Non-centered,32768,59,log_sigma_sq,1.0024250000000001,1.00381,True,-0.7459060681985125,-1.4926148399999999,-0.770354585,0.09098606204999984
Non-centered,32768,59,theta[1],1.0024250000000001,1.00381,True,1.048235525275,1.0279121,1.04826525,1.068504
Non-centered,32768,60,log_sigma_sq,1.020645,1.02309,False,-0.7760287146971069,-1.555188185,-0.82231258,0.14717081649999986
Non-centered,32768,60,theta[1],1.020645,1.02309,False,1.048427499325,1.02785965,1.0485605,1.069197055
Non-centered,32768,61,log_sigma_sq,1.00661,1.0074,True,-0.7264238426026025,-1.47084023,-0.765067925,0.1725579969999996
Non-centered,32768,61,theta[1],1.00661,1.0074,True,1.04861636125,1.02780601,1.04863645,1.069305465
Non-centered,32768,62,log_sigma_sq,1.01299,1.0136,False,-0.7578484890812175,-1.46587145,-0.78921188,0.04444392929999987
Non-centered,32768,62,theta[1],1.01299,1.0136,False,1.0482949921250002,1.02760717,1.0483245,1.06949374
Non-centered,32768,63,log_sigma_sq,1.00934,1.01219,True,-0.7574451629891126,-1.52328924,-0.8380386,0.2275546609999993
Non-centered,32768,63,theta[1],1.00934,1.01219,True,1.0484071694500001,1.027547375,1.04831725,1.06947531
Non-centered,32768,64,log_sigma_sq,1.021305,1.02174,False,-0.771534760072625,-1.5318690849999999,-0.80063836,0.07641497904999936
Non-centered,32768,64,theta[1],1.021305,1.02174,False,1.0482112774749999,1.027097475,1.0479607,1.06923056
Non-centered,32768,65,log_sigma_sq,1.01207,1.01254,False,-0.7861804720271578,-1.51537346,-0.82930046,0.06869790854999973
Non-centered,32768,65,theta[1],1.01207,1.01254,False,1.0482673959775002,1.026737405,1.0483074499999998,1.069545375
Non-centered,32768,66,log_sigma_sq,1.027215,1.02774,False,-0.7054056557480778,-1.50143706,-0.75895925,0.2886397114999997
Non-centered,32768,66,theta[1],1.027215,1.02774,False,1.048282450225,1.02747615,1.0481763,1.0687802450000001
Non-centered,32768,67,log_sigma_sq,1.010195,1.01046,False,-0.7297080679503375,-1.50155503,-0.77104834,0.14861402999999976
Non-centered,32768,67,theta[1],1.010195,1.01046,False,1.048685717525,1.027929445,1.04881575,1.069002865
Non-centered,32768,68,log_sigma_sq,1.00835,1.00933,True,-0.7274368730986749,-1.445431325,-0.756788075,0.1127893804999996
Non-centered,32768,68,theta[1],1.00835,1.00933,True,1.0480937602200002,1.02772666,1.0482108,1.068784355
Non-centered,32768,69,log_sigma_sq,1.00616,1.00804,True,-0.77212042072798,-1.527582645,-0.789175215,0.04118659154999963
Non-centered,32768,69,theta[1],1.00616,1.00804,True,1.0484443864500002,1.02693758,1.04859305,1.06975597
Non-centered,32768,70,log_sigma_sq,1.007235,1.00788,True,-0.738878906377255,-1.487093605,-0.79092385,0.1773302004999999
Non-centered,32768,70,theta[1],1.007235,1.00788,True,1.04842175,1.027403145,1.0484627,1.069128795
Non-centered,32768,71,log_sigma_sq,1.0061499999999999,1.00678,True,-0.7108124485868543,-1.449385655,-0.746957275,0.11426051549999998
Non-centered,32768,71,theta[1],1.0061499999999999,1.00678,True,1.0480445767225,1.027088125,1.04816525,1.068510745
Non-centered,32768,72,log_sigma_sq,1.0125950000000001,1.01441,False,-0.7624040814023424,-1.493983285,-0.764522685,0.02683699104999985
Non-centered,32768,72,theta[1],1.0125950000000001,1.01441,False,1.0482585174,1.02778192,1.0481573,1.0687567299999998
Non-centered,32768,73,log_sigma_sq,1.0092050000000001,1.00943,True,-0.7559557552889475,-1.444893085,-0.800577105,0.10609544949999981
Non-centered,32768,73,theta[1],1.0092050000000001,1.00943,True,1.047900074175,1.02690182,1.04803925,1.068533155
Non-centered,32768,74,log_sigma_sq,1.0182,1.01932,False,-0.7855720978648101,-1.525179715,-0.8177734249999999,0.07644005719999984
Non-centered,32768,74,theta[1],1.0182,1.01932,False,1.048387883845,1.027294235,1.0482268000000001,1.069431915
Non-centered,32768,75,log_sigma_sq,1.0139649999999998,1.01534,False,-0.7722115443309625,-1.49823065,-0.814319685,0.15194914099999957
Non-centered,32768,75,theta[1],1.0139649999999998,1.01534,False,1.0485360808750002,1.027461235,1.0485978,1.06957343
Non-centered,32768,76,log_sigma_sq,1.02069,1.0212,False,-0.7296669861296975,-1.51711834,-0.758535845,0.18150670199999971
Non-centered,32768,76,theta[1],1.02069,1.0212,False,1.0481678218500001,1.027363765,1.0480513,1.069019865
Non-centered,32768,77,log_sigma_sq,1.005385,1.00569,True,-0.73381964861055,-1.506274055,-0.7930293500000001,0.18154020999999984
Non-centered,32768,77,theta[1],1.005385,1.00569,True,1.0478728071250003,1.026908085,1.04787535,1.0689374600000001
Non-centered,32768,78,log_sigma_sq,1.013595,1.0141,False,-0.7476667892687675,-1.508140365,-0.79675892,0.13676238149999967
Non-centered,32768,78,theta[1],1.013595,1.0141,False,1.0483334814,1.027497135,1.0483224,1.06796041
Non-centered,32768,79,log_sigma_sq,1.01237,1.01294,False,-0.7393947965340226,-1.497817775,-0.788517205,0.13742523799999898
Non-centered,32768,79,theta[1],1.01237,1.01294,False,1.048438620325,1.028142195,1.0483574,1.069588465
Non-centered,32768,80,log_sigma_sq,1.013555,1.01379,False,-0.7596122463909851,-1.50607764,-0.80167404,0.050981763299999955
Non-centered,32768,80,theta[1],1.013555,1.01379,False,1.0482125764,1.027588035,1.0481861499999998,1.06832492
Non-centered,32768,81,log_sigma_sq,1.014255,1.01468,False,-0.74009379913775,-1.51501908,-0.78477193,0.19497584499999987
Non-centered,32768,81,theta[1],1.014255,1.01468,False,1.0476684086,1.026807685,1.0478413500000001,1.0688177749999999
Non-centered,32768,82,log_sigma_sq,1.01739,1.01788,False,-0.7390883743248675,-1.466985605,-0.78071022,0.1547231145
Non-centered,32768,82,theta[1],1.01739,1.01788,False,1.048269473975,1.02767559,1.0482152,1.069071715
Non-centered,32768,83,log_sigma_sq,1.0081,1.00826,True,-0.8091581337600101,-1.498370735,-0.854017315,0.05701384979999928
Non-centered,32768,83,theta[1],1.0081,1.00826,True,1.0483296821499999,1.0270210899999999,1.04857515,1.06916586
Non-centered,32768,84,log_sigma_sq,1.005925,1.00598,True,-0.8283237215911751,-1.5371512349999998,-0.8695853,-0.001735772460000036
Non-centered,32768,84,theta[1],1.005925,1.00598,True,1.048114971775,1.026937335,1.048063,1.0684139
Non-centered,32768,85,log_sigma_sq,1.011845,1.01456,False,-0.75226050031513,-1.50426108,-0.78326254,0.16252482349999955
Non-centered,32768,85,theta[1],1.011845,1.01456,False,1.0483934238500001,1.02829417,1.048427,1.0688375399999999
Non-centered,32768,86,log_sigma_sq,1.008995,1.01258,True,-0.7057545614502599,-1.4451772299999999,-0.76520217,0.2808543204999999
Non-centered,32768,86,theta[1],1.008995,1.01258,True,1.04786262735,1.0267259149999999,1.04780545,1.06869674
Non-centered,32768,87,log_sigma_sq,1.01387,1.01452,False,-0.74157737378003,-1.483824535,-0.76604681,0.13364097499999966
Non-centered,32768,87,theta[1],1.01387,1.01452,False,1.0486219914000001,1.027752955,1.04899145,1.0690340550000001
Non-centered,32768,88,log_sigma_sq,1.0141749999999998,1.01466,False,-0.7982540143105525,-1.517209535,-0.85922598,0.0875866618499989
Non-centered,32768,88,theta[1],1.0141749999999998,1.01466,False,1.0483010176999998,1.028155645,1.0481810999999999,1.0692200699999999
Non-centered,32768,89,log_sigma_sq,1.00514,1.00555,True,-0.793899732236525,-1.4726938299999999,-0.8253137,0.015196510999999904
Non-centered,32768,89,theta[1],1.00514,1.00555,True,1.048478313975,1.0277398850000001,1.0485242499999998,1.06961478
Non-centered,32768,90,log_sigma_sq,1.01453,1.01515,False,-0.7516460538730125,-1.469355905,-0.801426255,0.12891067149999988
Non-centered,32768,90,theta[1],1.01453,1.01515,False,1.0481966298,1.027635745,1.04786145,1.069007105
Non-centered,32768,91,log_sigma_sq,1.012765,1.01389,False,-0.786777983934925,-1.4975361600000001,-0.83727052,0.052003157299999804
Non-centered,32768,91,theta[1],1.012765,1.01389,False,1.048542159125,1.027724865,1.0483662,1.069567455
Non-centered,32768,92,log_sigma_sq,1.006835,1.00795,True,-0.7577162337407225,-1.480614925,-0.798757035,0.07007730339999979
Non-centered,32768,92,theta[1],1.006835,1.00795,True,1.04844204186,1.028480785,1.04849715,1.06892582
Non-centered,32768,93,log_sigma_sq,1.0098150000000001,1.01041,True,-0.7515021147078575,-1.4844197650000002,-0.78734102,0.06055454209999953
Non-centered,32768,93,theta[1],1.0098150000000001,1.01041,True,1.047909886925,1.02691377,1.04794095,1.0683909999999999
Non-centered,32768,94,log_sigma_sq,1.011205,1.01205,False,-0.73928312960116,-1.422341635,-0.78283293,0.10464641799999996
Non-centered,32768,94,theta[1],1.011205,1.01205,False,1.0484087218650002,1.02776777,1.0482711,1.0698214799999999
Non-centered,32768,95,log_sigma_sq,1.01493,1.01516,False,-0.76873947107159,-1.51697139,-0.782732695,0.030613701649999867
Non-centered,32768,95,theta[1],1.01493,1.01516,False,1.048365121125,1.027776945,1.0483343999999999,1.0690088850000001
Non-centered,32768,96,log_sigma_sq,1.007835,1.00818,True,-0.725254041859875,-1.45065423,-0.786086395,0.13733416749999985
Non-centered,32768,96,theta[1],1.007835,1.00818,True,1.0484574542250003,1.027450245,1.0485970500000001,1.0692915950000002
Non-centered,32768,97,log_sigma_sq,1.0085899999999999,1.00879,True,-0.7949651854616699,-1.542472365,-0.82168804,0.1004231029999995
Non-centered,32768,97,theta[1],1.0085899999999999,1.00879,True,1.0482178841499998,1.02735438,1.04832555,1.068913265
Non-centered,32768,98,log_sigma_sq,1.011285,1.01197,False,-0.7867644514001,-1.4676188600000002,-0.817490185,0.03091881299999998
Non-centered,32768,98,theta[1],1.011285,1.01197,False,1.04836797605,1.02724782,1.048454,1.069527455
Non-centered,32768,99,log_sigma_sq,1.008765,1.00923,True,-0.761494708276423,-1.452644095,-0.787799395,0.05491164814999989
Non-centered,32768,99,theta[1],1.008765,1.00923,True,1.048369253725,1.0276496949999998,1.0486659500000002,1.0684698
Non-centered,32768,100,log_sigma_sq,1.021895,1.02239,False,-0.7385969261470341,-1.50181323,-0.786347765,0.2129034199999988
Non-centered,32768,100,theta[1],1.021895,1.02239,False,1.048327993025,1.0270387650000001,1.0483375499999998,1.06950522
