Parameterization,Run,Variable,Median R_hat,Maximum R_hat,Diagnostics OK,Mean,q05,q50,q95
Centered,1,mu,1.00202,1.0096,True,-0.9931398214725,-1.06342727,-0.9913882300000001,-0.9305428065
Centered,1,sigma,1.00202,1.0096,True,0.11679157316475001,0.038691859950000004,0.11400287,0.204350514
Centered,1,alpha[1],1.00202,1.0096,True,-0.794173954505,-0.957036141,-0.79828491,-0.6156327315
Centered,1,alpha[2],1.00202,1.0096,True,-0.90093884067,-1.02409799,-0.9073366350000001,-0.7610707790000001
Centered,1,alpha[3],1.00202,1.0096,True,-0.9568657967625,-1.07141345,-0.959290805,-0.8335721890000001
Centered,1,alpha[4],1.00202,1.0096,True,-1.065385899025,-1.23021915,-1.05955885,-0.9265879135
Centered,1,alpha[5],1.00202,1.0096,True,-0.9762161010575,-1.09635836,-0.9752995550000001,-0.8544217515000001
Centered,1,alpha[6],1.00202,1.0096,True,-0.9812868757625001,-1.100832,-0.9810112799999999,-0.862968447
Centered,1,alpha[7],1.00202,1.0096,True,-1.00396493914,-1.12415909,-1.0012362000000001,-0.8896447895
Centered,1,alpha[8],1.00202,1.0096,True,-1.0673551540400001,-1.259286805,-1.05697325,-0.9111129605
Centered,1,alpha[9],1.00202,1.0096,True,-1.0025376641850001,-1.12346868,-1.00036465,-0.8877391565
Centered,1,alpha[10],1.00202,1.0096,True,-1.0651332351424998,-1.2498902,-1.0550514999999998,-0.9131408855
Centered,1,alpha[11],1.00202,1.0096,True,-1.0193766389425,-1.1427899049999999,-1.01581875,-0.9058197865
Centered,1,alpha[12],1.00202,1.0096,True,-1.079390863305,-1.27317012,-1.0668376,-0.9251055955
Centered,1,alpha[13],1.00202,1.0096,True,-0.9260337838975,-1.0481463400000002,-0.932620375,-0.7897530390000002
Centered,1,alpha[14],1.00202,1.0096,True,-1.020940067435,-1.171014475,-1.01662755,-0.884086414
Centered,1,alpha[15],1.00202,1.0096,True,-1.0345048993575,-1.1930299149999999,-1.02841685,-0.894611613
Centered,1,alpha[16],1.00202,1.0096,True,-0.9689606297575,-1.08395899,-0.9702770599999999,-0.8485952090000001
Centered,1,alpha[17],1.00202,1.0096,True,-0.9103650427400001,-1.027976075,-0.91395567,-0.7770643475000002
Centered,1,alpha[18],1.00202,1.0096,True,-1.10100234615,-1.34468491,-1.08224615,-0.925528389
Centered,2,mu,1.001525,1.00662,True,-0.99253311652,-1.063284915,-0.99042743,-0.928671321
Centered,2,sigma,1.001525,1.00662,True,0.118891553737,0.045848949800000004,0.11518845,0.2038543335
Centered,2,alpha[1],1.001525,1.00662,True,-0.7915002697950001,-0.9566086024999999,-0.791802815,-0.6144666790000003
Centered,2,alpha[2],1.001525,1.00662,True,-0.8991014893199999,-1.0224032299999999,-0.901403315,-0.7590364770000001
Centered,2,alpha[3],1.001525,1.00662,True,-0.9553746956825,-1.071956565,-0.956185735,-0.835108065
Centered,2,alpha[4],1.001525,1.00662,True,-1.067819071515,-1.2394665550000001,-1.05983505,-0.926912379
Centered,2,alpha[5],1.001525,1.00662,True,-0.9749908195675,-1.10276686,-0.974804165,-0.8446519450000001
Centered,2,alpha[6],1.001525,1.00662,True,-0.98110772201,-1.102198005,-0.9816476350000001,-0.8609904110000001
Centered,2,alpha[7],1.001525,1.00662,True,-1.0032585953600002,-1.123232545,-1.0010161,-0.8891853310000001
Centered,2,alpha[8],1.001525,1.00662,True,-1.0702567497700002,-1.26215762,-1.0610175,-0.9154854425000001
Centered,2,alpha[9],1.001525,1.00662,True,-1.002411648255,-1.1313272349999999,-0.999789465,-0.8794849785000001
Centered,2,alpha[10],1.001525,1.00662,True,-1.0661000475225,-1.24718872,-1.05674745,-0.9129692955000002
Centered,2,alpha[11],1.001525,1.00662,True,-1.019824004065,-1.14750022,-1.0177391500000001,-0.9007963185000001
Centered,2,alpha[12],1.001525,1.00662,True,-1.07819139301,-1.263317645,-1.0687804500000002,-0.9226722315000001
Centered,2,alpha[13],1.001525,1.00662,True,-0.9253913069875,-1.04601762,-0.92777085,-0.7906024545000001
Centered,2,alpha[14],1.001525,1.00662,True,-1.0209186144525,-1.177460625,-1.01681515,-0.8757436565
Centered,2,alpha[15],1.001525,1.00662,True,-1.0366613137175,-1.1952223599999998,-1.0299759499999999,-0.8945955425
Centered,2,alpha[16],1.001525,1.00662,True,-0.9688486888325,-1.082808235,-0.970689235,-0.8512141125
Centered,2,alpha[17],1.001525,1.00662,True,-0.909254523605,-1.032633655,-0.913525015,-0.7704296225
Centered,2,alpha[18],1.001525,1.00662,True,-1.100868709565,-1.346906845,-1.08122835,-0.9178807385000001
Centered,3,mu,1.0010750000000002,1.0044,True,-0.9934407818375001,-1.063164215,-0.992930315,-0.9270164765
Centered,3,sigma,1.0010750000000002,1.0044,True,0.118728920007,0.047551168649999996,0.11516198,0.201853712
Centered,3,alpha[1],1.0010750000000002,1.0044,True,-0.7931812084625001,-0.9541412180000001,-0.799419045,-0.6160443910000002
Centered,3,alpha[2],1.0010750000000002,1.0044,True,-0.9009571768599999,-1.0249865550000001,-0.90479764,-0.7666844485000002
Centered,3,alpha[3],1.0010750000000002,1.0044,True,-0.9579667172399999,-1.074357515,-0.95814285,-0.8373032985000001
Centered,3,alpha[4],1.0010750000000002,1.0044,True,-1.06681341013,-1.22483205,-1.0597588,-0.921766633
Centered,3,alpha[5],1.0010750000000002,1.0044,True,-0.9774068334649999,-1.1086662900000002,-0.97825551,-0.8472480385000001
Centered,3,alpha[6],1.0010750000000002,1.0044,True,-0.9861674639775,-1.110185915,-0.984248515,-0.8670349115
Centered,3,alpha[7],1.0010750000000002,1.0044,True,-1.00458152023,-1.124177645,-1.00380905,-0.890474005
Centered,3,alpha[8],1.0010750000000002,1.0044,True,-1.0704031514949999,-1.27491097,-1.06081585,-0.9072541475000001
Centered,3,alpha[9],1.0010750000000002,1.0044,True,-1.0022918438475,-1.12293515,-1.00060065,-0.8838166355
Centered,3,alpha[10],1.0010750000000002,1.0044,True,-1.0670812090700001,-1.245376955,-1.0602892,-0.9173438745000001
Centered,3,alpha[11],1.0010750000000002,1.0044,True,-1.0201304183275002,-1.1433587200000002,-1.0188424999999999,-0.8988792955
Centered,3,alpha[12],1.0010750000000002,1.0044,True,-1.0799385111275002,-1.2696107200000002,-1.0688944,-0.923226561
Centered,3,alpha[13],1.0010750000000002,1.0044,True,-0.9237751305474999,-1.0470476,-0.925553275,-0.7894399015000001
Centered,3,alpha[14],1.0010750000000002,1.0044,True,-1.0194587498875,-1.162719695,-1.01729315,-0.8808133035000001
Centered,3,alpha[15],1.0010750000000002,1.0044,True,-1.03453509033,-1.189039295,-1.0317258,-0.8946380615000001
Centered,3,alpha[16],1.0010750000000002,1.0044,True,-0.9680311874149999,-1.0843983899999998,-0.96628662,-0.8516106905000002
Centered,3,alpha[17],1.0010750000000002,1.0044,True,-0.9080695767249999,-1.036556765,-0.91296815,-0.7632891895
Centered,3,alpha[18],1.0010750000000002,1.0044,True,-1.1022903828850001,-1.3346711299999998,-1.0876266,-0.9202934335
Centered,4,mu,1.00251,1.01662,True,-0.9917250436175,-1.06265305,-0.99041376,-0.9243035095
Centered,4,sigma,1.00251,1.01662,True,0.118845369025,0.0429083134,0.11560677,0.2057686895
Centered,4,alpha[1],1.00251,1.01662,True,-0.7924297264975,-0.9569792770000001,-0.796874075,-0.6093271620000001
Centered,4,alpha[2],1.00251,1.01662,True,-0.9001743328825,-1.024423075,-0.904442045,-0.7644743885
Centered,4,alpha[3],1.00251,1.01662,True,-0.9548390332225,-1.070205455,-0.95690159,-0.8316122069999999
Centered,4,alpha[4],1.00251,1.01662,True,-1.066266735485,-1.235565735,-1.0598420499999999,-0.9253593290000001
Centered,4,alpha[5],1.00251,1.01662,True,-0.9765429239299999,-1.105299715,-0.975994075,-0.845667331
Centered,4,alpha[6],1.00251,1.01662,True,-0.9814688350925,-1.104646125,-0.98076512,-0.8644883495000001
Centered,4,alpha[7],1.00251,1.01662,True,-1.003125173895,-1.121419705,-1.00074305,-0.887853983
Centered,4,alpha[8],1.00251,1.01662,True,-1.0708309097675002,-1.274445675,-1.0585524,-0.9101198385000001
Centered,4,alpha[9],1.00251,1.01662,True,-1.002476186365,-1.126641665,-1.0000278,-0.884963213
Centered,4,alpha[10],1.00251,1.01662,True,-1.06707544284,-1.241944665,-1.05822185,-0.92006205
Centered,4,alpha[11],1.00251,1.01662,True,-1.01902146483,-1.1468720350000001,-1.01631285,-0.897541375
Centered,4,alpha[12],1.00251,1.01662,True,-1.0785969536475,-1.27014956,-1.06780535,-0.9234137520000001
Centered,4,alpha[13],1.00251,1.01662,True,-0.9210264834125,-1.04245984,-0.92478143,-0.7885371369999999
Centered,4,alpha[14],1.00251,1.01662,True,-1.01797313441,-1.169983535,-1.0124094499999998,-0.880518746
Centered,4,alpha[15],1.00251,1.01662,True,-1.0367070632025,-1.2011380299999999,-1.0311512,-0.8959753445
Centered,4,alpha[16],1.00251,1.01662,True,-0.9678493240074999,-1.0841816499999999,-0.96697246,-0.8510166769999999
Centered,4,alpha[17],1.00251,1.01662,True,-0.908101678235,-1.029092045,-0.91199594,-0.7747193965
Centered,4,alpha[18],1.00251,1.01662,True,-1.102299679665,-1.341580425,-1.08689355,-0.9252294369999999
Centered,5,mu,1.00176,1.00441,True,-0.9938748530625,-1.0652480549999999,-0.9925698000000001,-0.9292689390000001
Centered,5,sigma,1.00176,1.00441,True,0.11928911503075,0.0416400435,0.11616865500000001,0.20634006849999995
Centered,5,alpha[1],1.00176,1.00441,True,-0.7918847511975,-0.96278893,-0.794261345,-0.6144656680000001
Centered,5,alpha[2],1.00176,1.00441,True,-0.9002710208799999,-1.028120635,-0.90301559,-0.7620479000000002
Centered,5,alpha[3],1.00176,1.00441,True,-0.957567217055,-1.074309715,-0.95857004,-0.835024357
Centered,5,alpha[4],1.00176,1.00441,True,-1.068247381905,-1.2365609,-1.06008535,-0.9280688505000002
Centered,5,alpha[5],1.00176,1.00441,True,-0.9774989154775001,-1.104951065,-0.9786077,-0.851528986
Centered,5,alpha[6],1.00176,1.00441,True,-0.9834445107925001,-1.109180595,-0.9828984599999999,-0.8611573665000001
Centered,5,alpha[7],1.00176,1.00441,True,-1.0047968177025,-1.1238902849999999,-1.0031297000000001,-0.8919773585
Centered,5,alpha[8],1.00176,1.00441,True,-1.0722489796899999,-1.2713590300000002,-1.05957825,-0.915831493
Centered,5,alpha[9],1.00176,1.00441,True,-1.00250387616,-1.126877045,-1.0003026,-0.88349741
Centered,5,alpha[10],1.00176,1.00441,True,-1.0674608885025,-1.253292285,-1.0565836,-0.9149344615
Centered,5,alpha[11],1.00176,1.00441,True,-1.0199836654525,-1.14554457,-1.01626195,-0.904895129
Centered,5,alpha[12],1.00176,1.00441,True,-1.0817765157024999,-1.276819205,-1.0704577,-0.9220709315000001
Centered,5,alpha[13],1.00176,1.00441,True,-0.92429859601,-1.0478289749999998,-0.92906847,-0.7869037575000001
Centered,5,alpha[14],1.00176,1.00441,True,-1.02133475435,-1.170715505,-1.0172465000000002,-0.885369307
Centered,5,alpha[15],1.00176,1.00441,True,-1.0369790379650001,-1.196380275,-1.0307496500000002,-0.900030745
Centered,5,alpha[16],1.00176,1.00441,True,-0.96745702728,-1.081774775,-0.96788596,-0.8553660970000001
Centered,5,alpha[17],1.00176,1.00441,True,-0.9083691582600001,-1.035396585,-0.9132504050000001,-0.7623047935000001
Centered,5,alpha[18],1.00176,1.00441,True,-1.1056822226024998,-1.3353493699999999,-1.0882744,-0.9321926545000001
Centered,6,mu,1.00081,1.00346,True,-0.99359604541,-1.062484835,-0.9925317849999999,-0.9289885035000001
Centered,6,sigma,1.00081,1.00346,True,0.116008361474,0.04111797490000001,0.112902965,0.2041878535
Centered,6,alpha[1],1.00081,1.00346,True,-0.797458448115,-0.964387068,-0.79914281,-0.6175490965000001
Centered,6,alpha[2],1.00081,1.00346,True,-0.9021460171900001,-1.0266328649999998,-0.9059081550000001,-0.765169997
Centered,6,alpha[3],1.00081,1.00346,True,-0.958071879685,-1.07502091,-0.959350205,-0.837918881
Centered,6,alpha[4],1.00081,1.00346,True,-1.0659508110349998,-1.2305959549999999,-1.0576713,-0.924605765
Centered,6,alpha[5],1.00081,1.00346,True,-0.977467052965,-1.102089425,-0.979263595,-0.8468780085000001
Centered,6,alpha[6],1.00081,1.00346,True,-0.9834313875875,-1.1092038249999998,-0.98409411,-0.860187389
Centered,6,alpha[7],1.00081,1.00346,True,-1.0031801357975,-1.120194085,-1.0023026000000002,-0.8935988305
Centered,6,alpha[8],1.00081,1.00346,True,-1.068040753775,-1.25902838,-1.05510865,-0.9153510215
Centered,6,alpha[9],1.00081,1.00346,True,-1.003179264825,-1.12207245,-1.0012332,-0.886760612
Centered,6,alpha[10],1.00081,1.00346,True,-1.0650349332474998,-1.23787334,-1.0582771499999999,-0.9171441265000001
Centered,6,alpha[11],1.00081,1.00346,True,-1.0197319522775,-1.143184035,-1.0169242,-0.9023447485
Centered,6,alpha[12],1.00081,1.00346,True,-1.0772353930200003,-1.2634217449999998,-1.06545935,-0.9265242290000002
Centered,6,alpha[13],1.00081,1.00346,True,-0.9271905148725,-1.050996235,-0.9299250649999999,-0.792238227
Centered,6,alpha[14],1.00081,1.00346,True,-1.019517483625,-1.169461295,-1.0163587,-0.8804958110000001
Centered,6,alpha[15],1.00081,1.00346,True,-1.0354897573825,-1.19050334,-1.0300391,-0.9003989540000001
Centered,6,alpha[16],1.00081,1.00346,True,-0.9690645446225001,-1.08051039,-0.9702854949999999,-0.8473504985000001
Centered,6,alpha[17],1.00081,1.00346,True,-0.91169807916,-1.0359013199999998,-0.9173126949999999,-0.773120445
Centered,6,alpha[18],1.00081,1.00346,True,-1.10076087565,-1.3373272900000002,-1.0847284,-0.9246831475
Centered,7,mu,1.0077150000000001,1.06627,False,-0.992313275975,-1.06108787,-0.99129183,-0.929539045
Centered,7,sigma,1.0077150000000001,1.06627,False,0.113196273951,0.021767788,0.112500935,0.20216381149999996
Centered,7,alpha[1],1.0077150000000001,1.06627,False,-0.801205000255,-0.976719656,-0.80255089,-0.615284092
Centered,7,alpha[2],1.0077150000000001,1.06627,False,-0.904068472195,-1.0190310349999998,-0.91142018,-0.767152534
Centered,7,alpha[3],1.0077150000000001,1.06627,False,-0.9574831913625,-1.0738446,-0.961257655,-0.8318916995000002
Centered,7,alpha[4],1.0077150000000001,1.06627,False,-1.0615000334975,-1.22411152,-1.0528558000000001,-0.921854182
Centered,7,alpha[5],1.0077150000000001,1.06627,False,-0.9763385484425,-1.101170565,-0.9755502300000001,-0.850154666
Centered,7,alpha[6],1.0077150000000001,1.06627,False,-0.98294133706,-1.101088705,-0.982005855,-0.8673444935000001
Centered,7,alpha[7],1.0077150000000001,1.06627,False,-1.0026774458049998,-1.121380265,-0.99868513,-0.8930251075
Centered,7,alpha[8],1.0077150000000001,1.06627,False,-1.0653769548774998,-1.264093025,-1.0509335,-0.9128334115000001
Centered,7,alpha[9],1.0077150000000001,1.06627,False,-1.00288941162,-1.1281488800000001,-0.99959457,-0.889239203
Centered,7,alpha[10],1.0077150000000001,1.06627,False,-1.062048525875,-1.25144496,-1.0481482500000001,-0.9108178720000001
Centered,7,alpha[11],1.0077150000000001,1.06627,False,-1.0189371322475,-1.139684725,-1.0149833,-0.9103203185000001
Centered,7,alpha[12],1.0077150000000001,1.06627,False,-1.0743999690225001,-1.26520125,-1.0627034000000002,-0.9228966905
Centered,7,alpha[13],1.0077150000000001,1.06627,False,-0.9268485787775,-1.0495375150000001,-0.9313749499999999,-0.786412589
Centered,7,alpha[14],1.0077150000000001,1.06627,False,-1.0189331214225,-1.1727085849999999,-1.0116274,-0.8845811265
Centered,7,alpha[15],1.0077150000000001,1.06627,False,-1.0315532054975,-1.18728386,-1.0239748,-0.8996068450000001
Centered,7,alpha[16],1.0077150000000001,1.06627,False,-0.9682723952625,-1.081430235,-0.96938003,-0.8551548935
Centered,7,alpha[17],1.0077150000000001,1.06627,False,-0.9121415573125,-1.033865655,-0.917464925,-0.7747315905000001
Centered,7,alpha[18],1.0077150000000001,1.06627,False,-1.09635046195,-1.331745885,-1.0778368500000002,-0.9244455660000002
Centered,8,mu,1.00329,1.02307,True,-0.9934260691175,-1.0661100399999999,-0.99072355,-0.9299517760000001
Centered,8,sigma,1.00329,1.02307,True,0.1197631392355,0.04549481495000001,0.11446387499999999,0.21048491349999993
Centered,8,alpha[1],1.00329,1.02307,True,-0.7903778891675,-0.95152545,-0.79297522,-0.6174116960000002
Centered,8,alpha[2],1.00329,1.02307,True,-0.8975218114825,-1.02458022,-0.9002097099999999,-0.7602083795
Centered,8,alpha[3],1.00329,1.02307,True,-0.95651267546,-1.075875055,-0.9570581300000001,-0.8374029030000002
Centered,8,alpha[4],1.00329,1.02307,True,-1.0665455987374999,-1.2337275,-1.0606105499999998,-0.9279779035
Centered,8,alpha[5],1.00329,1.02307,True,-0.9734432027425001,-1.097420475,-0.973543995,-0.8490846910000001
Centered,8,alpha[6],1.00329,1.02307,True,-0.98162110693,-1.10773543,-0.9814596149999999,-0.8573899965
Centered,8,alpha[7],1.00329,1.02307,True,-1.0041715098150001,-1.12118655,-1.00174605,-0.887042658
Centered,8,alpha[8],1.00329,1.02307,True,-1.0729170807275,-1.281578975,-1.0574463,-0.912706396
Centered,8,alpha[9],1.00329,1.02307,True,-1.002261334295,-1.126488815,-1.00057445,-0.8845177995000001
Centered,8,alpha[10],1.00329,1.02307,True,-1.0662781152400003,-1.248900855,-1.0566991,-0.917208769
Centered,8,alpha[11],1.00329,1.02307,True,-1.0198424913700002,-1.14469054,-1.01510545,-0.9036330060000001
Centered,8,alpha[12],1.00329,1.02307,True,-1.0788207425149998,-1.2708745300000002,-1.06896435,-0.9228944285
Centered,8,alpha[13],1.00329,1.02307,True,-0.9235248344199999,-1.04102633,-0.9276757849999999,-0.7892062515
Centered,8,alpha[14],1.00329,1.02307,True,-1.020415311115,-1.171766805,-1.01588825,-0.8881380310000001
Centered,8,alpha[15],1.00329,1.02307,True,-1.0359634199275,-1.1940183899999999,-1.0284933500000002,-0.9028889655
Centered,8,alpha[16],1.00329,1.02307,True,-0.9670941893199999,-1.0835188599999999,-0.9676445,-0.8514163260000002
Centered,8,alpha[17],1.00329,1.02307,True,-0.9097663271875,-1.0336537650000002,-0.91479036,-0.769881999
Centered,8,alpha[18],1.00329,1.02307,True,-1.1044940929049998,-1.34204735,-1.0871036,-0.925347161
Centered,9,mu,1.00475,1.02612,True,-0.9933667091475,-1.063414825,-0.992086225,-0.9281875975
Centered,9,sigma,1.00475,1.02612,True,0.11607138023050001,0.036937187700000006,0.11303658,0.20352294799999998
Centered,9,alpha[1],1.00475,1.02612,True,-0.797849832675,-0.9574566330000001,-0.800005605,-0.6148878800000002
Centered,9,alpha[2],1.00475,1.02612,True,-0.9018059578675,-1.0249806300000002,-0.907078265,-0.759700425
Centered,9,alpha[3],1.00475,1.02612,True,-0.957829791065,-1.07476627,-0.95821645,-0.838154429
Centered,9,alpha[4],1.00475,1.02612,True,-1.0658592074325002,-1.2347084899999998,-1.05720945,-0.9251902620000001
Centered,9,alpha[5],1.00475,1.02612,True,-0.9740999198175,-1.100177595,-0.97563403,-0.848702962
Centered,9,alpha[6],1.00475,1.02612,True,-0.9799305509175,-1.09999216,-0.980707385,-0.859180614
Centered,9,alpha[7],1.00475,1.02612,True,-1.003918559895,-1.1279243350000001,-1.0017247,-0.8917463575000001
Centered,9,alpha[8],1.00475,1.02612,True,-1.0670786084300001,-1.2640790499999999,-1.0541805,-0.9139525665000001
Centered,9,alpha[9],1.00475,1.02612,True,-1.0031628641249999,-1.1225635,-1.0017033999999998,-0.890407495
Centered,9,alpha[10],1.00475,1.02612,True,-1.0644968381025002,-1.24101781,-1.0544453,-0.9180326685000002
Centered,9,alpha[11],1.00475,1.02612,True,-1.0182270479575,-1.14675886,-1.0152916,-0.903095441
Centered,9,alpha[12],1.00475,1.02612,True,-1.0765945269525,-1.2645246350000001,-1.06472865,-0.9233854530000001
Centered,9,alpha[13],1.00475,1.02612,True,-0.9271980791650001,-1.04725279,-0.93228665,-0.7936851630000001
Centered,9,alpha[14],1.00475,1.02612,True,-1.02064254075,-1.168160305,-1.01398845,-0.8827514725000001
Centered,9,alpha[15],1.00475,1.02612,True,-1.0363207364925,-1.1906924399999999,-1.0292507,-0.8972364130000001
Centered,9,alpha[16],1.00475,1.02612,True,-0.9674077796675,-1.084812715,-0.966875485,-0.8558197535000001
Centered,9,alpha[17],1.00475,1.02612,True,-0.9119336903999999,-1.036634985,-0.91771922,-0.7666598370000001
Centered,9,alpha[18],1.00475,1.02612,True,-1.0995323881125,-1.341897895,-1.07980845,-0.924583555
Centered,10,mu,1.002015,1.01362,True,-0.9930313558625,-1.063989715,-0.991110375,-0.9304357055
Centered,10,sigma,1.002015,1.01362,True,0.12059721595975001,0.0524153017,0.115789375,0.20702496199999995
Centered,10,alpha[1],1.002015,1.01362,True,-0.789952633485,-0.946851893,-0.79548255,-0.614405863
Centered,10,alpha[2],1.002015,1.01362,True,-0.8982705612725,-1.02406181,-0.90185072,-0.7583003025
Centered,10,alpha[3],1.002015,1.01362,True,-0.955190920345,-1.07759932,-0.957024965,-0.8258614205
Centered,10,alpha[4],1.002015,1.01362,True,-1.066898981605,-1.2349606800000001,-1.0600190999999999,-0.9264045680000002
Centered,10,alpha[5],1.002015,1.01362,True,-0.9768226784124999,-1.10899608,-0.974252405,-0.8536235560000001
Centered,10,alpha[6],1.002015,1.01362,True,-0.980354348345,-1.106478545,-0.9791164750000001,-0.8564150235000001
Centered,10,alpha[7],1.002015,1.01362,True,-1.0035914156125,-1.1261771999999999,-1.0002529999999998,-0.8922151185
Centered,10,alpha[8],1.002015,1.01362,True,-1.0721118891225,-1.26503217,-1.0640962,-0.9077793975
Centered,10,alpha[9],1.002015,1.01362,True,-1.002796416295,-1.1310151800000001,-1.001004,-0.8796918440000001
Centered,10,alpha[10],1.002015,1.01362,True,-1.0656084784725,-1.2446327099999999,-1.05595865,-0.9093449164999999
Centered,10,alpha[11],1.002015,1.01362,True,-1.0203990598725,-1.14526556,-1.0164038,-0.9061523290000001
Centered,10,alpha[12],1.002015,1.01362,True,-1.0802350935724998,-1.26445956,-1.0717409,-0.919027349
Centered,10,alpha[13],1.002015,1.01362,True,-0.9239922679174999,-1.0464209100000001,-0.92844399,-0.7873867550000001
Centered,10,alpha[14],1.002015,1.01362,True,-1.0198222936725,-1.17253366,-1.01519015,-0.8842597605000001
Centered,10,alpha[15],1.002015,1.01362,True,-1.0365830156174998,-1.19238112,-1.03058285,-0.900040358
Centered,10,alpha[16],1.002015,1.01362,True,-0.9667262413000001,-1.0863751949999998,-0.96754758,-0.845167795
Centered,10,alpha[17],1.002015,1.01362,True,-0.9085377536275,-1.0326205099999999,-0.911961465,-0.7710997175000001
Centered,10,alpha[18],1.002015,1.01362,True,-1.1038401470349999,-1.340862975,-1.0847147499999998,-0.9238886255000001
Centered,11,mu,1.0021,1.01275,True,-0.9940144985725001,-1.0617531,-0.9933325900000001,-0.9300233175
Centered,11,sigma,1.0021,1.01275,True,0.11850682377975,0.04662682925,0.11463511,0.20208483799999993
Centered,11,alpha[1],1.0021,1.01275,True,-0.7937469739675,-0.96229183,-0.79663353,-0.613859993
Centered,11,alpha[2],1.0021,1.01275,True,-0.90018196637,-1.02100313,-0.906368745,-0.759031282
Centered,11,alpha[3],1.0021,1.01275,True,-0.9583691820725001,-1.08020515,-0.9587195799999999,-0.8323329890000001
Centered,11,alpha[4],1.0021,1.01275,True,-1.0670411613050002,-1.22250423,-1.0603573,-0.92611861
Centered,11,alpha[5],1.0021,1.01275,True,-0.9765943367400001,-1.102288195,-0.978832295,-0.8491280125
Centered,11,alpha[6],1.0021,1.01275,True,-0.9819611602825,-1.1072937150000002,-0.980760285,-0.8592341755000001
Centered,11,alpha[7],1.0021,1.01275,True,-1.0047103772075001,-1.1271579649999999,-1.0046021,-0.8872476005000001
Centered,11,alpha[8],1.0021,1.01275,True,-1.0714334280375,-1.2699692850000002,-1.05972155,-0.916490364
Centered,11,alpha[9],1.0021,1.01275,True,-1.003346779795,-1.123622745,-1.00153685,-0.8857968895000001
Centered,11,alpha[10],1.0021,1.01275,True,-1.06611659674,-1.23733886,-1.0579260499999998,-0.9203711750000001
Centered,11,alpha[11],1.0021,1.01275,True,-1.02074371895,-1.148188105,-1.01826075,-0.9035241810000001
Centered,11,alpha[12],1.0021,1.01275,True,-1.081330257875,-1.26973854,-1.0711797,-0.925173276
Centered,11,alpha[13],1.0021,1.01275,True,-0.9255420174525,-1.04739701,-0.929197415,-0.7947000910000002
Centered,11,alpha[14],1.0021,1.01275,True,-1.022510807325,-1.16819338,-1.0172683,-0.8846894745
Centered,11,alpha[15],1.0021,1.01275,True,-1.0377990749025,-1.189034825,-1.0322498,-0.901137026
Centered,11,alpha[16],1.0021,1.01275,True,-0.9684301120850001,-1.08647203,-0.9696403149999999,-0.8467305385
Centered,11,alpha[17],1.0021,1.01275,True,-0.91073517051,-1.03475462,-0.915308105,-0.7729331100000001
Centered,11,alpha[18],1.0021,1.01275,True,-1.10107007082,-1.31787571,-1.0846493499999998,-0.9311927665
Centered,12,mu,1.00245,1.01002,True,-0.9936648039175,-1.06581665,-0.990809025,-0.9283431185000001
Centered,12,sigma,1.00245,1.01002,True,0.12159929956525,0.043389355500000004,0.118423095,0.20946453699999973
Centered,12,alpha[1],1.00245,1.01002,True,-0.7904786268425,-0.9572376429999999,-0.792554585,-0.6161510560000002
Centered,12,alpha[2],1.00245,1.01002,True,-0.8973581718675,-1.022258015,-0.90107054,-0.7569804175
Centered,12,alpha[3],1.00245,1.01002,True,-0.95667509386,-1.07559226,-0.95712557,-0.8318037105
Centered,12,alpha[4],1.00245,1.01002,True,-1.0690079387575002,-1.242269505,-1.06047205,-0.9213344545000001
Centered,12,alpha[5],1.00245,1.01002,True,-0.9767615320499999,-1.1070298749999998,-0.97764621,-0.8468244285000002
Centered,12,alpha[6],1.00245,1.01002,True,-0.982968730115,-1.108037055,-0.9817826199999999,-0.8586572670000002
Centered,12,alpha[7],1.00245,1.01002,True,-1.0047036672225,-1.12513359,-1.00248205,-0.8896588169999999
Centered,12,alpha[8],1.00245,1.01002,True,-1.0723507536724999,-1.2706075749999999,-1.0614601499999998,-0.9122029935000001
Centered,12,alpha[9],1.00245,1.01002,True,-1.0033157449699999,-1.133181925,-1.001104,-0.8814894410000002
Centered,12,alpha[10],1.00245,1.01002,True,-1.06931393965,-1.24800327,-1.0586429,-0.9193577565000001
Centered,12,alpha[11],1.00245,1.01002,True,-1.01987642677,-1.14044988,-1.0184782000000001,-0.9046130605
Centered,12,alpha[12],1.00245,1.01002,True,-1.08356028954,-1.27100575,-1.0748746,-0.9247526365000002
Centered,12,alpha[13],1.00245,1.01002,True,-0.924824883515,-1.05060258,-0.9279066499999999,-0.7889783615000001
Centered,12,alpha[14],1.00245,1.01002,True,-1.0213782295499998,-1.177212305,-1.01744935,-0.8802394975000001
Centered,12,alpha[15],1.00245,1.01002,True,-1.0376844393525,-1.20215962,-1.0332284999999999,-0.8948158405000001
Centered,12,alpha[16],1.00245,1.01002,True,-0.9654189933175,-1.0845034199999999,-0.96594171,-0.8453402955000001
Centered,12,alpha[17],1.00245,1.01002,True,-0.90841975815,-1.03351788,-0.91243352,-0.76416743
Centered,12,alpha[18],1.00245,1.01002,True,-1.1047192133925001,-1.3490357050000001,-1.0860899499999999,-0.9224537345
Centered,13,mu,1.001785,1.01464,True,-0.99340635316,-1.062718795,-0.99165755,-0.928953279
Centered,13,sigma,1.001785,1.01464,True,0.1183990625355,0.043269433600000004,0.11402783,0.20446221099999987
Centered,13,alpha[1],1.001785,1.01464,True,-0.7940150737525,-0.9586434509999999,-0.797542855,-0.6184495065000002
Centered,13,alpha[2],1.001785,1.01464,True,-0.8987465487899999,-1.02559899,-0.904646175,-0.752112451
Centered,13,alpha[3],1.001785,1.01464,True,-0.956620252875,-1.07025612,-0.95800736,-0.8383473825000001
Centered,13,alpha[4],1.001785,1.01464,True,-1.0652003902574998,-1.23213036,-1.05806135,-0.9234064960000001
Centered,13,alpha[5],1.001785,1.01464,True,-0.977065665145,-1.1059404199999998,-0.9766835949999999,-0.8473817055
Centered,13,alpha[6],1.001785,1.01464,True,-0.9813457216300001,-1.107274305,-0.982240265,-0.856731573
Centered,13,alpha[7],1.001785,1.01464,True,-1.0050184652424998,-1.123673315,-1.0016101,-0.893677252
Centered,13,alpha[8],1.001785,1.01464,True,-1.0706607931875,-1.2640044449999999,-1.0586579500000002,-0.9136212190000002
Centered,13,alpha[9],1.001785,1.01464,True,-1.00251722325,-1.12226372,-1.00016605,-0.8898303175000001
Centered,13,alpha[10],1.001785,1.01464,True,-1.0669185870175002,-1.240257865,-1.0586448499999999,-0.9187315085000001
Centered,13,alpha[11],1.001785,1.01464,True,-1.0214479774275,-1.15028065,-1.01809035,-0.906270275
Centered,13,alpha[12],1.001785,1.01464,True,-1.07991365815,-1.264470585,-1.07108295,-0.9299958935000001
Centered,13,alpha[13],1.001785,1.01464,True,-0.9252693482350001,-1.047897505,-0.929500935,-0.794646396
Centered,13,alpha[14],1.001785,1.01464,True,-1.0237189971549998,-1.178221255,-1.0198124000000002,-0.88055721
Centered,13,alpha[15],1.001785,1.01464,True,-1.0363873046849998,-1.19240177,-1.0310918999999998,-0.901136596
Centered,13,alpha[16],1.001785,1.01464,True,-0.9680579476549999,-1.081602055,-0.968116545,-0.8506542650000001
Centered,13,alpha[17],1.001785,1.01464,True,-0.9086175341549999,-1.03005792,-0.9146036500000001,-0.7719932785000001
Centered,13,alpha[18],1.001785,1.01464,True,-1.1044902153675002,-1.342318675,-1.0881454499999998,-0.9255832920000001
Centered,14,mu,1.0041099999999998,1.0184,True,-0.9928843729225,-1.0643278699999998,-0.9912427500000001,-0.9289296795
Centered,14,sigma,1.0041099999999998,1.0184,True,0.11633893909775002,0.038609834100000004,0.11198869,0.20428494099999997
Centered,14,alpha[1],1.0041099999999998,1.0184,True,-0.796711272745,-0.9598386525,-0.802776705,-0.6140173130000001
Centered,14,alpha[2],1.0041099999999998,1.0184,True,-0.9026420132925,-1.02591824,-0.90711701,-0.7632281675
Centered,14,alpha[3],1.0041099999999998,1.0184,True,-0.9574443817650001,-1.073815405,-0.9594590199999999,-0.8366936055
Centered,14,alpha[4],1.0041099999999998,1.0184,True,-1.0644933612525,-1.2404896300000001,-1.0557564,-0.923025846
Centered,14,alpha[5],1.0041099999999998,1.0184,True,-0.9757531642650001,-1.108232895,-0.976826085,-0.8476175115000001
Centered,14,alpha[6],1.0041099999999998,1.0184,True,-0.9813731483825001,-1.105168695,-0.9782834250000001,-0.8632013245000001
Centered,14,alpha[7],1.0041099999999998,1.0184,True,-1.0036277084999998,-1.12397928,-1.0000238499999998,-0.892773335
Centered,14,alpha[8],1.0041099999999998,1.0184,True,-1.0691133762525,-1.2682320599999999,-1.0570488,-0.911241199
Centered,14,alpha[9],1.0041099999999998,1.0184,True,-1.0028835513275,-1.128071065,-1.0005745,-0.8816961950000001
Centered,14,alpha[10],1.0041099999999998,1.0184,True,-1.0650645584575,-1.248087385,-1.0526999,-0.9132606065000001
Centered,14,alpha[11],1.0041099999999998,1.0184,True,-1.01917096111,-1.14298221,-1.0172808500000001,-0.9050095265
Centered,14,alpha[12],1.0041099999999998,1.0184,True,-1.0755108577774999,-1.2632405,-1.06628435,-0.9183989260000001
Centered,14,alpha[13],1.0041099999999998,1.0184,True,-0.9257430500925,-1.046428245,-0.9282224800000001,-0.7925280365
Centered,14,alpha[14],1.0041099999999998,1.0184,True,-1.0189179505375001,-1.16728279,-1.0145597,-0.883058478
Centered,14,alpha[15],1.0041099999999998,1.0184,True,-1.034038644235,-1.1912108300000002,-1.0271548,-0.898927969
Centered,14,alpha[16],1.0041099999999998,1.0184,True,-0.9695062035825001,-1.085663195,-0.968293675,-0.85437156
Centered,14,alpha[17],1.0041099999999998,1.0184,True,-0.9117443049824999,-1.0381259950000001,-0.91542643,-0.7711009120000001
Centered,14,alpha[18],1.0041099999999998,1.0184,True,-1.0970655548950001,-1.342022155,-1.07842565,-0.9234962315
Centered,15,mu,1.00211,1.00845,True,-0.9937237532650001,-1.0646304000000002,-0.9906326700000001,-0.930323364
Centered,15,sigma,1.00211,1.00845,True,0.1182730777355,0.0441819788,0.113292775,0.20520885549999995
Centered,15,alpha[1],1.00211,1.00845,True,-0.7937942063275,-0.9555304235,-0.797959945,-0.619902623
Centered,15,alpha[2],1.00211,1.00845,True,-0.9000444961275,-1.026241045,-0.90577849,-0.7612241470000001
Centered,15,alpha[3],1.00211,1.00845,True,-0.95739372132,-1.07353464,-0.958981125,-0.837709286
Centered,15,alpha[4],1.00211,1.00845,True,-1.0664259245525,-1.2362677850000001,-1.05883955,-0.9231678455000002
Centered,15,alpha[5],1.00211,1.00845,True,-0.9753375210599999,-1.10720869,-0.9748867050000001,-0.8480221310000001
Centered,15,alpha[6],1.00211,1.00845,True,-0.9840464242475,-1.10624638,-0.983762195,-0.8585805495
Centered,15,alpha[7],1.00211,1.00845,True,-1.0055210141350002,-1.12474835,-1.0041942000000001,-0.889416629
Centered,15,alpha[8],1.00211,1.00845,True,-1.071345847395,-1.26543455,-1.06041925,-0.9114148
Centered,15,alpha[9],1.00211,1.00845,True,-1.00216910025,-1.125026085,-0.9991163750000001,-0.8828532765000002
Centered,15,alpha[10],1.00211,1.00845,True,-1.0677257848774997,-1.2448171799999999,-1.0599302000000002,-0.919743506
Centered,15,alpha[11],1.00211,1.00845,True,-1.020011678305,-1.140359395,-1.01831475,-0.904605823
Centered,15,alpha[12],1.00211,1.00845,True,-1.0791041900475,-1.2797725,-1.0676320499999998,-0.9229222695000001
Centered,15,alpha[13],1.00211,1.00845,True,-0.9264177456225,-1.047694255,-0.92964487,-0.7961218075000001
Centered,15,alpha[14],1.00211,1.00845,True,-1.01921824218,-1.173514905,-1.0129797,-0.884211542
Centered,15,alpha[15],1.00211,1.00845,True,-1.0354097845275,-1.194441715,-1.0303591,-0.8945853405
Centered,15,alpha[16],1.00211,1.00845,True,-0.9679940857275,-1.0856540899999998,-0.966438525,-0.8514472065
Centered,15,alpha[17],1.00211,1.00845,True,-0.9104375554299999,-1.0334507499999999,-0.9149638950000001,-0.7691790934999999
Centered,15,alpha[18],1.00211,1.00845,True,-1.1010276294775,-1.33823706,-1.08359885,-0.9218748495000001
Centered,16,mu,1.00229,1.01092,True,-0.9936087110974999,-1.063669575,-0.99234115,-0.930626782
Centered,16,sigma,1.00229,1.01092,True,0.11975105782025,0.0488082005,0.114376055,0.20704755599999997
Centered,16,alpha[1],1.00229,1.01092,True,-0.791168135115,-0.9533215365,-0.7950990499999999,-0.6130290805000003
Centered,16,alpha[2],1.00229,1.01092,True,-0.9005277512175001,-1.026924965,-0.903144165,-0.7592792625000002
Centered,16,alpha[3],1.00229,1.01092,True,-0.9573405402125,-1.070909215,-0.9589786650000001,-0.8365465485
Centered,16,alpha[4],1.00229,1.01092,True,-1.0682353824525002,-1.23296838,-1.05929735,-0.9279230515
Centered,16,alpha[5],1.00229,1.01092,True,-0.9778369001675,-1.101669985,-0.97804321,-0.8508820190000002
Centered,16,alpha[6],1.00229,1.01092,True,-0.9821620954924999,-1.105647665,-0.983390145,-0.8588393755000002
Centered,16,alpha[7],1.00229,1.01092,True,-1.0060709858225,-1.1282622500000001,-1.004835,-0.8913392594999999
Centered,16,alpha[8],1.00229,1.01092,True,-1.0714910235775001,-1.26434509,-1.0603808,-0.916444911
Centered,16,alpha[9],1.00229,1.01092,True,-1.0040271291325,-1.1298408500000001,-1.00279145,-0.885178039
Centered,16,alpha[10],1.00229,1.01092,True,-1.0678615739950001,-1.2379434599999999,-1.06179845,-0.9149407975000001
Centered,16,alpha[11],1.00229,1.01092,True,-1.020469533055,-1.143612975,-1.0183463000000001,-0.9089124785000001
Centered,16,alpha[12],1.00229,1.01092,True,-1.080753976315,-1.2719636250000002,-1.0705469,-0.9228750440000001
Centered,16,alpha[13],1.00229,1.01092,True,-0.9242726063825001,-1.0524728349999999,-0.92781788,-0.7882127305000001
Centered,16,alpha[14],1.00229,1.01092,True,-1.0201597927075,-1.16861132,-1.0170012499999999,-0.883581392
Centered,16,alpha[15],1.00229,1.01092,True,-1.0374963023225001,-1.1941073,-1.03258795,-0.89834597
Centered,16,alpha[16],1.00229,1.01092,True,-0.9689170885649999,-1.084649655,-0.9686876149999999,-0.8529662480000001
Centered,16,alpha[17],1.00229,1.01092,True,-0.9103270202475,-1.03797492,-0.9152848650000001,-0.7680883940000001
Centered,16,alpha[18],1.00229,1.01092,True,-1.1035113809625,-1.337132775,-1.0855218500000001,-0.924824999
Centered,17,mu,1.001155,1.00422,True,-0.99315315023,-1.06347558,-0.991012845,-0.9308208065
Centered,17,sigma,1.001155,1.00422,True,0.11798784524375,0.04474917255,0.11441218,0.20282705499999995
Centered,17,alpha[1],1.001155,1.00422,True,-0.7930256268200001,-0.952374852,-0.797309115,-0.6167431390000001
Centered,17,alpha[2],1.001155,1.00422,True,-0.900556337755,-1.022894245,-0.903133065,-0.7623081725
Centered,17,alpha[3],1.001155,1.00422,True,-0.95709629853,-1.0776870749999998,-0.959888535,-0.829445981
Centered,17,alpha[4],1.001155,1.00422,True,-1.067535260985,-1.2293479999999999,-1.05943505,-0.9274777965
Centered,17,alpha[5],1.001155,1.00422,True,-0.9765453388075,-1.1027709200000002,-0.977457695,-0.8501405989999999
Centered,17,alpha[6],1.001155,1.00422,True,-0.9839164348775,-1.11591663,-0.983277855,-0.8553820865
Centered,17,alpha[7],1.001155,1.00422,True,-1.00473995696,-1.12440372,-1.0036357,-0.8936422930000002
Centered,17,alpha[8],1.001155,1.00422,True,-1.0705008303024999,-1.267214345,-1.0591598,-0.9068909155000001
Centered,17,alpha[9],1.001155,1.00422,True,-1.00311143318,-1.1285305049999999,-1.00251695,-0.8839626985000001
Centered,17,alpha[10],1.001155,1.00422,True,-1.064400833335,-1.24058348,-1.0543342500000001,-0.9170197615000002
Centered,17,alpha[11],1.001155,1.00422,True,-1.0204297763774999,-1.147517525,-1.0168454,-0.9033103325
Centered,17,alpha[12],1.001155,1.00422,True,-1.0807871613325002,-1.26640598,-1.0713333999999999,-0.9302574315
Centered,17,alpha[13],1.001155,1.00422,True,-0.9235687956625,-1.047013095,-0.9293114250000001,-0.7905050680000001
Centered,17,alpha[14],1.001155,1.00422,True,-1.0208368315225,-1.1727017899999999,-1.015304,-0.8848432230000002
Centered,17,alpha[15],1.001155,1.00422,True,-1.0340343874375,-1.1962781550000001,-1.0272119,-0.894786446
Centered,17,alpha[16],1.001155,1.00422,True,-0.9687772878375001,-1.083974335,-0.9704110100000001,-0.8535136135
Centered,17,alpha[17],1.001155,1.00422,True,-0.9113201056075,-1.033006245,-0.91624879,-0.7698177875000001
Centered,17,alpha[18],1.001155,1.00422,True,-1.1025543385024998,-1.3418725649999999,-1.08621815,-0.9263318405
Centered,18,mu,1.0024899999999999,1.01208,True,-0.9942947112825,-1.064695245,-0.992042415,-0.9302200155000001
Centered,18,sigma,1.0024899999999999,1.01208,True,0.11877427881975001,0.04061311925,0.1155013,0.20697039949999993
Centered,18,alpha[1],1.0024899999999999,1.01208,True,-0.7924427938725,-0.969323122,-0.79663237,-0.6032137740000001
Centered,18,alpha[2],1.0024899999999999,1.01208,True,-0.9003911083225,-1.026673645,-0.9050745950000001,-0.7594239645
Centered,18,alpha[3],1.0024899999999999,1.01208,True,-0.9573587918525,-1.07540876,-0.95674223,-0.8384608115000001
Centered,18,alpha[4],1.0024899999999999,1.01208,True,-1.0683096587425,-1.2346118799999999,-1.06054365,-0.9315381320000001
Centered,18,alpha[5],1.0024899999999999,1.01208,True,-0.9769023937550001,-1.1071974400000002,-0.9766552749999999,-0.8474309225
Centered,18,alpha[6],1.0024899999999999,1.01208,True,-0.9834712283000001,-1.107451535,-0.98224472,-0.8627201975000001
Centered,18,alpha[7],1.0024899999999999,1.01208,True,-1.00292244819,-1.123756265,-1.0006423,-0.8886058545000003
Centered,18,alpha[8],1.0024899999999999,1.01208,True,-1.0712240749325002,-1.266239985,-1.06063445,-0.916945262
Centered,18,alpha[9],1.0024899999999999,1.01208,True,-1.002811781005,-1.1260176800000001,-1.0014625000000001,-0.8853657060000001
Centered,18,alpha[10],1.0024899999999999,1.01208,True,-1.066491320535,-1.248594135,-1.05756275,-0.9126204625000001
Centered,18,alpha[11],1.0024899999999999,1.01208,True,-1.02161381616,-1.15472231,-1.0183816,-0.9041854660000002
Centered,18,alpha[12],1.0024899999999999,1.01208,True,-1.0801821942075,-1.2725983299999999,-1.07022295,-0.9277281435
Centered,18,alpha[13],1.0024899999999999,1.01208,True,-0.9242324216,-1.0473236000000001,-0.9304446799999999,-0.7832339795
Centered,18,alpha[14],1.0024899999999999,1.01208,True,-1.02291555637,-1.170803285,-1.01770195,-0.8892699930000002
Centered,18,alpha[15],1.0024899999999999,1.01208,True,-1.0360810232425,-1.19535866,-1.02914745,-0.8976232505
Centered,18,alpha[16],1.0024899999999999,1.01208,True,-0.9681921312424999,-1.08572882,-0.9672797200000001,-0.8513329865
Centered,18,alpha[17],1.0024899999999999,1.01208,True,-0.9098448125275,-1.036762585,-0.915023345,-0.768347745
Centered,18,alpha[18],1.0024899999999999,1.01208,True,-1.1029405529874998,-1.339434505,-1.08545995,-0.9242361430000002
Centered,19,mu,1.0013649999999998,1.00342,True,-0.993727670985,-1.0630546699999999,-0.9918244,-0.927532023
Centered,19,sigma,1.0013649999999998,1.00342,True,0.118239951641,0.047854859,0.11397818500000001,0.20248262249999996
Centered,19,alpha[1],1.0013649999999998,1.00342,True,-0.7920918625,-0.950988606,-0.7986184000000001,-0.6153182375000001
Centered,19,alpha[2],1.0013649999999998,1.00342,True,-0.8994504584549999,-1.02223058,-0.903401095,-0.760475478
Centered,19,alpha[3],1.0013649999999998,1.00342,True,-0.9563714949850001,-1.07488465,-0.956430585,-0.8333902825
Centered,19,alpha[4],1.0013649999999998,1.00342,True,-1.0676548863375002,-1.23652564,-1.06254105,-0.922244226
Centered,19,alpha[5],1.0013649999999998,1.00342,True,-0.976792300675,-1.103951995,-0.976428755,-0.8457063735000004
Centered,19,alpha[6],1.0013649999999998,1.00342,True,-0.9820796064149999,-1.106060315,-0.98026385,-0.8553955625000002
Centered,19,alpha[7],1.0013649999999998,1.00342,True,-1.005395687235,-1.127507545,-1.00306765,-0.893710448
Centered,19,alpha[8],1.0013649999999998,1.00342,True,-1.069321286505,-1.2635694,-1.0602021499999998,-0.9071503360000001
Centered,19,alpha[9],1.0013649999999998,1.00342,True,-1.001913216345,-1.12920316,-1.00076205,-0.8843031365
Centered,19,alpha[10],1.0013649999999998,1.00342,True,-1.0645573857475001,-1.240010625,-1.0552092499999999,-0.9164228925000001
Centered,19,alpha[11],1.0013649999999998,1.00342,True,-1.02009777207,-1.14262364,-1.0169515,-0.904001842
Centered,19,alpha[12],1.0013649999999998,1.00342,True,-1.0786899862425,-1.264917525,-1.06954635,-0.9215659
Centered,19,alpha[13],1.0013649999999998,1.00342,True,-0.92524083034,-1.04720747,-0.92750931,-0.7949681385000001
Centered,19,alpha[14],1.0013649999999998,1.00342,True,-1.0215880363475,-1.1700048299999999,-1.01717265,-0.8906871220000001
Centered,19,alpha[15],1.0013649999999998,1.00342,True,-1.0369808600175,-1.19591385,-1.0312121,-0.894600452
Centered,19,alpha[16],1.0013649999999998,1.00342,True,-0.96900946442,-1.07843206,-0.968348005,-0.8546544905
Centered,19,alpha[17],1.0013649999999998,1.00342,True,-0.9100048794375,-1.03805151,-0.9126173,-0.7692612315000001
Centered,19,alpha[18],1.0013649999999998,1.00342,True,-1.102429324005,-1.3313537199999999,-1.08674865,-0.925188566
Centered,20,mu,1.001195,1.00458,True,-0.9938467961225,-1.064952235,-0.992331525,-0.9278767474999999
Centered,20,sigma,1.001195,1.00458,True,0.12227370133075,0.0455308691,0.11908651,0.20875018299999998
Centered,20,alpha[1],1.001195,1.00458,True,-0.7882317623375,-0.95168044,-0.792746945,-0.6056035390000001
Centered,20,alpha[2],1.001195,1.00458,True,-0.8970166232649999,-1.02620117,-0.9023967900000001,-0.7487043435
Centered,20,alpha[3],1.001195,1.00458,True,-0.95677688927,-1.078637115,-0.958835865,-0.8351864290000001
Centered,20,alpha[4],1.001195,1.00458,True,-1.07013183791,-1.239517195,-1.0634407000000001,-0.9245933105
Centered,20,alpha[5],1.001195,1.00458,True,-0.9771652473450001,-1.1085827,-0.976349205,-0.845612882
Centered,20,alpha[6],1.001195,1.00458,True,-0.983168490755,-1.10971944,-0.98212354,-0.8595214785
Centered,20,alpha[7],1.001195,1.00458,True,-1.0046325848075,-1.12393397,-1.0020474,-0.89282359
Centered,20,alpha[8],1.001195,1.00458,True,-1.0759553020075,-1.27773534,-1.0635035,-0.911932633
Centered,20,alpha[9],1.001195,1.00458,True,-1.00231630378,-1.127803455,-0.999599575,-0.883463071
Centered,20,alpha[10],1.001195,1.00458,True,-1.0679034787275,-1.2479702849999998,-1.05862215,-0.91924353
Centered,20,alpha[11],1.001195,1.00458,True,-1.01938307334,-1.139111375,-1.0168222999999998,-0.905111842
Centered,20,alpha[12],1.001195,1.00458,True,-1.08613137946,-1.275144235,-1.07624225,-0.9326898610000001
Centered,20,alpha[13],1.001195,1.00458,True,-0.9205713893224999,-1.0442132,-0.9239066549999999,-0.7889803640000002
Centered,20,alpha[14],1.001195,1.00458,True,-1.01944631464,-1.16871254,-1.0158719,-0.8811239850000001
Centered,20,alpha[15],1.001195,1.00458,True,-1.0399937993675001,-1.20141681,-1.0345673,-0.8961596825000001
Centered,20,alpha[16],1.001195,1.00458,True,-0.9691336378900001,-1.0899556400000001,-0.96888475,-0.8496904155
Centered,20,alpha[17],1.001195,1.00458,True,-0.9060829624175001,-1.03835775,-0.91056382,-0.763807352
Centered,20,alpha[18],1.001195,1.00458,True,-1.10895109603,-1.351937005,-1.0929772500000001,-0.9244309350000002
Centered,21,mu,1.002745,1.02115,True,-0.99361721132,-1.06433539,-0.99132299,-0.9295731335
Centered,21,sigma,1.002745,1.02115,True,0.11828308246775,0.04320724485,0.11580974,0.20208773599999993
Centered,21,alpha[1],1.002745,1.02115,True,-0.7958825370625,-0.9647087185,-0.7986622800000001,-0.6157493305
Centered,21,alpha[2],1.002745,1.02115,True,-0.901006889375,-1.026640735,-0.9053939200000001,-0.7570575375
Centered,21,alpha[3],1.002745,1.02115,True,-0.95795434672,-1.073456945,-0.9587163400000001,-0.8365720105000001
Centered,21,alpha[4],1.002745,1.02115,True,-1.06731493524,-1.2355115449999998,-1.0600719500000002,-0.9290924745
Centered,21,alpha[5],1.002745,1.02115,True,-0.97569807372,-1.103202525,-0.974973765,-0.8428377115
Centered,21,alpha[6],1.002745,1.02115,True,-0.9836464683875,-1.104748785,-0.983520205,-0.860686378
Centered,21,alpha[7],1.002745,1.02115,True,-1.0042430194024998,-1.12217862,-1.0023270499999999,-0.8904809295
Centered,21,alpha[8],1.002745,1.02115,True,-1.0699456260575,-1.26966782,-1.05883905,-0.9128728800000001
Centered,21,alpha[9],1.002745,1.02115,True,-1.002535430055,-1.1315970100000001,-0.999782855,-0.8805924515
Centered,21,alpha[10],1.002745,1.02115,True,-1.0663352607725,-1.24531652,-1.05708845,-0.9187140615000001
Centered,21,alpha[11],1.002745,1.02115,True,-1.0208616431825,-1.1485546549999999,-1.0170578,-0.9060736355000001
Centered,21,alpha[12],1.002745,1.02115,True,-1.0781032676925002,-1.26889775,-1.06763925,-0.9247092130000001
Centered,21,alpha[13],1.002745,1.02115,True,-0.9237256896175,-1.04422365,-0.92727855,-0.7886874680000001
Centered,21,alpha[14],1.002745,1.02115,True,-1.0211665560125,-1.16564511,-1.0179196,-0.8884986460000001
Centered,21,alpha[15],1.002745,1.02115,True,-1.0343494079950002,-1.19170984,-1.0309070500000002,-0.897293185
Centered,21,alpha[16],1.002745,1.02115,True,-0.9690298680475,-1.08471714,-0.969411605,-0.8505757590000002
Centered,21,alpha[17],1.002745,1.02115,True,-0.910234541465,-1.03139656,-0.9167116850000001,-0.7741147255000002
Centered,21,alpha[18],1.002745,1.02115,True,-1.1020895291799997,-1.333953725,-1.08388855,-0.92652995
Centered,22,mu,1.002985,1.01918,True,-0.9920933374174999,-1.0624341800000001,-0.98952202,-0.929692682
Centered,22,sigma,1.002985,1.01918,True,0.11401630962425,0.03794166,0.110498615,0.19922824799999997
Centered,22,alpha[1],1.002985,1.01918,True,-0.7995950041875001,-0.9615943245,-0.802512295,-0.6202288185000001
Centered,22,alpha[2],1.002985,1.01918,True,-0.901900497795,-1.025409215,-0.9056581749999999,-0.7654895595000001
Centered,22,alpha[3],1.002985,1.01918,True,-0.9566097213175,-1.075423625,-0.95720564,-0.8329739110000002
Centered,22,alpha[4],1.002985,1.01918,True,-1.0614884220225,-1.22645303,-1.05174935,-0.922481178
Centered,22,alpha[5],1.002985,1.01918,True,-0.9768334782825,-1.10466631,-0.97686403,-0.853190576
Centered,22,alpha[6],1.002985,1.01918,True,-0.98013420651,-1.100592925,-0.980582615,-0.8618604930000001
Centered,22,alpha[7],1.002985,1.01918,True,-1.0022947865225,-1.1198865,-1.0004766,-0.8880889815
Centered,22,alpha[8],1.002985,1.01918,True,-1.0641234451875,-1.262549735,-1.0516672,-0.910376146
Centered,22,alpha[9],1.002985,1.01918,True,-1.0001658342425,-1.126622965,-0.998406605,-0.88325426
Centered,22,alpha[10],1.002985,1.01918,True,-1.0620167839999999,-1.250408745,-1.0529104,-0.9184910685000001
Centered,22,alpha[11],1.002985,1.01918,True,-1.0171321435275,-1.1449563649999999,-1.0136332,-0.9040561435000002
Centered,22,alpha[12],1.002985,1.01918,True,-1.072973186875,-1.263020115,-1.0601972499999999,-0.9231145595000001
Centered,22,alpha[13],1.002985,1.01918,True,-0.926249142425,-1.042666345,-0.9297183149999999,-0.792759961
Centered,22,alpha[14],1.002985,1.01918,True,-1.01638779235,-1.16637335,-1.0102275,-0.882174905
Centered,22,alpha[15],1.002985,1.01918,True,-1.0351189619725,-1.19454945,-1.0285847000000001,-0.899250074
Centered,22,alpha[16],1.002985,1.01918,True,-0.9679600110500001,-1.083372795,-0.9692534349999999,-0.8546429950000001
Centered,22,alpha[17],1.002985,1.01918,True,-0.9123667555700001,-1.030576815,-0.91853129,-0.7723799
Centered,22,alpha[18],1.002985,1.01918,True,-1.0961530226125,-1.326064055,-1.0763847,-0.9320231085
Centered,23,mu,1.002265,1.01104,True,-0.9943958551525,-1.065496305,-0.9927117000000001,-0.9286974425000001
Centered,23,sigma,1.002265,1.01104,True,0.12050096622300001,0.04628665075,0.11683106500000001,0.207713602
Centered,23,alpha[1],1.002265,1.01104,True,-0.7922887303049999,-0.9587772244999999,-0.7930352,-0.6145095355000001
Centered,23,alpha[2],1.002265,1.01104,True,-0.8994944785825001,-1.0228623099999998,-0.902306375,-0.761657037
Centered,23,alpha[3],1.002265,1.01104,True,-0.9570999876274999,-1.078163865,-0.95572005,-0.836133998
Centered,23,alpha[4],1.002265,1.01104,True,-1.0680052897074999,-1.23449394,-1.0609571,-0.9236093470000002
Centered,23,alpha[5],1.002265,1.01104,True,-0.9776874108125001,-1.108542775,-0.97830102,-0.8518419575
Centered,23,alpha[6],1.002265,1.01104,True,-0.982118712905,-1.106717035,-0.981189525,-0.8613022740000001
Centered,23,alpha[7],1.002265,1.01104,True,-1.0046665296975001,-1.12804558,-1.0024066999999999,-0.8913624594999999
Centered,23,alpha[8],1.002265,1.01104,True,-1.0722577383149998,-1.271810505,-1.06050855,-0.9096475450000001
Centered,23,alpha[9],1.002265,1.01104,True,-1.0037914084075001,-1.1257750800000002,-1.00082565,-0.8908766805
Centered,23,alpha[10],1.002265,1.01104,True,-1.0677256004925002,-1.246728525,-1.0587971,-0.922505594
Centered,23,alpha[11],1.002265,1.01104,True,-1.020637689625,-1.145405585,-1.02033115,-0.9019607925
Centered,23,alpha[12],1.002265,1.01104,True,-1.08187028958,-1.2703089799999998,-1.07191005,-0.9250301115
Centered,23,alpha[13],1.002265,1.01104,True,-0.924395548165,-1.0460681699999999,-0.92717195,-0.7938018245
Centered,23,alpha[14],1.002265,1.01104,True,-1.022991273615,-1.17514618,-1.0194435999999998,-0.8821633130000001
Centered,23,alpha[15],1.002265,1.01104,True,-1.0394007992225,-1.1989092700000001,-1.0328705999999999,-0.8995211230000002
Centered,23,alpha[16],1.002265,1.01104,True,-0.9679217667525,-1.092788185,-0.968303295,-0.8410907575000001
Centered,23,alpha[17],1.002265,1.01104,True,-0.906759413685,-1.026241825,-0.909654255,-0.7721296665
Centered,23,alpha[18],1.002265,1.01104,True,-1.1090417075125,-1.3497825899999998,-1.0906828499999999,-0.9280510675000002
Centered,24,mu,1.0082,1.03445,False,-0.9887713143650001,-1.06019687,-0.98703551,-0.92027827
Centered,24,sigma,1.0082,1.03445,False,0.10863549117924999,0.023752494449999998,0.10732886,0.1967214869999999
Centered,24,alpha[1],1.0082,1.03445,False,-0.8070060610450001,-0.96992302,-0.8148116000000001,-0.6200157345
Centered,24,alpha[2],1.0082,1.03445,False,-0.9059707396775,-1.02194133,-0.91482503,-0.7657712890000001
Centered,24,alpha[3],1.0082,1.03445,False,-0.9582743513724999,-1.07285926,-0.958307365,-0.8400722865
Centered,24,alpha[4],1.0082,1.03445,False,-1.055271549995,-1.23192872,-1.04572345,-0.91669388
Centered,24,alpha[5],1.0082,1.03445,False,-0.9740718094124999,-1.1041517,-0.972864405,-0.8543868615000001
Centered,24,alpha[6],1.0082,1.03445,False,-0.9785080901300001,-1.095322865,-0.97683312,-0.865142315
Centered,24,alpha[7],1.0082,1.03445,False,-0.99853877782,-1.118491165,-0.99651827,-0.8926465815
Centered,24,alpha[8],1.0082,1.03445,False,-1.059530208115,-1.25445216,-1.0489933,-0.8918795245000002
Centered,24,alpha[9],1.0082,1.03445,False,-0.9972035325174999,-1.120902585,-0.9938787250000001,-0.8921746245000001
Centered,24,alpha[10],1.0082,1.03445,False,-1.0564129388525,-1.23758742,-1.0445606,-0.913690395
Centered,24,alpha[11],1.0082,1.03445,False,-1.0127286887625,-1.13832764,-1.0081646499999999,-0.9054852885000001
Centered,24,alpha[12],1.0082,1.03445,False,-1.0669011202725,-1.263157875,-1.05457905,-0.9206257
Centered,24,alpha[13],1.0082,1.03445,False,-0.9277324067749999,-1.04089298,-0.928972855,-0.7996567735000001
Centered,24,alpha[14],1.0082,1.03445,False,-1.013090918545,-1.162075305,-1.00639515,-0.88663811
Centered,24,alpha[15],1.0082,1.03445,False,-1.0277981809724999,-1.1854965,-1.01969375,-0.9019703755
Centered,24,alpha[16],1.0082,1.03445,False,-0.9676061430874999,-1.0765786949999998,-0.9668938149999999,-0.8583023410000001
Centered,24,alpha[17],1.0082,1.03445,False,-0.9142302159925,-1.0380880449999998,-0.923339495,-0.7742306050000001
Centered,24,alpha[18],1.0082,1.03445,False,-1.086160208515,-1.3229014,-1.0672168499999999,-0.92204546
Centered,25,mu,1.00117,1.00553,True,-0.9925679503849999,-1.0594900250000001,-0.990879085,-0.9305971425
Centered,25,sigma,1.00117,1.00553,True,0.11814597529337499,0.036285696650000004,0.11560295000000001,0.20596675349999982
Centered,25,alpha[1],1.00117,1.00553,True,-0.7941554906175,-0.96260618,-0.796590635,-0.6154586110000003
Centered,25,alpha[2],1.00117,1.00553,True,-0.900119618125,-1.03012996,-0.906176495,-0.7527506465000001
Centered,25,alpha[3],1.00117,1.00553,True,-0.9580409368325,-1.075786105,-0.9596147749999999,-0.8375090375
Centered,25,alpha[4],1.00117,1.00553,True,-1.0670600351375001,-1.240743945,-1.0587244999999998,-0.925948015
Centered,25,alpha[5],1.00117,1.00553,True,-0.9760302480749999,-1.1027152699999998,-0.976537895,-0.8514969680000003
Centered,25,alpha[6],1.00117,1.00553,True,-0.9810215512449999,-1.106727215,-0.98126045,-0.8548348935000001
Centered,25,alpha[7],1.00117,1.00553,True,-1.0034732764275,-1.12764691,-0.99866597,-0.8892377725
Centered,25,alpha[8],1.00117,1.00553,True,-1.07060215461,-1.269046415,-1.05885555,-0.9161250365
Centered,25,alpha[9],1.00117,1.00553,True,-1.0007182506199999,-1.12368586,-0.998574105,-0.8843132850000001
Centered,25,alpha[10],1.00117,1.00553,True,-1.0640109415649999,-1.24911701,-1.0548908,-0.915261466
Centered,25,alpha[11],1.00117,1.00553,True,-1.0185120125575,-1.14401133,-1.0153898,-0.8992743805
Centered,25,alpha[12],1.00117,1.00553,True,-1.0797276059025,-1.276539345,-1.0678518000000001,-0.9247707845
Centered,25,alpha[13],1.00117,1.00553,True,-0.9230469844500001,-1.046218945,-0.927063015,-0.7878322755
Centered,25,alpha[14],1.00117,1.00553,True,-1.01992453241,-1.170604485,-1.01361075,-0.8900089795
Centered,25,alpha[15],1.00117,1.00553,True,-1.0345763275425,-1.20102898,-1.0269741,-0.8991259965000001
Centered,25,alpha[16],1.00117,1.00553,True,-0.9672052867100001,-1.0863070899999998,-0.966449105,-0.852693628
Centered,25,alpha[17],1.00117,1.00553,True,-0.911002221365,-1.036933655,-0.91673082,-0.7651952485000001
Centered,25,alpha[18],1.00117,1.00553,True,-1.1027664007225,-1.346490265,-1.08346835,-0.9263618229999999
Centered,26,mu,1.01875,1.12481,False,-0.9896377996,-1.05920196,-0.987001475,-0.9314117720000001
Centered,26,sigma,1.01875,1.12481,False,0.1104705767245,0.020096313,0.109226085,0.20290621299999984
Centered,26,alpha[1],1.01875,1.12481,False,-0.8048961773725,-0.963290754,-0.807741645,-0.6207924659999999
Centered,26,alpha[2],1.01875,1.12481,False,-0.902221327645,-1.02470294,-0.9100872849999999,-0.7602212345000001
Centered,26,alpha[3],1.01875,1.12481,False,-0.9570648939675,-1.06755654,-0.959161095,-0.8381035095000001
Centered,26,alpha[4],1.01875,1.12481,False,-1.0592214103725,-1.23132152,-1.0510131500000002,-0.9252197085
Centered,26,alpha[5],1.01875,1.12481,False,-0.9749621967825001,-1.100706525,-0.97159308,-0.8582849285
Centered,26,alpha[6],1.01875,1.12481,False,-0.9792286192149999,-1.10096978,-0.9735453949999999,-0.8591283120000001
Centered,26,alpha[7],1.01875,1.12481,False,-1.0003118488175,-1.120552405,-0.9927431250000001,-0.8975976825
Centered,26,alpha[8],1.01875,1.12481,False,-1.0628567852699997,-1.264282825,-1.0484554,-0.912835026
Centered,26,alpha[9],1.01875,1.12481,False,-0.9967598420075,-1.121900925,-0.98987989,-0.883683367
Centered,26,alpha[10],1.01875,1.12481,False,-1.0575584282150001,-1.24113404,-1.04534435,-0.91490476
Centered,26,alpha[11],1.01875,1.12481,False,-1.0138107093375,-1.1420533849999999,-1.0080429,-0.907198998
Centered,26,alpha[12],1.01875,1.12481,False,-1.0686349817874998,-1.25617787,-1.05752865,-0.92473009
Centered,26,alpha[13],1.01875,1.12481,False,-0.9260523665100001,-1.04209128,-0.93338431,-0.7962868655
Centered,26,alpha[14],1.01875,1.12481,False,-1.015310595575,-1.1703048150000002,-1.0053583000000001,-0.88486864
Centered,26,alpha[15],1.01875,1.12481,False,-1.028334018135,-1.183796415,-1.0216721500000001,-0.9012291060000001
Centered,26,alpha[16],1.01875,1.12481,False,-0.96735148941,-1.079996275,-0.9678566550000001,-0.8568061665000001
Centered,26,alpha[17],1.01875,1.12481,False,-0.9106889876775001,-1.028514145,-0.9178845449999999,-0.7740133140000001
Centered,26,alpha[18],1.01875,1.12481,False,-1.0911922077075,-1.3312852450000001,-1.07271125,-0.919883576
Centered,27,mu,1.00232,1.01406,True,-0.992003516115,-1.0636765449999999,-0.990683855,-0.924370876
Centered,27,sigma,1.00232,1.01406,True,0.11894782273275,0.03969798455,0.114956685,0.20763224849999995
Centered,27,alpha[1],1.00232,1.01406,True,-0.791862321225,-0.9556405299999999,-0.793833,-0.613178945
Centered,27,alpha[2],1.00232,1.01406,True,-0.8976842420075,-1.02392284,-0.90250312,-0.7604083960000002
Centered,27,alpha[3],1.00232,1.01406,True,-0.9555616830424999,-1.072588625,-0.957581775,-0.8326258355
Centered,27,alpha[4],1.00232,1.01406,True,-1.0657398957150002,-1.23416101,-1.056718,-0.9227316380000002
Centered,27,alpha[5],1.00232,1.01406,True,-0.97410810282,-1.102145395,-0.974395175,-0.8492078775
Centered,27,alpha[6],1.00232,1.01406,True,-0.9819176567674999,-1.1114898050000002,-0.980234395,-0.8509779375000001
Centered,27,alpha[7],1.00232,1.01406,True,-1.0047619012125,-1.1277329950000001,-1.002612,-0.8931973495
Centered,27,alpha[8],1.00232,1.01406,True,-1.0694881223950001,-1.2794246249999999,-1.0565267,-0.9091096995000001
Centered,27,alpha[9],1.00232,1.01406,True,-1.001776531115,-1.130136225,-0.999853085,-0.885358611
Centered,27,alpha[10],1.00232,1.01406,True,-1.0662354736875,-1.2595992249999999,-1.05517885,-0.9164137365
Centered,27,alpha[11],1.00232,1.01406,True,-1.018319064015,-1.14960488,-1.0153428,-0.896922968
Centered,27,alpha[12],1.00232,1.01406,True,-1.0817191353150002,-1.27648962,-1.06986235,-0.9237945425
Centered,27,alpha[13],1.00232,1.01406,True,-0.924118045565,-1.044150425,-0.92782651,-0.7885563019999999
Centered,27,alpha[14],1.00232,1.01406,True,-1.0162268216325,-1.16855078,-1.0113786500000002,-0.8792667595
Centered,27,alpha[15],1.00232,1.01406,True,-1.0366898948849999,-1.20461725,-1.02808545,-0.9005645055
Centered,27,alpha[16],1.00232,1.01406,True,-0.9668870639775,-1.0836217799999999,-0.966911555,-0.8495922725000001
Centered,27,alpha[17],1.00232,1.01406,True,-0.9092920826800001,-1.02864472,-0.913586025,-0.7724186875000001
Centered,27,alpha[18],1.00232,1.01406,True,-1.1024620545400001,-1.3546239150000001,-1.0825141500000002,-0.9181750105
Centered,28,mu,1.001455,1.00503,True,-0.9937337161350001,-1.067151215,-0.99156215,-0.9313570675
Centered,28,sigma,1.001455,1.00503,True,0.11824479020725,0.0443730226,0.11523792499999999,0.20266761299999997
Centered,28,alpha[1],1.001455,1.00503,True,-0.7929999652149999,-0.963014566,-0.79617511,-0.6171197385000003
Centered,28,alpha[2],1.001455,1.00503,True,-0.9002724963550001,-1.0300489,-0.90485991,-0.7589907275000001
Centered,28,alpha[3],1.001455,1.00503,True,-0.957314008135,-1.077388855,-0.95887067,-0.832864382
Centered,28,alpha[4],1.001455,1.00503,True,-1.0678522457999997,-1.235237645,-1.05987295,-0.9263127455000001
Centered,28,alpha[5],1.001455,1.00503,True,-0.97777094621,-1.099509195,-0.97738516,-0.8539132695000001
Centered,28,alpha[6],1.001455,1.00503,True,-0.9819609116925,-1.107317635,-0.9823740599999999,-0.856308986
Centered,28,alpha[7],1.001455,1.00503,True,-1.00389728277,-1.1247047099999998,-1.0010272,-0.8914990425000001
Centered,28,alpha[8],1.001455,1.00503,True,-1.071251370215,-1.262798675,-1.0604472,-0.9133962750000001
Centered,28,alpha[9],1.001455,1.00503,True,-1.0033368042575,-1.12664755,-1.0021369500000001,-0.8837323625
Centered,28,alpha[10],1.001455,1.00503,True,-1.0665905883525,-1.24594882,-1.0570864,-0.9208594995
Centered,28,alpha[11],1.001455,1.00503,True,-1.0217224161275,-1.1442019250000002,-1.0200386,-0.904732021
Centered,28,alpha[12],1.001455,1.00503,True,-1.0781103625725,-1.2622723900000001,-1.0675332499999999,-0.92562009
Centered,28,alpha[13],1.001455,1.00503,True,-0.9245035249150001,-1.0511467300000001,-0.9271437849999999,-0.787812095
Centered,28,alpha[14],1.001455,1.00503,True,-1.0187389042375001,-1.167333165,-1.0140121500000001,-0.8814290445000001
Centered,28,alpha[15],1.001455,1.00503,True,-1.0370572870850001,-1.1950418900000002,-1.03067945,-0.8972819830000001
Centered,28,alpha[16],1.001455,1.00503,True,-0.9702307843625,-1.0866647,-0.9717045200000001,-0.8546751345000001
Centered,28,alpha[17],1.001455,1.00503,True,-0.910342119625,-1.0373570799999998,-0.91463888,-0.7709052085
Centered,28,alpha[18],1.001455,1.00503,True,-1.10230955349,-1.32962558,-1.0865798,-0.9276369069999999
Centered,29,mu,1.00196,1.01218,True,-0.9935944821025,-1.0635887199999998,-0.991982465,-0.929357427
Centered,29,sigma,1.00196,1.01218,True,0.1178859618285,0.040697794950000005,0.115161055,0.20310924349999995
Centered,29,alpha[1],1.00196,1.01218,True,-0.7950045550875,-0.9610459044999999,-0.79903692,-0.6225454835
Centered,29,alpha[2],1.00196,1.01218,True,-0.90095316277,-1.02621062,-0.907371845,-0.7557166820000001
Centered,29,alpha[3],1.00196,1.01218,True,-0.9588547699850001,-1.0805513549999999,-0.960180635,-0.8314463755
Centered,29,alpha[4],1.00196,1.01218,True,-1.0673804523725001,-1.229799555,-1.0593021999999999,-0.9266584375000001
Centered,29,alpha[5],1.00196,1.01218,True,-0.97477097985,-1.1024311249999998,-0.97513092,-0.8486332235
Centered,29,alpha[6],1.00196,1.01218,True,-0.9834152974275,-1.1051922250000001,-0.9820669200000001,-0.8640551760000001
Centered,29,alpha[7],1.00196,1.01218,True,-1.0046399820475,-1.1257123949999999,-1.0028381,-0.889118547
Centered,29,alpha[8],1.00196,1.01218,True,-1.0686641122975,-1.2619779249999998,-1.0580409,-0.9113378525000002
Centered,29,alpha[9],1.00196,1.01218,True,-1.0030007485374999,-1.13003825,-1.00047395,-0.8874019415
Centered,29,alpha[10],1.00196,1.01218,True,-1.0664260745849998,-1.244012655,-1.0574137000000001,-0.9202667170000001
Centered,29,alpha[11],1.00196,1.01218,True,-1.0210235816575,-1.14854345,-1.01734445,-0.9079295765000001
Centered,29,alpha[12],1.00196,1.01218,True,-1.0793180317775,-1.26349716,-1.06863175,-0.9264331785000001
Centered,29,alpha[13],1.00196,1.01218,True,-0.9264934361675,-1.049455555,-0.92942758,-0.7930244435000001
Centered,29,alpha[14],1.00196,1.01218,True,-1.0209247220675,-1.172025855,-1.0169779499999998,-0.8840322420000001
Centered,29,alpha[15],1.00196,1.01218,True,-1.03642543308,-1.190897735,-1.0304054,-0.896757488
Centered,29,alpha[16],1.00196,1.01218,True,-0.968645789755,-1.0875145149999998,-0.969008085,-0.8497736865000001
Centered,29,alpha[17],1.00196,1.01218,True,-0.9097139805025001,-1.03680079,-0.9158845849999999,-0.7648501280000002
Centered,29,alpha[18],1.00196,1.01218,True,-1.0998043899874999,-1.32981372,-1.0805943999999998,-0.9286691700000002
Centered,30,mu,1.003275,1.0229,True,-0.9908206436225,-1.062591215,-0.9892863000000001,-0.927376348
Centered,30,sigma,1.003275,1.0229,True,0.11266444849525001,0.03129797,0.10967906999999999,0.19954847249999996
Centered,30,alpha[1],1.003275,1.0229,True,-0.801098472275,-0.96058443,-0.805716255,-0.6197876915000001
Centered,30,alpha[2],1.003275,1.0229,True,-0.902823628215,-1.0238708,-0.90877875,-0.7631986300000001
Centered,30,alpha[3],1.003275,1.0229,True,-0.9580194828799999,-1.0711026750000001,-0.960368825,-0.839203153
Centered,30,alpha[4],1.003275,1.0229,True,-1.0608953143775002,-1.22171316,-1.0520013000000001,-0.9266718235
Centered,30,alpha[5],1.003275,1.0229,True,-0.9745892478574999,-1.0983874550000001,-0.9729511799999999,-0.8538531485
Centered,30,alpha[6],1.003275,1.0229,True,-0.9807521525249999,-1.103928805,-0.97938749,-0.85743075
Centered,30,alpha[7],1.003275,1.0229,True,-1.0017130761125,-1.119127375,-0.99998179,-0.8921319950000001
Centered,30,alpha[8],1.003275,1.0229,True,-1.0645286286675,-1.2583618349999999,-1.05238715,-0.91170319
Centered,30,alpha[9],1.003275,1.0229,True,-0.9998302411050001,-1.12175948,-0.9966551450000001,-0.888109523
Centered,30,alpha[10],1.003275,1.0229,True,-1.0606207366899998,-1.24151783,-1.0497786,-0.9168197525
Centered,30,alpha[11],1.003275,1.0229,True,-1.016947442785,-1.14580113,-1.0123495500000002,-0.903005778
Centered,30,alpha[12],1.003275,1.0229,True,-1.0722737060049998,-1.2500365949999999,-1.06335405,-0.92468854
Centered,30,alpha[13],1.003275,1.0229,True,-0.92699760717,-1.0445802,-0.931908325,-0.7943058580000002
Centered,30,alpha[14],1.003275,1.0229,True,-1.017796498355,-1.16973888,-1.0100711,-0.8888041565
Centered,30,alpha[15],1.003275,1.0229,True,-1.03170400824,-1.192510185,-1.0256268999999998,-0.8992631680000001
Centered,30,alpha[16],1.003275,1.0229,True,-0.96796357838,-1.08373167,-0.96846321,-0.8522070235
Centered,30,alpha[17],1.003275,1.0229,True,-0.91243937447,-1.035261545,-0.9185046800000001,-0.770569103
Centered,30,alpha[18],1.003275,1.0229,True,-1.0940093231549999,-1.32486262,-1.0771878,-0.9235289095000001
Centered,31,mu,1.0053450000000002,1.0268,True,-0.9913130367875,-1.063022,-0.988513125,-0.92757485
Centered,31,sigma,1.0053450000000002,1.0268,True,0.115904709107,0.037807668,0.112042085,0.20038606299999995
Centered,31,alpha[1],1.0053450000000002,1.0268,True,-0.79885117508,-0.9647306904999999,-0.802638025,-0.6152564405000001
Centered,31,alpha[2],1.0053450000000002,1.0268,True,-0.8997861779224999,-1.0236026249999999,-0.90679484,-0.7624836610000002
Centered,31,alpha[3],1.0053450000000002,1.0268,True,-0.9573213505850001,-1.068123795,-0.9598038,-0.839654346
Centered,31,alpha[4],1.0053450000000002,1.0268,True,-1.0627761488399998,-1.2310942950000001,-1.0553572,-0.9262904725
Centered,31,alpha[5],1.0053450000000002,1.0268,True,-0.976022209,-1.10536859,-0.9765388150000001,-0.8447947485
Centered,31,alpha[6],1.0053450000000002,1.0268,True,-0.981521979535,-1.1092098400000001,-0.98061456,-0.860523513
Centered,31,alpha[7],1.0053450000000002,1.0268,True,-1.00147507205,-1.11807533,-0.998708725,-0.8939728885000001
Centered,31,alpha[8],1.0053450000000002,1.0268,True,-1.0663051535949999,-1.26765748,-1.0508372499999998,-0.91052264
Centered,31,alpha[9],1.0053450000000002,1.0268,True,-1.001637322415,-1.12171343,-0.9997923099999999,-0.8877167165000001
Centered,31,alpha[10],1.0053450000000002,1.0268,True,-1.062002084025,-1.247475295,-1.0530244500000001,-0.912985546
Centered,31,alpha[11],1.0053450000000002,1.0268,True,-1.0175096609525,-1.141563465,-1.01498965,-0.902159661
Centered,31,alpha[12],1.0053450000000002,1.0268,True,-1.0758703782799999,-1.25739631,-1.0648465,-0.9321907635000001
Centered,31,alpha[13],1.0053450000000002,1.0268,True,-0.9250224630175,-1.043631035,-0.9311573449999999,-0.791254177
Centered,31,alpha[14],1.0053450000000002,1.0268,True,-1.0184682567525,-1.168960335,-1.0116643,-0.886173937
Centered,31,alpha[15],1.0053450000000002,1.0268,True,-1.0341050178300002,-1.18906586,-1.0262156,-0.9006955480000001
Centered,31,alpha[16],1.0053450000000002,1.0268,True,-0.9701050486199999,-1.08589065,-0.97110721,-0.850460309
Centered,31,alpha[17],1.0053450000000002,1.0268,True,-0.9106342393550001,-1.039721555,-0.915662385,-0.765474898
Centered,31,alpha[18],1.0053450000000002,1.0268,True,-1.0974529453925002,-1.336886415,-1.0801547500000002,-0.9241361115000001
Centered,32,mu,1.0013100000000001,1.00771,True,-0.99519315192,-1.06175411,-0.9944204050000001,-0.9316345524999999
Centered,32,sigma,1.0013100000000001,1.00771,True,0.11992642705774999,0.0491343894,0.11593708,0.2020773115
Centered,32,alpha[1],1.0013100000000001,1.00771,True,-0.7909350542775,-0.95440162,-0.7952122500000001,-0.6141207220000001
Centered,32,alpha[2],1.0013100000000001,1.00771,True,-0.8997952343225001,-1.03083364,-0.90568041,-0.753795124
Centered,32,alpha[3],1.0013100000000001,1.00771,True,-0.9571936067224999,-1.078676675,-0.957740905,-0.8317780035
Centered,32,alpha[4],1.0013100000000001,1.00771,True,-1.0689317249124999,-1.2287179899999998,-1.0641524,-0.9310218765000001
Centered,32,alpha[5],1.0013100000000001,1.00771,True,-0.9773735217525,-1.1079242999999999,-0.978337055,-0.8454824295
Centered,32,alpha[6],1.0013100000000001,1.00771,True,-0.984102486,-1.1086434550000002,-0.9838480000000001,-0.859896222
Centered,32,alpha[7],1.0013100000000001,1.00771,True,-1.0067160620425,-1.1271248299999999,-1.0049361,-0.8928504870000001
Centered,32,alpha[8],1.0013100000000001,1.00771,True,-1.07427839092,-1.27268749,-1.0633965,-0.9141598115
Centered,32,alpha[9],1.0013100000000001,1.00771,True,-1.0042128435275,-1.1318648,-1.0027805,-0.8825759500000001
Centered,32,alpha[10],1.0013100000000001,1.00771,True,-1.0718987284125001,-1.24967345,-1.0630893000000001,-0.92120373
Centered,32,alpha[11],1.0013100000000001,1.00771,True,-1.02487769823,-1.14626914,-1.0246960999999999,-0.9075489575
Centered,32,alpha[12],1.0013100000000001,1.00771,True,-1.0830507868350001,-1.27122913,-1.0729612,-0.9261293865
Centered,32,alpha[13],1.0013100000000001,1.00771,True,-0.925758646035,-1.0516124999999998,-0.92791157,-0.7911713705000001
Centered,32,alpha[14],1.0013100000000001,1.00771,True,-1.0238173929475,-1.17458659,-1.0199197500000001,-0.8899787215
Centered,32,alpha[15],1.0013100000000001,1.00771,True,-1.03777945093,-1.1933485549999998,-1.03438335,-0.8941134025
Centered,32,alpha[16],1.0013100000000001,1.00771,True,-0.9701719127075,-1.086096115,-0.9710353,-0.8541009280000001
Centered,32,alpha[17],1.0013100000000001,1.00771,True,-0.9087179208625,-1.036291915,-0.91333167,-0.7685355235000001
Centered,32,alpha[18],1.0013100000000001,1.00771,True,-1.1058899683025,-1.33429452,-1.0920698500000001,-0.9280464930000001
Centered,33,mu,1.00129,1.00596,True,-0.9944097259349999,-1.065128005,-0.99344883,-0.9280967285
Centered,33,sigma,1.00129,1.00596,True,0.12101868624499999,0.046661165000000004,0.117024405,0.2081078504999999
Centered,33,alpha[1],1.00129,1.00596,True,-0.789756211185,-0.950362193,-0.7940782200000001,-0.6138344620000001
Centered,33,alpha[2],1.00129,1.00596,True,-0.8987391291300001,-1.024040745,-0.9026270350000001,-0.7602188310000001
Centered,33,alpha[3],1.00129,1.00596,True,-0.9571261788100001,-1.079995305,-0.958766615,-0.837428183
Centered,33,alpha[4],1.00129,1.00596,True,-1.0683728396725,-1.244094405,-1.058941,-0.9197650375
Centered,33,alpha[5],1.00129,1.00596,True,-0.9761335701500001,-1.1054856,-0.97716506,-0.848741473
Centered,33,alpha[6],1.00129,1.00596,True,-0.9828553287899999,-1.109412375,-0.98346493,-0.857405222
Centered,33,alpha[7],1.00129,1.00596,True,-1.006103966555,-1.122885225,-1.00365335,-0.8887394355
Centered,33,alpha[8],1.00129,1.00596,True,-1.0736040735675,-1.27541446,-1.0617666,-0.9117113200000001
Centered,33,alpha[9],1.00129,1.00596,True,-1.002821059625,-1.12542133,-0.99915552,-0.8876474280000001
Centered,33,alpha[10],1.00129,1.00596,True,-1.07060764536,-1.245361165,-1.0622557000000001,-0.92055103
Centered,33,alpha[11],1.00129,1.00596,True,-1.020476204015,-1.145707435,-1.01785865,-0.904788408
Centered,33,alpha[12],1.00129,1.00596,True,-1.0839714108025,-1.282614535,-1.0716717,-0.9247697555000001
Centered,33,alpha[13],1.00129,1.00596,True,-0.9250117472575,-1.0482554849999999,-0.92984166,-0.7901149835
Centered,33,alpha[14],1.00129,1.00596,True,-1.0215481103575,-1.175522605,-1.01691655,-0.8861227150000001
Centered,33,alpha[15],1.00129,1.00596,True,-1.0373078708575,-1.198405765,-1.02976215,-0.8968245780000001
Centered,33,alpha[16],1.00129,1.00596,True,-0.96936810779,-1.087883435,-0.970388195,-0.8527380600000001
Centered,33,alpha[17],1.00129,1.00596,True,-0.9093696199650001,-1.0369249249999999,-0.9131978949999999,-0.7702509925000001
Centered,33,alpha[18],1.00129,1.00596,True,-1.1067894789100001,-1.3529477,-1.0919911,-0.9208552910000001
Centered,34,mu,1.00103,1.00535,True,-0.9947662257675,-1.063636765,-0.992608065,-0.9294673960000001
Centered,34,sigma,1.00103,1.00535,True,0.11917233365000002,0.04856492835,0.1147286,0.203144702
Centered,34,alpha[1],1.00103,1.00535,True,-0.7934632587875001,-0.9557886595,-0.79983141,-0.6115669835
Centered,34,alpha[2],1.00103,1.00535,True,-0.8997995867975,-1.02796674,-0.9045666649999999,-0.7557367125000001
Centered,34,alpha[3],1.00103,1.00535,True,-0.9567545042775,-1.08062971,-0.95742114,-0.8339590680000001
Centered,34,alpha[4],1.00103,1.00535,True,-1.068825019715,-1.2380473,-1.0619549,-0.9232894915000001
Centered,34,alpha[5],1.00103,1.00535,True,-0.9775708924575001,-1.103679,-0.97722796,-0.8486374
Centered,34,alpha[6],1.00103,1.00535,True,-0.9841691812925001,-1.10891167,-0.98184705,-0.8650350995
Centered,34,alpha[7],1.00103,1.00535,True,-1.00524183935,-1.120941675,-1.00350885,-0.8958800745
Centered,34,alpha[8],1.00103,1.00535,True,-1.0726368516850002,-1.2737456,-1.06195315,-0.907245221
Centered,34,alpha[9],1.00103,1.00535,True,-1.0047016228225,-1.1307455100000001,-1.0023886499999999,-0.8861336615000002
Centered,34,alpha[10],1.00103,1.00535,True,-1.069054877105,-1.2461886,-1.0605346,-0.9213153450000002
Centered,34,alpha[11],1.00103,1.00535,True,-1.0223187650475,-1.15082571,-1.02005715,-0.903326719
Centered,34,alpha[12],1.00103,1.00535,True,-1.082540278765,-1.272620165,-1.07216055,-0.9263345340000001
Centered,34,alpha[13],1.00103,1.00535,True,-0.9243681766425,-1.05131658,-0.927295875,-0.7929783605000003
Centered,34,alpha[14],1.00103,1.00535,True,-1.0221491507075,-1.17624634,-1.0164836,-0.879859166
Centered,34,alpha[15],1.00103,1.00535,True,-1.0380673804574998,-1.1908570500000002,-1.03248985,-0.901518145
Centered,34,alpha[16],1.00103,1.00535,True,-0.9690216774624999,-1.0865502200000001,-0.969880875,-0.847973603
Centered,34,alpha[17],1.00103,1.00535,True,-0.9099551266574999,-1.037888935,-0.91577949,-0.7675551495
Centered,34,alpha[18],1.00103,1.00535,True,-1.1049466517249997,-1.33600865,-1.0904843,-0.923884067
Centered,35,mu,1.00067,1.00298,True,-0.9950336712375,-1.06375857,-0.993803735,-0.9309249825
Centered,35,sigma,1.00067,1.00298,True,0.12170867272800001,0.05024103275,0.116800985,0.2061337985
Centered,35,alpha[1],1.00067,1.00298,True,-0.7885166055224999,-0.957902641,-0.79158643,-0.613376636
Centered,35,alpha[2],1.00067,1.00298,True,-0.8971382875224999,-1.02363108,-0.899183075,-0.754178977
Centered,35,alpha[3],1.00067,1.00298,True,-0.9582186464250001,-1.077233535,-0.959718365,-0.8340236965000001
Centered,35,alpha[4],1.00067,1.00298,True,-1.0703669749375,-1.2424438,-1.06190855,-0.9229645015000001
Centered,35,alpha[5],1.00067,1.00298,True,-0.978358011215,-1.107472035,-0.978459965,-0.8513892140000001
Centered,35,alpha[6],1.00067,1.00298,True,-0.9838696555650001,-1.11291022,-0.9834946,-0.854433285
Centered,35,alpha[7],1.00067,1.00298,True,-1.0066683905375,-1.127920005,-1.00608335,-0.8891898610000001
Centered,35,alpha[8],1.00067,1.00298,True,-1.07679339554,-1.27872146,-1.06474685,-0.9159418735
Centered,35,alpha[9],1.00067,1.00298,True,-1.00586362349,-1.12969915,-1.00459115,-0.8884529650000001
Centered,35,alpha[10],1.00067,1.00298,True,-1.0716524558375,-1.25674928,-1.0617618,-0.9181284610000002
Centered,35,alpha[11],1.00067,1.00298,True,-1.02165477371,-1.14753074,-1.02078785,-0.902683857
Centered,35,alpha[12],1.00067,1.00298,True,-1.0844332204625,-1.2720763899999998,-1.0759032,-0.9287825410000001
Centered,35,alpha[13],1.00067,1.00298,True,-0.9234441612975001,-1.05253363,-0.92694889,-0.7840386745000001
Centered,35,alpha[14],1.00067,1.00298,True,-1.0226603552425,-1.169468065,-1.0186286,-0.8879143490000001
Centered,35,alpha[15],1.00067,1.00298,True,-1.0373159293849998,-1.192482195,-1.03162775,-0.901277663
Centered,35,alpha[16],1.00067,1.00298,True,-0.96735878919,-1.0867846349999999,-0.96813862,-0.8413185275000001
Centered,35,alpha[17],1.00067,1.00298,True,-0.908468113165,-1.03527518,-0.9142510150000001,-0.766958482
Centered,35,alpha[18],1.00067,1.00298,True,-1.1100893343399998,-1.346536475,-1.09309225,-0.927586554
Centered,36,mu,1.002755,1.0105,True,-0.99375495989,-1.0654992049999998,-0.99217161,-0.9307205785
Centered,36,sigma,1.002755,1.0105,True,0.11807808849849999,0.03855884385,0.11529299000000001,0.20912540899999998
Centered,36,alpha[1],1.002755,1.0105,True,-0.7972404841175,-0.962772195,-0.799493155,-0.6158978315000001
Centered,36,alpha[2],1.002755,1.0105,True,-0.9015851876525001,-1.025597245,-0.906271245,-0.7580361740000001
Centered,36,alpha[3],1.002755,1.0105,True,-0.9569399971825001,-1.07398404,-0.95830828,-0.8348367345000001
Centered,36,alpha[4],1.002755,1.0105,True,-1.06575434233,-1.2326842550000001,-1.0572667999999998,-0.9300766220000001
Centered,36,alpha[5],1.002755,1.0105,True,-0.9761164794799999,-1.1033205449999999,-0.975402655,-0.8510747115
Centered,36,alpha[6],1.002755,1.0105,True,-0.9817649880375,-1.10320125,-0.98194213,-0.864697203
Centered,36,alpha[7],1.002755,1.0105,True,-1.0036820881075,-1.12573677,-1.0004658000000002,-0.88890932
Centered,36,alpha[8],1.002755,1.0105,True,-1.0675490678200001,-1.26032766,-1.0543725,-0.9127257855
Centered,36,alpha[9],1.002755,1.0105,True,-1.004142533535,-1.1310034,-1.00178065,-0.8844508675
Centered,36,alpha[10],1.002755,1.0105,True,-1.0657500821725,-1.25023269,-1.05390665,-0.9189243015
Centered,36,alpha[11],1.002755,1.0105,True,-1.019082739565,-1.13576295,-1.0177614,-0.9071481575
Centered,36,alpha[12],1.002755,1.0105,True,-1.079667248465,-1.273852265,-1.0675010500000002,-0.9292590185
Centered,36,alpha[13],1.002755,1.0105,True,-0.926753814525,-1.04923149,-0.930502755,-0.7942251955
Centered,36,alpha[14],1.002755,1.0105,True,-1.0203131334,-1.17249735,-1.0141332,-0.880493339
Centered,36,alpha[15],1.002755,1.0105,True,-1.0329318666224998,-1.1883279500000001,-1.025682,-0.8950502260000001
Centered,36,alpha[16],1.002755,1.0105,True,-0.9689241106125001,-1.08464827,-0.969448115,-0.849752919
Centered,36,alpha[17],1.002755,1.0105,True,-0.90995486286,-1.030732035,-0.9162053649999999,-0.7725338820000003
Centered,36,alpha[18],1.002755,1.0105,True,-1.10253106353,-1.341823185,-1.0837632,-0.9197121705000001
Centered,37,mu,1.0017800000000001,1.01066,True,-0.99411275297,-1.063591365,-0.992028645,-0.9302588435000001
Centered,37,sigma,1.0017800000000001,1.01066,True,0.11882925766649999,0.0447070633,0.114958355,0.20721605899999995
Centered,37,alpha[1],1.0017800000000001,1.01066,True,-0.792991871985,-0.956064466,-0.798048965,-0.6092658550000002
Centered,37,alpha[2],1.0017800000000001,1.01066,True,-0.9017414540224999,-1.028149365,-0.9059058449999999,-0.756829178
Centered,37,alpha[3],1.0017800000000001,1.01066,True,-0.959259378675,-1.076081995,-0.9604966749999999,-0.83734408
Centered,37,alpha[4],1.0017800000000001,1.01066,True,-1.0665254765475,-1.237100215,-1.05914085,-0.9282766955
Centered,37,alpha[5],1.0017800000000001,1.01066,True,-0.977085241395,-1.10404521,-0.9755867899999999,-0.852582563
Centered,37,alpha[6],1.0017800000000001,1.01066,True,-0.9842736034925,-1.108712285,-0.984033795,-0.85827306
Centered,37,alpha[7],1.0017800000000001,1.01066,True,-1.0062488968924999,-1.12669507,-1.0044429,-0.8905985005
Centered,37,alpha[8],1.0017800000000001,1.01066,True,-1.0725556959475,-1.263475645,-1.06116705,-0.912931927
Centered,37,alpha[9],1.0017800000000001,1.01066,True,-1.0039811169175001,-1.13253598,-1.00127255,-0.878458673
Centered,37,alpha[10],1.0017800000000001,1.01066,True,-1.0673380239325,-1.252272655,-1.0575639,-0.916636332
Centered,37,alpha[11],1.0017800000000001,1.01066,True,-1.019677992315,-1.150464695,-1.0161754,-0.8987371465
Centered,37,alpha[12],1.0017800000000001,1.01066,True,-1.0822065579999998,-1.269087615,-1.0715673,-0.9311823365000002
Centered,37,alpha[13],1.0017800000000001,1.01066,True,-0.9259373310275,-1.04328988,-0.9306622250000001,-0.7904976095
Centered,37,alpha[14],1.0017800000000001,1.01066,True,-1.02272634572,-1.16726671,-1.0195009499999999,-0.887633506
Centered,37,alpha[15],1.0017800000000001,1.01066,True,-1.0353986375349997,-1.184398335,-1.0288853,-0.902759676
Centered,37,alpha[16],1.0017800000000001,1.01066,True,-0.9676910689075,-1.08401301,-0.969914755,-0.8454003295
Centered,37,alpha[17],1.0017800000000001,1.01066,True,-0.9096892117050001,-1.03867573,-0.9151383550000001,-0.7650053595
Centered,37,alpha[18],1.0017800000000001,1.01066,True,-1.10316697147,-1.33771436,-1.0854374,-0.9282057775
Centered,38,mu,1.00136,1.00737,True,-0.99308913857,-1.066572585,-0.9909600700000001,-0.9265077305
Centered,38,sigma,1.00136,1.00737,True,0.12015707828275,0.046855695200000005,0.11604281,0.20867585849999995
Centered,38,alpha[1],1.00136,1.00737,True,-0.788077794385,-0.950328474,-0.79231027,-0.6053892380000001
Centered,38,alpha[2],1.00136,1.00737,True,-0.8961751347850001,-1.020091255,-0.9007265950000001,-0.757111082
Centered,38,alpha[3],1.00136,1.00737,True,-0.9560899814249999,-1.077523515,-0.9571557150000001,-0.8362003555
Centered,38,alpha[4],1.00136,1.00737,True,-1.0667481425575,-1.22754919,-1.06033745,-0.9260546015
Centered,38,alpha[5],1.00136,1.00737,True,-0.9763120098325001,-1.10102298,-0.97419663,-0.850697852
Centered,38,alpha[6],1.00136,1.00737,True,-0.98156681239,-1.10752022,-0.9817107,-0.8577443265
Centered,38,alpha[7],1.00136,1.00737,True,-1.005397185075,-1.132771675,-1.0033153499999998,-0.8875368105
Centered,38,alpha[8],1.00136,1.00737,True,-1.0716704266775001,-1.2700442299999999,-1.0634416,-0.906267158
Centered,38,alpha[9],1.00136,1.00737,True,-1.00263967734,-1.1275889399999999,-1.00003621,-0.8867977055
Centered,38,alpha[10],1.00136,1.00737,True,-1.0665004468175001,-1.251516645,-1.0596893,-0.9062389005
Centered,38,alpha[11],1.00136,1.00737,True,-1.0207296516650002,-1.146858975,-1.01850675,-0.9029864535000001
Centered,38,alpha[12],1.00136,1.00737,True,-1.0809380488474998,-1.27746581,-1.0703816,-0.9223563485
Centered,38,alpha[13],1.00136,1.00737,True,-0.9235619472700001,-1.0433890650000002,-0.926439275,-0.7991080705000001
Centered,38,alpha[14],1.00136,1.00737,True,-1.0221707418650001,-1.174040155,-1.01729775,-0.8840600745
Centered,38,alpha[15],1.00136,1.00737,True,-1.0344989440125,-1.192906625,-1.02829955,-0.8982304715000001
Centered,38,alpha[16],1.00136,1.00737,True,-0.968679931415,-1.089470315,-0.9683267,-0.8483793265
Centered,38,alpha[17],1.00136,1.00737,True,-0.9084085639975,-1.036997945,-0.912608475,-0.7653185775000001
Centered,38,alpha[18],1.00136,1.00737,True,-1.1043032811075,-1.33815398,-1.0886360499999999,-0.9228227090000001
Centered,39,mu,1.0018500000000001,1.00997,True,-0.99389011753,-1.06407619,-0.991652515,-0.9264840510000001
Centered,39,sigma,1.0018500000000001,1.00997,True,0.12067291691425,0.0479257846,0.11601288,0.20680027899999998
Centered,39,alpha[1],1.0018500000000001,1.00997,True,-0.79068058236,-0.9549318205,-0.79461413,-0.6143915825
Centered,39,alpha[2],1.0018500000000001,1.00997,True,-0.8991183511025,-1.02628209,-0.90290994,-0.759112907
Centered,39,alpha[3],1.0018500000000001,1.00997,True,-0.9576826469449999,-1.0726005650000001,-0.958667755,-0.837190232
Centered,39,alpha[4],1.0018500000000001,1.00997,True,-1.0671226336700002,-1.23848867,-1.0596933499999999,-0.9217648380000001
Centered,39,alpha[5],1.0018500000000001,1.00997,True,-0.9759782322599999,-1.10049694,-0.97684516,-0.8484254375
Centered,39,alpha[6],1.0018500000000001,1.00997,True,-0.982485392815,-1.10465518,-0.981458705,-0.8631479790000001
Centered,39,alpha[7],1.0018500000000001,1.00997,True,-1.005842837805,-1.130610505,-1.00266805,-0.8866502665
Centered,39,alpha[8],1.0018500000000001,1.00997,True,-1.0722868815250002,-1.2679522799999998,-1.0612323,-0.9137770475000001
Centered,39,alpha[9],1.0018500000000001,1.00997,True,-1.0036681377999999,-1.12970818,-1.0028196500000002,-0.881785375
Centered,39,alpha[10],1.0018500000000001,1.00997,True,-1.06663270947,-1.248294065,-1.0565981,-0.9188088785000003
Centered,39,alpha[11],1.0018500000000001,1.00997,True,-1.02137993343,-1.14740322,-1.01974295,-0.9033904725
Centered,39,alpha[12],1.0018500000000001,1.00997,True,-1.0810560069675,-1.27470185,-1.0701007,-0.9270048685000002
Centered,39,alpha[13],1.0018500000000001,1.00997,True,-0.9231091334125,-1.0447444399999999,-0.926758835,-0.7909813450000003
Centered,39,alpha[14],1.0018500000000001,1.00997,True,-1.021232926065,-1.171972425,-1.01580835,-0.8872336940000001
Centered,39,alpha[15],1.0018500000000001,1.00997,True,-1.035176983355,-1.18781918,-1.0309688000000001,-0.8960490795
Centered,39,alpha[16],1.0018500000000001,1.00997,True,-0.9694950577874999,-1.088984905,-0.96862042,-0.8538322060000001
Centered,39,alpha[17],1.0018500000000001,1.00997,True,-0.9074249822674999,-1.0392170399999998,-0.9099963499999999,-0.7639887535000002
Centered,39,alpha[18],1.0018500000000001,1.00997,True,-1.10318902765,-1.339774595,-1.0857285499999998,-0.9295816405
Centered,40,mu,1.001135,1.00674,True,-0.9931325311625001,-1.063466235,-0.99078669,-0.9295518665000001
Centered,40,sigma,1.001135,1.00674,True,0.11834510408675,0.0479117459,0.11416809,0.2015125445
Centered,40,alpha[1],1.001135,1.00674,True,-0.7913483251475,-0.9512079314999999,-0.795496805,-0.6160215665000001
Centered,40,alpha[2],1.001135,1.00674,True,-0.9003481247024999,-1.026444045,-0.90643666,-0.7529357315
Centered,40,alpha[3],1.001135,1.00674,True,-0.9579152176950001,-1.078844235,-0.95890864,-0.8333203745
Centered,40,alpha[4],1.001135,1.00674,True,-1.0667678378425,-1.2261552699999998,-1.0596094,-0.92835648
Centered,40,alpha[5],1.001135,1.00674,True,-0.9758830826574999,-1.104371555,-0.97624478,-0.843641301
Centered,40,alpha[6],1.001135,1.00674,True,-0.9814740690574999,-1.106460505,-0.98096629,-0.8560701230000001
Centered,40,alpha[7],1.001135,1.00674,True,-1.0031679310875,-1.124335045,-1.0007508999999999,-0.8879591735000001
Centered,40,alpha[8],1.001135,1.00674,True,-1.070243493685,-1.258099915,-1.06226785,-0.9094255475
Centered,40,alpha[9],1.001135,1.00674,True,-1.001719332565,-1.1237042449999999,-0.99966392,-0.8848214845000001
Centered,40,alpha[10],1.001135,1.00674,True,-1.0674132210825,-1.2519251500000002,-1.05893175,-0.9135807590000001
Centered,40,alpha[11],1.001135,1.00674,True,-1.0195934851925001,-1.14583408,-1.0180562499999999,-0.8984393645000001
Centered,40,alpha[12],1.001135,1.00674,True,-1.0797496849675,-1.258416905,-1.0695470500000002,-0.9277507885000001
Centered,40,alpha[13],1.001135,1.00674,True,-0.9240528135224999,-1.048677085,-0.927278745,-0.7876924000000001
Centered,40,alpha[14],1.001135,1.00674,True,-1.0210386061475,-1.178083435,-1.01555645,-0.8851425975
Centered,40,alpha[15],1.001135,1.00674,True,-1.036502145885,-1.18803017,-1.03004465,-0.8990136915000001
Centered,40,alpha[16],1.001135,1.00674,True,-0.9678547453075,-1.082129815,-0.968550195,-0.8524780025
Centered,40,alpha[17],1.001135,1.00674,True,-0.9107389885025,-1.03248227,-0.91504737,-0.769097059
Centered,40,alpha[18],1.001135,1.00674,True,-1.1008868525600002,-1.33530689,-1.0845832,-0.918691346
Centered,41,mu,1.00227,1.01548,True,-0.9948073993200001,-1.06565868,-0.9938769700000001,-0.9267118160000001
Centered,41,sigma,1.00227,1.01548,True,0.11827905697175,0.04159204835,0.115699425,0.2058851605
Centered,41,alpha[1],1.00227,1.01548,True,-0.7963944053,-0.9676179375,-0.7979595049999999,-0.617244517
Centered,41,alpha[2],1.00227,1.01548,True,-0.9019196394525001,-1.0220866,-0.9055956199999999,-0.7600874205000001
Centered,41,alpha[3],1.00227,1.01548,True,-0.9581108130525,-1.073419125,-0.960607175,-0.8328674130000001
Centered,41,alpha[4],1.00227,1.01548,True,-1.0703151012824998,-1.237642515,-1.0598121,-0.9300801825
Centered,41,alpha[5],1.00227,1.01548,True,-0.977328702025,-1.101226295,-0.978926205,-0.847307507
Centered,41,alpha[6],1.00227,1.01548,True,-0.9833211570325,-1.109529205,-0.98478385,-0.8550084225
Centered,41,alpha[7],1.00227,1.01548,True,-1.0043921835525,-1.125350125,-1.00324,-0.8885621975
Centered,41,alpha[8],1.00227,1.01548,True,-1.0703334581975,-1.27188085,-1.05559475,-0.9105660430000001
Centered,41,alpha[9],1.00227,1.01548,True,-1.0048357069575,-1.127784315,-1.0015268499999999,-0.889872988
Centered,41,alpha[10],1.00227,1.01548,True,-1.067632792655,-1.248833805,-1.0554926999999998,-0.917881846
Centered,41,alpha[11],1.00227,1.01548,True,-1.0220493935625,-1.14454656,-1.0215054000000001,-0.904200919
Centered,41,alpha[12],1.00227,1.01548,True,-1.0800923816675,-1.27118917,-1.0698547999999999,-0.9270379015000001
Centered,41,alpha[13],1.00227,1.01548,True,-0.928039197825,-1.048816425,-0.932666735,-0.79326419
Centered,41,alpha[14],1.00227,1.01548,True,-1.019653838235,-1.167677745,-1.0171348999999998,-0.8800325145000001
Centered,41,alpha[15],1.00227,1.01548,True,-1.035224832865,-1.191835205,-1.0294721500000001,-0.8952768485000002
Centered,41,alpha[16],1.00227,1.01548,True,-0.9689423818825,-1.08930147,-0.97094725,-0.84583626
Centered,41,alpha[17],1.00227,1.01548,True,-0.91180071283,-1.03333234,-0.91565231,-0.772730507
Centered,41,alpha[18],1.00227,1.01548,True,-1.1015110232524998,-1.3315567750000001,-1.08254735,-0.9253679555000001
Centered,42,mu,1.001395,1.00503,True,-0.9924974984225,-1.064201465,-0.99009287,-0.9301742015000001
Centered,42,sigma,1.001395,1.00503,True,0.11676015948525,0.04417220715,0.111922905,0.20545891549999995
Centered,42,alpha[1],1.001395,1.00503,True,-0.7969895094175,-0.9571099584999999,-0.799922985,-0.6195771450000002
Centered,42,alpha[2],1.001395,1.00503,True,-0.9018242767125,-1.0280805849999999,-0.908396105,-0.7556943810000003
Centered,42,alpha[3],1.001395,1.00503,True,-0.95582541252,-1.07478031,-0.95743282,-0.831797585
Centered,42,alpha[4],1.001395,1.00503,True,-1.063499026425,-1.23373659,-1.0554617,-0.92222985
Centered,42,alpha[5],1.001395,1.00503,True,-0.97639328527,-1.110116765,-0.975470455,-0.8467563920000001
Centered,42,alpha[6],1.001395,1.00503,True,-0.9822155220875,-1.10634557,-0.982876275,-0.859437391
Centered,42,alpha[7],1.001395,1.00503,True,-1.0038237689099998,-1.12181785,-1.00250975,-0.892505923
Centered,42,alpha[8],1.001395,1.00503,True,-1.0689437488200002,-1.259917105,-1.05762035,-0.913915981
Centered,42,alpha[9],1.001395,1.00503,True,-1.0018705547625,-1.12364481,-0.99729376,-0.8870468445
Centered,42,alpha[10],1.001395,1.00503,True,-1.065492582775,-1.2425692849999999,-1.0552653,-0.917974709
Centered,42,alpha[11],1.001395,1.00503,True,-1.0192760060175,-1.14452837,-1.01663505,-0.9053622459999999
Centered,42,alpha[12],1.001395,1.00503,True,-1.0748842620724999,-1.2530463600000001,-1.0666238,-0.9253627265000002
Centered,42,alpha[13],1.001395,1.00503,True,-0.9247924198025,-1.04923843,-0.9291817099999999,-0.7872548745000002
Centered,42,alpha[14],1.001395,1.00503,True,-1.019994660325,-1.178245615,-1.01391865,-0.8822481895000001
Centered,42,alpha[15],1.001395,1.00503,True,-1.036152923965,-1.193722995,-1.0298009000000001,-0.9011637085
Centered,42,alpha[16],1.001395,1.00503,True,-0.96791568448,-1.088796915,-0.96897275,-0.8444469975000001
Centered,42,alpha[17],1.001395,1.00503,True,-0.9100404060575,-1.0343965149999998,-0.91508197,-0.7675816545
Centered,42,alpha[18],1.001395,1.00503,True,-1.0983825775675,-1.33364952,-1.0826536,-0.9201415600000002
Centered,43,mu,1.001915,1.01259,True,-0.9940854226925001,-1.0647968749999999,-0.992384935,-0.9273676825
Centered,43,sigma,1.001915,1.01259,True,0.11912600394325,0.04721786265,0.115139695,0.202715232
Centered,43,alpha[1],1.001915,1.01259,True,-0.7937339789625001,-0.960125857,-0.79469023,-0.6149019305000002
Centered,43,alpha[2],1.001915,1.01259,True,-0.8984937420375001,-1.02606584,-0.903190375,-0.7569853725
Centered,43,alpha[3],1.001915,1.01259,True,-0.957458542705,-1.072882625,-0.9594680250000001,-0.833462704
Centered,43,alpha[4],1.001915,1.01259,True,-1.06871533163,-1.231698485,-1.0635105999999999,-0.9245544370000001
Centered,43,alpha[5],1.001915,1.01259,True,-0.977713906685,-1.1098312099999998,-0.97815572,-0.8447229300000002
Centered,43,alpha[6],1.001915,1.01259,True,-0.9811296337125,-1.10500471,-0.979855425,-0.8633154475
Centered,43,alpha[7],1.001915,1.01259,True,-1.0052468650125,-1.12357275,-1.0032923500000002,-0.893179613
Centered,43,alpha[8],1.001915,1.01259,True,-1.0705214626000001,-1.249425805,-1.06206825,-0.91536211
Centered,43,alpha[9],1.001915,1.01259,True,-1.0028415071399999,-1.12982809,-1.00171995,-0.8817910685000001
Centered,43,alpha[10],1.001915,1.01259,True,-1.0672054694074997,-1.2512354049999999,-1.0593713,-0.9154630995
Centered,43,alpha[11],1.001915,1.01259,True,-1.018666387985,-1.14149521,-1.0163753,-0.9033247410000002
Centered,43,alpha[12],1.001915,1.01259,True,-1.0792558104475,-1.26433848,-1.0706996,-0.9250480195
Centered,43,alpha[13],1.001915,1.01259,True,-0.92514009183,-1.0480957549999999,-0.929171695,-0.7927031685
Centered,43,alpha[14],1.001915,1.01259,True,-1.0213183610924998,-1.1725486,-1.01647935,-0.8869769865
Centered,43,alpha[15],1.001915,1.01259,True,-1.0375241144725,-1.192475345,-1.03182025,-0.8955943970000001
Centered,43,alpha[16],1.001915,1.01259,True,-0.967947731335,-1.0861251799999998,-0.9681375050000001,-0.849241101
Centered,43,alpha[17],1.001915,1.01259,True,-0.9088968101775,-1.03694028,-0.91286689,-0.7702773635000001
Centered,43,alpha[18],1.001915,1.01259,True,-1.1038489642825,-1.3396963050000001,-1.08635,-0.92604536
Centered,44,mu,1.002055,1.00787,True,-0.99418448889,-1.063763115,-0.993293195,-0.9285795665000001
Centered,44,sigma,1.002055,1.00787,True,0.11909590012474999,0.045640845449999995,0.11433726999999999,0.20963230549999992
Centered,44,alpha[1],1.002055,1.00787,True,-0.7939583429375,-0.958833019,-0.799196835,-0.613699432
Centered,44,alpha[2],1.002055,1.00787,True,-0.8994312872425001,-1.02266728,-0.904166545,-0.7579055250000001
Centered,44,alpha[3],1.002055,1.00787,True,-0.9567779118549999,-1.07102891,-0.955283285,-0.837911618
Centered,44,alpha[4],1.002055,1.00787,True,-1.0681741782849998,-1.2355625099999998,-1.061677,-0.924889229
Centered,44,alpha[5],1.002055,1.00787,True,-0.9784508888825,-1.10406069,-0.979231795,-0.851036173
Centered,44,alpha[6],1.002055,1.00787,True,-0.98187525028,-1.10938298,-0.98095125,-0.8607335430000002
Centered,44,alpha[7],1.002055,1.00787,True,-1.0040194537125,-1.1272267999999999,-1.0021726000000002,-0.890352616
Centered,44,alpha[8],1.002055,1.00787,True,-1.07104787787,-1.27076303,-1.0635066499999999,-0.909973425
Centered,44,alpha[9],1.002055,1.00787,True,-1.0032505926050002,-1.13102183,-1.0021546,-0.8849829930000002
Centered,44,alpha[10],1.002055,1.00787,True,-1.0675608735675,-1.2432128199999999,-1.05895715,-0.919197585
Centered,44,alpha[11],1.002055,1.00787,True,-1.02132473485,-1.15031679,-1.01867405,-0.9004364670000001
Centered,44,alpha[12],1.002055,1.00787,True,-1.080453780665,-1.2690881600000001,-1.0696165999999998,-0.919125695
Centered,44,alpha[13],1.002055,1.00787,True,-0.924137282185,-1.0496409699999998,-0.92761182,-0.784475695
Centered,44,alpha[14],1.002055,1.00787,True,-1.0218948725049999,-1.1766572599999998,-1.0164339,-0.8797033080000002
Centered,44,alpha[15],1.002055,1.00787,True,-1.0365521193775,-1.1950022,-1.03048275,-0.8965890325
Centered,44,alpha[16],1.002055,1.00787,True,-0.96836414077,-1.0915125749999999,-0.969281395,-0.8405253060000001
Centered,44,alpha[17],1.002055,1.00787,True,-0.9107502170375,-1.03259226,-0.9158571449999999,-0.7744982950000001
Centered,44,alpha[18],1.002055,1.00787,True,-1.1036543504125,-1.33990683,-1.0870456000000002,-0.9251399475
Centered,45,mu,1.0013649999999998,1.00292,True,-0.994217056705,-1.070483835,-0.9918787,-0.9251723195
Centered,45,sigma,1.0013649999999998,1.00292,True,0.1241763776685,0.052219032900000004,0.11995349,0.2124754765
Centered,45,alpha[1],1.0013649999999998,1.00292,True,-0.7862194554674999,-0.9532586625,-0.79226283,-0.6055705375
Centered,45,alpha[2],1.0013649999999998,1.00292,True,-0.8947797115675,-1.021586985,-0.8984426750000001,-0.750084276
Centered,45,alpha[3],1.0013649999999998,1.00292,True,-0.95648105584,-1.077235565,-0.9565577000000001,-0.8347045805000001
Centered,45,alpha[4],1.0013649999999998,1.00292,True,-1.0717287962225,-1.252428555,-1.06303425,-0.9196141855000001
Centered,45,alpha[5],1.0013649999999998,1.00292,True,-0.9758595517324999,-1.11309106,-0.97416322,-0.8434964715000001
Centered,45,alpha[6],1.0013649999999998,1.00292,True,-0.98253300803,-1.113285525,-0.98121278,-0.8576054240000001
Centered,45,alpha[7],1.0013649999999998,1.00292,True,-1.0058578236825,-1.12934437,-1.0031912,-0.8893745965000001
Centered,45,alpha[8],1.0013649999999998,1.00292,True,-1.0754621902375001,-1.278537805,-1.0657762000000002,-0.906386863
Centered,45,alpha[9],1.0013649999999998,1.00292,True,-1.0022753222525,-1.131647085,-1.0007318,-0.8806490950000001
Centered,45,alpha[10],1.0013649999999998,1.00292,True,-1.072702997115,-1.25490372,-1.06473875,-0.9166868915000002
Centered,45,alpha[11],1.0013649999999998,1.00292,True,-1.0233025228375,-1.1516524350000001,-1.0206428,-0.9071113770000001
Centered,45,alpha[12],1.0013649999999998,1.00292,True,-1.08298103545,-1.276283585,-1.0716069,-0.925259561
Centered,45,alpha[13],1.0013649999999998,1.00292,True,-0.9220635120849999,-1.050634315,-0.926289495,-0.782341723
Centered,45,alpha[14],1.0013649999999998,1.00292,True,-1.0228294179175,-1.17636652,-1.01888245,-0.8801462805000001
Centered,45,alpha[15],1.0013649999999998,1.00292,True,-1.03845592834,-1.203107245,-1.03156515,-0.89585701
Centered,45,alpha[16],1.0013649999999998,1.00292,True,-0.96694846919,-1.08546915,-0.967724495,-0.8477949910000001
Centered,45,alpha[17],1.0013649999999998,1.00292,True,-0.90708051207,-1.03446824,-0.9095280800000001,-0.771182617
Centered,45,alpha[18],1.0013649999999998,1.00292,True,-1.110405457935,-1.356024125,-1.092733,-0.9274583910000003
Centered,46,mu,1.00236,1.01527,True,-0.9950462220624999,-1.0665654,-0.992729245,-0.9307731585000001
Centered,46,sigma,1.00236,1.01527,True,0.11872756586949999,0.0402575967,0.11572119,0.20650011299999993
Centered,46,alpha[1],1.00236,1.01527,True,-0.7952921307874999,-0.965333,-0.79649787,-0.6078394334999999
Centered,46,alpha[2],1.00236,1.01527,True,-0.900431480575,-1.0253167049999998,-0.90551349,-0.7598583795000002
Centered,46,alpha[3],1.00236,1.01527,True,-0.9585835411925,-1.082067395,-0.9599114099999999,-0.8311512665000003
Centered,46,alpha[4],1.00236,1.01527,True,-1.06725070621,-1.2243871100000001,-1.0610202499999999,-0.9339096640000001
Centered,46,alpha[5],1.00236,1.01527,True,-0.9788499135550001,-1.103555855,-0.9782558050000001,-0.855346968
Centered,46,alpha[6],1.00236,1.01527,True,-0.984376238735,-1.1093748149999998,-0.985125305,-0.8630001930000001
Centered,46,alpha[7],1.00236,1.01527,True,-1.0044875239825002,-1.12252402,-1.0038399,-0.8905263575000002
Centered,46,alpha[8],1.00236,1.01527,True,-1.0709340323575,-1.2615156299999999,-1.05913755,-0.91661373
Centered,46,alpha[9],1.00236,1.01527,True,-1.0025620522624998,-1.13082619,-1.00123855,-0.8829376175000002
Centered,46,alpha[10],1.00236,1.01527,True,-1.068793476765,-1.25159946,-1.0583681,-0.9189750520000001
Centered,46,alpha[11],1.00236,1.01527,True,-1.01971436722,-1.15057092,-1.01665895,-0.903201413
Centered,46,alpha[12],1.00236,1.01527,True,-1.07865731279,-1.26086866,-1.0696856000000001,-0.926590841
Centered,46,alpha[13],1.00236,1.01527,True,-0.926068118965,-1.047332025,-0.929763385,-0.7904539979999999
Centered,46,alpha[14],1.00236,1.01527,True,-1.02356285738,-1.174962075,-1.0176878500000002,-0.8887013725
Centered,46,alpha[15],1.00236,1.01527,True,-1.03333833435,-1.181431285,-1.0300996,-0.8952825395
Centered,46,alpha[16],1.00236,1.01527,True,-0.9680886573974999,-1.081769805,-0.96836672,-0.8495635665
Centered,46,alpha[17],1.00236,1.01527,True,-0.9112796816100001,-1.039836615,-0.91405903,-0.7698370585000002
Centered,46,alpha[18],1.00236,1.01527,True,-1.10361277269,-1.334335625,-1.0852976,-0.9282627985
Centered,47,mu,1.00198,1.01341,True,-0.993702570895,-1.0643778499999998,-0.99208792,-0.929904256
Centered,47,sigma,1.00198,1.01341,True,0.1182953413555,0.04032040825,0.11439533,0.20692531199999997
Centered,47,alpha[1],1.00198,1.01341,True,-0.791825972155,-0.95905385,-0.793795695,-0.6136067985000001
Centered,47,alpha[2],1.00198,1.01341,True,-0.9007171785075,-1.023721065,-0.9046159149999999,-0.7619491405
Centered,47,alpha[3],1.00198,1.01341,True,-0.95705917928,-1.074091,-0.95788147,-0.8338400859999999
Centered,47,alpha[4],1.00198,1.01341,True,-1.065589675995,-1.23410872,-1.0564137,-0.9266476865
Centered,47,alpha[5],1.00198,1.01341,True,-0.9756719021225001,-1.10458276,-0.975448695,-0.850086011
Centered,47,alpha[6],1.00198,1.01341,True,-0.98198561315,-1.10992135,-0.9802522,-0.8566659215
Centered,47,alpha[7],1.00198,1.01341,True,-1.0038739453175,-1.12227257,-1.0017361,-0.8909928
Centered,47,alpha[8],1.00198,1.01341,True,-1.0695634655575,-1.26828986,-1.0582979,-0.9107031975
Centered,47,alpha[9],1.00198,1.01341,True,-1.0017705230575,-1.12483844,-1.0002981,-0.885287674
Centered,47,alpha[10],1.00198,1.01341,True,-1.0671803745500001,-1.250047475,-1.05773425,-0.9191511455000001
Centered,47,alpha[11],1.00198,1.01341,True,-1.0208784838075,-1.15018587,-1.0175960499999999,-0.9042484909999999
Centered,47,alpha[12],1.00198,1.01341,True,-1.0812506488999998,-1.278659385,-1.06959005,-0.9235322755
Centered,47,alpha[13],1.00198,1.01341,True,-0.9241146331425,-1.04615212,-0.92766192,-0.7904388280000002
Centered,47,alpha[14],1.00198,1.01341,True,-1.019479931515,-1.17739922,-1.0152518499999998,-0.880872279
Centered,47,alpha[15],1.00198,1.01341,True,-1.0361151276024998,-1.19010616,-1.03157055,-0.8993283450000001
Centered,47,alpha[16],1.00198,1.01341,True,-0.9680430921675001,-1.08595624,-0.968982915,-0.8481005030000001
Centered,47,alpha[17],1.00198,1.01341,True,-0.910712385145,-1.03624121,-0.915689725,-0.770695006
Centered,47,alpha[18],1.00198,1.01341,True,-1.1029720235549998,-1.342168275,-1.0842868,-0.9252764175000001
Centered,48,mu,1.002685,1.01754,True,-0.9939640762149999,-1.063559725,-0.992433855,-0.929227636
Centered,48,sigma,1.002685,1.01754,True,0.11314582384774999,0.026856435,0.11147574499999999,0.19725523849999996
Centered,48,alpha[1],1.002685,1.01754,True,-0.8023877157825,-0.9799111,-0.803870505,-0.6256425440000003
Centered,48,alpha[2],1.002685,1.01754,True,-0.9046470182124999,-1.0292783650000001,-0.90934925,-0.7652452675
Centered,48,alpha[3],1.002685,1.01754,True,-0.957750474945,-1.071805385,-0.96045379,-0.837239435
Centered,48,alpha[4],1.002685,1.01754,True,-1.0632461973225,-1.22925254,-1.0550586000000002,-0.9263135875
Centered,48,alpha[5],1.002685,1.01754,True,-0.9775934933475,-1.1043766449999999,-0.978269755,-0.850200019
Centered,48,alpha[6],1.002685,1.01754,True,-0.9832800515874999,-1.10314676,-0.98272771,-0.8596505385000001
Centered,48,alpha[7],1.002685,1.01754,True,-1.0034241429175,-1.12047358,-1.0020506,-0.8904544750000002
Centered,48,alpha[8],1.002685,1.01754,True,-1.0662085891775,-1.26471629,-1.0505536,-0.909502186
Centered,48,alpha[9],1.002685,1.01754,True,-1.0021628336450001,-1.126084315,-0.99953738,-0.8870989170000001
Centered,48,alpha[10],1.002685,1.01754,True,-1.0627341452599999,-1.2396113450000001,-1.05149135,-0.9171633525000001
Centered,48,alpha[11],1.002685,1.01754,True,-1.01917670922,-1.146872795,-1.0138069,-0.9011170325000001
Centered,48,alpha[12],1.002685,1.01754,True,-1.0758997179225,-1.2641078749999999,-1.0630135,-0.9275241240000001
Centered,48,alpha[13],1.002685,1.01754,True,-0.9263830629975001,-1.049102395,-0.93154661,-0.7954728945000002
Centered,48,alpha[14],1.002685,1.01754,True,-1.02108079345,-1.16401385,-1.01504685,-0.8901319945
Centered,48,alpha[15],1.002685,1.01754,True,-1.0347676465250002,-1.18585805,-1.0296141,-0.8982639550000001
Centered,48,alpha[16],1.002685,1.01754,True,-0.9706483453475,-1.0868152899999999,-0.969954065,-0.8533427165000002
Centered,48,alpha[17],1.002685,1.01754,True,-0.9130926442625,-1.036808945,-0.91998574,-0.7628091285
Centered,48,alpha[18],1.002685,1.01754,True,-1.0958033737975,-1.3323285500000002,-1.0758534,-0.925660626
Centered,49,mu,1.002415,1.00735,True,-0.99411314406,-1.063819415,-0.992866505,-0.927901641
Centered,49,sigma,1.002415,1.00735,True,0.12218979882075,0.050575438050000004,0.11855811999999999,0.20512244899999998
Centered,49,alpha[1],1.002415,1.00735,True,-0.7870915906924999,-0.9510288785,-0.789665175,-0.6083491875000001
Centered,49,alpha[2],1.002415,1.00735,True,-0.896731088295,-1.02270959,-0.90016317,-0.760819617
Centered,49,alpha[3],1.002415,1.00735,True,-0.957575141195,-1.073306595,-0.961334235,-0.8328805625000001
Centered,49,alpha[4],1.002415,1.00735,True,-1.072866899525,-1.239165035,-1.06494425,-0.9296554870000001
Centered,49,alpha[5],1.002415,1.00735,True,-0.9764897234600001,-1.10761207,-0.977393325,-0.8469535410000001
Centered,49,alpha[6],1.002415,1.00735,True,-0.9836475589275001,-1.10898254,-0.9829428149999999,-0.8586470260000002
Centered,49,alpha[7],1.002415,1.00735,True,-1.0064895737725,-1.12841244,-1.005733,-0.8859920165
Centered,49,alpha[8],1.002415,1.00735,True,-1.07662822719,-1.26714349,-1.0668869,-0.9131348615000001
Centered,49,alpha[9],1.002415,1.00735,True,-1.0033527803375,-1.131012315,-1.0007673000000001,-0.881412601
Centered,49,alpha[10],1.002415,1.00735,True,-1.0724965190125,-1.25517755,-1.0627271,-0.9176311665
Centered,49,alpha[11],1.002415,1.00735,True,-1.0208325678024999,-1.14521823,-1.01981285,-0.9014104735000001
Centered,49,alpha[12],1.002415,1.00735,True,-1.082580749105,-1.26749429,-1.0746357500000001,-0.9251925120000001
Centered,49,alpha[13],1.002415,1.00735,True,-0.922241576075,-1.04719636,-0.925393875,-0.785968659
Centered,49,alpha[14],1.002415,1.00735,True,-1.0219579938725,-1.17382299,-1.018365,-0.8813461595
Centered,49,alpha[15],1.002415,1.00735,True,-1.03820544522,-1.1929553,-1.0349751500000002,-0.895980522
Centered,49,alpha[16],1.002415,1.00735,True,-0.96806098162,-1.08830089,-0.9684701099999999,-0.846948846
Centered,49,alpha[17],1.002415,1.00735,True,-0.9062310580749999,-1.03575929,-0.9090059349999999,-0.762213153
Centered,49,alpha[18],1.002415,1.00735,True,-1.10654161813,-1.3356064300000001,-1.09099215,-0.9270787095000002
Centered,50,mu,1.0019049999999998,1.00951,True,-0.9941852817600001,-1.06311807,-0.99361526,-0.928693109
Centered,50,sigma,1.0019049999999998,1.00951,True,0.11793732280074999,0.037942067100000004,0.114876365,0.205012357
Centered,50,alpha[1],1.0019049999999998,1.00951,True,-0.794815629295,-0.968599285,-0.798110755,-0.6144034365000001
Centered,50,alpha[2],1.0019049999999998,1.00951,True,-0.900412625485,-1.02210718,-0.906018275,-0.7557402655
Centered,50,alpha[3],1.0019049999999998,1.00951,True,-0.9579542390775,-1.073244535,-0.9593708999999999,-0.839102003
Centered,50,alpha[4],1.0019049999999998,1.00951,True,-1.0680608954050002,-1.228754495,-1.0590020500000001,-0.9305711215
Centered,50,alpha[5],1.0019049999999998,1.00951,True,-0.9764075037575,-1.1040687,-0.97651424,-0.849613474
Centered,50,alpha[6],1.0019049999999998,1.00951,True,-0.9839383060625,-1.1054619749999999,-0.98284987,-0.8624814955000002
Centered,50,alpha[7],1.0019049999999998,1.00951,True,-1.0042759858875001,-1.1224956,-1.0030239,-0.893927644
Centered,50,alpha[8],1.0019049999999998,1.00951,True,-1.0709303119874998,-1.265747195,-1.05746565,-0.9164984595000001
Centered,50,alpha[9],1.0019049999999998,1.00951,True,-1.0043056195875,-1.127898895,-1.0037935500000001,-0.8848368060000001
Centered,50,alpha[10],1.0019049999999998,1.00951,True,-1.066213114425,-1.2468323,-1.0557506,-0.9201161005000001
Centered,50,alpha[11],1.0019049999999998,1.00951,True,-1.0206208096525,-1.143469005,-1.0168663,-0.9020810619999999
Centered,50,alpha[12],1.0019049999999998,1.00951,True,-1.0798534038450003,-1.263135785,-1.06966705,-0.926794675
Centered,50,alpha[13],1.0019049999999998,1.00951,True,-0.9243416139725,-1.0486883249999999,-0.92801026,-0.7869397055
Centered,50,alpha[14],1.0019049999999998,1.00951,True,-1.0207434224174998,-1.176521765,-1.0151897,-0.8788279400000002
Centered,50,alpha[15],1.0019049999999998,1.00951,True,-1.0374314903225,-1.19389591,-1.03210995,-0.8970309085
Centered,50,alpha[16],1.0019049999999998,1.00951,True,-0.9709462226975,-1.083269805,-0.97305574,-0.8549965715
Centered,50,alpha[17],1.0019049999999998,1.00951,True,-0.9104838461649999,-1.0393057049999999,-0.9153370750000001,-0.7688888690000001
Centered,50,alpha[18],1.0019049999999998,1.00951,True,-1.1016911619175,-1.337837715,-1.0835055,-0.9290673615
Centered,51,mu,1.00494,1.03875,False,-0.9943475844575,-1.06377254,-0.993538255,-0.929762044
Centered,51,sigma,1.00494,1.03875,False,0.11583286739125001,0.038156046,0.111748385,0.20260944399999997
Centered,51,alpha[1],1.00494,1.03875,False,-0.797032521095,-0.95850187,-0.799782565,-0.6196130135000001
Centered,51,alpha[2],1.00494,1.03875,False,-0.9040344212949999,-1.023948695,-0.90786196,-0.7669597225
Centered,51,alpha[3],1.00494,1.03875,False,-0.9600100745925,-1.0760251200000002,-0.9617579300000001,-0.840093835
Centered,51,alpha[4],1.00494,1.03875,False,-1.0634389343125,-1.228763845,-1.05429775,-0.9275216420000001
Centered,51,alpha[5],1.00494,1.03875,False,-0.9781173379125,-1.102634455,-0.979261025,-0.8516950875
Centered,51,alpha[6],1.00494,1.03875,False,-0.9841587286875,-1.106593245,-0.98712782,-0.8578458250000001
Centered,51,alpha[7],1.00494,1.03875,False,-1.0026072109525002,-1.1280018,-0.998451385,-0.8831988620000001
Centered,51,alpha[8],1.00494,1.03875,False,-1.0686124672425001,-1.265027345,-1.05294705,-0.913781945
Centered,51,alpha[9],1.00494,1.03875,False,-1.00351248897,-1.12603176,-1.0037102500000001,-0.8860536195000001
Centered,51,alpha[10],1.00494,1.03875,False,-1.0644487703899999,-1.24742232,-1.05143845,-0.9124597605000001
Centered,51,alpha[11],1.00494,1.03875,False,-1.0204953496725,-1.147245895,-1.0202661,-0.899327658
Centered,51,alpha[12],1.00494,1.03875,False,-1.076873062085,-1.2617208199999999,-1.06317815,-0.923147431
Centered,51,alpha[13],1.00494,1.03875,False,-0.9287314781975,-1.0513884,-0.92982939,-0.796074163
Centered,51,alpha[14],1.00494,1.03875,False,-1.0183670320025,-1.16288514,-1.0125126,-0.8842220715
Centered,51,alpha[15],1.00494,1.03875,False,-1.0367713513399999,-1.1857917,-1.0283697,-0.90273881
Centered,51,alpha[16],1.00494,1.03875,False,-0.96920354372,-1.078752055,-0.9693213199999999,-0.8510636335
Centered,51,alpha[17],1.00494,1.03875,False,-0.9112616428275001,-1.03294931,-0.91731863,-0.7672468345000001
Centered,51,alpha[18],1.00494,1.03875,False,-1.10215557669,-1.33501551,-1.0815283,-0.9297599945
Centered,52,mu,1.001285,1.01132,True,-0.9917387317274999,-1.06307477,-0.9888268899999999,-0.9290037525
Centered,52,sigma,1.001285,1.01132,True,0.11559502908,0.036461495,0.112323375,0.20648342399999994
Centered,52,alpha[1],1.001285,1.01132,True,-0.79561370673,-0.9555744890000001,-0.798524,-0.6178555495
Centered,52,alpha[2],1.001285,1.01132,True,-0.8995114128399999,-1.02281305,-0.903803405,-0.7554416915000001
Centered,52,alpha[3],1.001285,1.01132,True,-0.9569361575524999,-1.0731937349999998,-0.95996608,-0.8362855005000001
Centered,52,alpha[4],1.001285,1.01132,True,-1.06294116491,-1.23643044,-1.0519454000000001,-0.9249126280000001
Centered,52,alpha[5],1.001285,1.01132,True,-0.9756831614225,-1.0971238,-0.97481343,-0.857102114
Centered,52,alpha[6],1.001285,1.01132,True,-0.9821345872375,-1.1087170800000001,-0.981283025,-0.8611920575000002
Centered,52,alpha[7],1.001285,1.01132,True,-1.0017400888575,-1.125605505,-0.998709935,-0.890099473
Centered,52,alpha[8],1.001285,1.01132,True,-1.0673186756599997,-1.258263255,-1.0552427,-0.9096490975000001
Centered,52,alpha[9],1.001285,1.01132,True,-1.0024712225,-1.1268478100000001,-0.99868533,-0.8851658865
Centered,52,alpha[10],1.001285,1.01132,True,-1.0635237073050001,-1.24774231,-1.0509047,-0.919175642
Centered,52,alpha[11],1.001285,1.01132,True,-1.0160219619525,-1.1458732249999999,-1.01086275,-0.9001388775000001
Centered,52,alpha[12],1.001285,1.01132,True,-1.07574490426,-1.26818513,-1.0649579500000002,-0.923114294
Centered,52,alpha[13],1.001285,1.01132,True,-0.92601954276,-1.044393785,-0.930667285,-0.796351213
Centered,52,alpha[14],1.001285,1.01132,True,-1.0188489901775,-1.1713086099999999,-1.01134615,-0.8805178575000001
Centered,52,alpha[15],1.001285,1.01132,True,-1.0332422514775,-1.192637845,-1.0260212,-0.895258019
Centered,52,alpha[16],1.001285,1.01132,True,-0.965946908315,-1.087913685,-0.96463131,-0.8461399615
Centered,52,alpha[17],1.001285,1.01132,True,-0.911575583625,-1.0319858700000002,-0.9177347499999999,-0.7719597885000001
Centered,52,alpha[18],1.001285,1.01132,True,-1.097450164765,-1.35057249,-1.0785365,-0.9222847040000001
Centered,53,mu,1.00244,1.01861,True,-0.9931004003299999,-1.0622785,-0.99174078,-0.9275750220000001
Centered,53,sigma,1.00244,1.01861,True,0.118088907925,0.0431198937,0.114312175,0.20425702399999998
Centered,53,alpha[1],1.00244,1.01861,True,-0.7940701513475001,-0.9613646785000001,-0.7967473199999999,-0.61442423
Centered,53,alpha[2],1.00244,1.01861,True,-0.9010113221025,-1.0286743250000001,-0.90623393,-0.7535574440000001
Centered,53,alpha[3],1.00244,1.01861,True,-0.9578828330525,-1.07664707,-0.95853319,-0.8357654525
Centered,53,alpha[4],1.00244,1.01861,True,-1.0660666983325,-1.22907941,-1.05976795,-0.9323359005
Centered,53,alpha[5],1.00244,1.01861,True,-0.9761190805625,-1.098339475,-0.97733976,-0.8472813845
Centered,53,alpha[6],1.00244,1.01861,True,-0.9808652991624999,-1.107632075,-0.97947165,-0.8581452945000001
Centered,53,alpha[7],1.00244,1.01861,True,-1.00457480849,-1.12010113,-1.0034543,-0.8997349465000001
Centered,53,alpha[8],1.00244,1.01861,True,-1.0680855410325,-1.25541467,-1.0586191999999999,-0.9121967955
Centered,53,alpha[9],1.00244,1.01861,True,-1.00221702149,-1.12378382,-1.00016515,-0.8811035195000001
Centered,53,alpha[10],1.00244,1.01861,True,-1.0657792148325,-1.2446961900000002,-1.05495365,-0.9189235615000001
Centered,53,alpha[11],1.00244,1.01861,True,-1.0183799432075,-1.1461252700000002,-1.0154694499999999,-0.8975784000000001
Centered,53,alpha[12],1.00244,1.01861,True,-1.0811586688525001,-1.259305995,-1.0696741,-0.9301484645
Centered,53,alpha[13],1.00244,1.01861,True,-0.926576597965,-1.049610485,-0.930630375,-0.7923617785
Centered,53,alpha[14],1.00244,1.01861,True,-1.02265000486,-1.1768161499999998,-1.01692245,-0.8841695940000001
Centered,53,alpha[15],1.00244,1.01861,True,-1.0358145975775,-1.19224913,-1.0308519,-0.8973591735
Centered,53,alpha[16],1.00244,1.01861,True,-0.9675725452174999,-1.08171003,-0.96876171,-0.8518540735000001
Centered,53,alpha[17],1.00244,1.01861,True,-0.909447825615,-1.0410760099999998,-0.9133032999999999,-0.767208625
Centered,53,alpha[18],1.00244,1.01861,True,-1.102969934905,-1.3385253350000001,-1.08582985,-0.9258092560000001
Centered,54,mu,1.0015999999999998,1.00925,True,-0.9930987915349999,-1.06276222,-0.991498415,-0.9290729395
Centered,54,sigma,1.0015999999999998,1.00925,True,0.11945192050700001,0.047747126650000006,0.116021155,0.20367703949999996
Centered,54,alpha[1],1.0015999999999998,1.00925,True,-0.7906765608399999,-0.950923797,-0.7955987099999999,-0.6136454325
Centered,54,alpha[2],1.0015999999999998,1.00925,True,-0.9005769537075,-1.02585518,-0.904790565,-0.765962662
Centered,54,alpha[3],1.0015999999999998,1.00925,True,-0.9558800649375,-1.06979982,-0.95670141,-0.836638832
Centered,54,alpha[4],1.0015999999999998,1.00925,True,-1.0677646566349999,-1.2386271,-1.060001,-0.9242387930000001
Centered,54,alpha[5],1.0015999999999998,1.00925,True,-0.97485136902,-1.108397785,-0.973722185,-0.84666463
Centered,54,alpha[6],1.0015999999999998,1.00925,True,-0.980890414925,-1.10282175,-0.98032713,-0.8581704995000001
Centered,54,alpha[7],1.0015999999999998,1.00925,True,-1.00266820728,-1.12200962,-1.0018312,-0.8916333450000001
Centered,54,alpha[8],1.0015999999999998,1.00925,True,-1.0697473173174998,-1.26483866,-1.05931765,-0.9100113690000001
Centered,54,alpha[9],1.0015999999999998,1.00925,True,-1.002255725175,-1.1300968150000001,-0.9993829949999999,-0.884403708
Centered,54,alpha[10],1.0015999999999998,1.00925,True,-1.0676750696250001,-1.24834331,-1.0569681499999999,-0.9201602890000001
Centered,54,alpha[11],1.0015999999999998,1.00925,True,-1.0205861724449998,-1.14851408,-1.0163988499999999,-0.9004856445
Centered,54,alpha[12],1.0015999999999998,1.00925,True,-1.0798093598175,-1.2726557649999999,-1.0719056999999999,-0.9176463065
Centered,54,alpha[13],1.0015999999999998,1.00925,True,-0.9235497308775,-1.046794095,-0.926860645,-0.7942704785
Centered,54,alpha[14],1.0015999999999998,1.00925,True,-1.0212394607925,-1.18081229,-1.0172424,-0.8808435665000001
Centered,54,alpha[15],1.0015999999999998,1.00925,True,-1.0370016899049999,-1.19362087,-1.03185675,-0.896916453
Centered,54,alpha[16],1.0015999999999998,1.00925,True,-0.9682692217775,-1.08495113,-0.9686378499999999,-0.8519681335000001
Centered,54,alpha[17],1.0015999999999998,1.00925,True,-0.9075314536725,-1.0349044,-0.9119739099999999,-0.7686550685000001
Centered,54,alpha[18],1.0015999999999998,1.00925,True,-1.1031627007875,-1.335459815,-1.0886388,-0.9160198875
Centered,55,mu,1.002145,1.01972,True,-0.992724386905,-1.06416435,-0.99199166,-0.9238429505
Centered,55,sigma,1.002145,1.01972,True,0.11686666944575,0.04181008715,0.11274621,0.20704506949999998
Centered,55,alpha[1],1.002145,1.01972,True,-0.79520411323,-0.95886288,-0.8009020250000001,-0.6211693460000001
Centered,55,alpha[2],1.002145,1.01972,True,-0.899824941895,-1.02348727,-0.903272175,-0.7600052505000001
Centered,55,alpha[3],1.002145,1.01972,True,-0.95873408367,-1.07677737,-0.957543475,-0.8453536345
Centered,55,alpha[4],1.002145,1.01972,True,-1.0656608609025,-1.2292461049999999,-1.0580865,-0.9229321820000002
Centered,55,alpha[5],1.002145,1.01972,True,-0.9766923701725001,-1.106287835,-0.97573014,-0.8510704215000001
Centered,55,alpha[6],1.002145,1.01972,True,-0.9814557479675,-1.10984738,-0.98108076,-0.8588172390000001
Centered,55,alpha[7],1.002145,1.01972,True,-1.0046597888675002,-1.12299646,-1.0033031000000001,-0.8955569415000001
Centered,55,alpha[8],1.002145,1.01972,True,-1.0674786252225001,-1.2662870899999998,-1.0558624,-0.9120956840000001
Centered,55,alpha[9],1.002145,1.01972,True,-1.0021130970874998,-1.124885425,-0.999475815,-0.8863596754999999
Centered,55,alpha[10],1.002145,1.01972,True,-1.064893970345,-1.2489596299999999,-1.05681735,-0.9103515140000001
Centered,55,alpha[11],1.002145,1.01972,True,-1.019621992225,-1.1424851,-1.018106,-0.9016555445000001
Centered,55,alpha[12],1.002145,1.01972,True,-1.0770333583975,-1.264786465,-1.0671406,-0.922713388
Centered,55,alpha[13],1.002145,1.01972,True,-0.9256675156899999,-1.05479924,-0.931114115,-0.7844912165
Centered,55,alpha[14],1.002145,1.01972,True,-1.0183191311325,-1.17058225,-1.0150625500000001,-0.87902403
Centered,55,alpha[15],1.002145,1.01972,True,-1.0337651696425,-1.193256315,-1.03023895,-0.8905416955000002
Centered,55,alpha[16],1.002145,1.01972,True,-0.9705408498974999,-1.08610181,-0.970937195,-0.8506784365
Centered,55,alpha[17],1.002145,1.01972,True,-0.911225018825,-1.03307513,-0.9159382250000001,-0.7762993395
Centered,55,alpha[18],1.002145,1.01972,True,-1.0990727426175,-1.3410540499999999,-1.0819850500000001,-0.9194892944999999
Centered,56,mu,1.000725,1.00464,True,-0.9921028117075,-1.064729125,-0.99071789,-0.927539884
Centered,56,sigma,1.000725,1.00464,True,0.1162032693915,0.03642907295,0.113884105,0.202452882
Centered,56,alpha[1],1.000725,1.00464,True,-0.79813582185,-0.969576111,-0.798874495,-0.6259057075000003
Centered,56,alpha[2],1.000725,1.00464,True,-0.9005357507725,-1.023928655,-0.9054888,-0.7578084725000002
Centered,56,alpha[3],1.000725,1.00464,True,-0.9588358997875001,-1.077082185,-0.96033056,-0.8398525405
Centered,56,alpha[4],1.000725,1.00464,True,-1.06342475926,-1.22931049,-1.0561109,-0.9285067065
Centered,56,alpha[5],1.000725,1.00464,True,-0.97482085704,-1.1003759549999999,-0.9749450500000001,-0.8469805650000002
Centered,56,alpha[6],1.000725,1.00464,True,-0.9831112152774999,-1.1083480449999998,-0.9811490700000001,-0.8612464640000003
Centered,56,alpha[7],1.000725,1.00464,True,-1.0035682627675,-1.11982561,-1.0024163000000001,-0.8911369305000001
Centered,56,alpha[8],1.000725,1.00464,True,-1.067844204775,-1.267629025,-1.05449005,-0.9108456995
Centered,56,alpha[9],1.000725,1.00464,True,-1.00185236519,-1.12446055,-0.9985301099999999,-0.8843311285000001
Centered,56,alpha[10],1.000725,1.00464,True,-1.0640907007224998,-1.239780625,-1.0555495,-0.9200345565000002
Centered,56,alpha[11],1.000725,1.00464,True,-1.01745255965,-1.145332805,-1.0137802,-0.9007311615000001
Centered,56,alpha[12],1.000725,1.00464,True,-1.0759744498275,-1.25752776,-1.0647712999999999,-0.9286970115000002
Centered,56,alpha[13],1.000725,1.00464,True,-0.9255837688649999,-1.044639165,-0.931618415,-0.7901459735
Centered,56,alpha[14],1.000725,1.00464,True,-1.0196009419,-1.1777335150000001,-1.01538395,-0.8793620595000001
Centered,56,alpha[15],1.000725,1.00464,True,-1.033744899025,-1.1922056300000001,-1.02758955,-0.8916878875
Centered,56,alpha[16],1.000725,1.00464,True,-0.9679687598149999,-1.0837552499999998,-0.968421765,-0.849513759
Centered,56,alpha[17],1.000725,1.00464,True,-0.9123665330650002,-1.03780175,-0.9161350749999999,-0.7733053735000002
Centered,56,alpha[18],1.000725,1.00464,True,-1.09859289359,-1.3387475450000001,-1.0779193999999999,-0.922812599
Centered,57,mu,1.0009649999999999,1.00443,True,-0.9934953282475001,-1.066199425,-0.99200697,-0.9281255955000001
Centered,57,sigma,1.0009649999999999,1.00443,True,0.11878877498700001,0.0473616053,0.11393976,0.20360012449999998
Centered,57,alpha[1],1.0009649999999999,1.00443,True,-0.7930299015650001,-0.9530224820000001,-0.7984041,-0.616335272
Centered,57,alpha[2],1.0009649999999999,1.00443,True,-0.9004727161374999,-1.0243243199999998,-0.90326131,-0.760192923
Centered,57,alpha[3],1.0009649999999999,1.00443,True,-0.956303987535,-1.07444633,-0.958476005,-0.8323920585000001
Centered,57,alpha[4],1.0009649999999999,1.00443,True,-1.0682270595474999,-1.23764112,-1.05985445,-0.9243290780000001
Centered,57,alpha[5],1.0009649999999999,1.00443,True,-0.9784164081525,-1.10611626,-0.977639355,-0.849034669
Centered,57,alpha[6],1.0009649999999999,1.00443,True,-0.98286258166,-1.1043804799999999,-0.982351535,-0.862919117
Centered,57,alpha[7],1.0009649999999999,1.00443,True,-1.0041926559825,-1.12239844,-1.0031727,-0.8916251995000001
Centered,57,alpha[8],1.0009649999999999,1.00443,True,-1.0689997541399998,-1.268365345,-1.0551762500000001,-0.910013521
Centered,57,alpha[9],1.0009649999999999,1.00443,True,-1.003136026225,-1.12483069,-1.0007526,-0.8847527430000001
Centered,57,alpha[10],1.0009649999999999,1.00443,True,-1.065768312495,-1.244528135,-1.0584813,-0.9131484605
Centered,57,alpha[11],1.0009649999999999,1.00443,True,-1.0202154607,-1.14075224,-1.0181554,-0.9084001355
Centered,57,alpha[12],1.0009649999999999,1.00443,True,-1.0796166517349999,-1.2646463099999998,-1.0680236,-0.9267243580000001
Centered,57,alpha[13],1.0009649999999999,1.00443,True,-0.9249406314225,-1.04997534,-0.9265715050000001,-0.7890077855000001
Centered,57,alpha[14],1.0009649999999999,1.00443,True,-1.0219263701075,-1.17525982,-1.0165475499999999,-0.8852236140000002
Centered,57,alpha[15],1.0009649999999999,1.00443,True,-1.0366229798025002,-1.2027485100000002,-1.0306085,-0.8961203405
Centered,57,alpha[16],1.0009649999999999,1.00443,True,-0.96787772936,-1.0822143899999999,-0.967786135,-0.8551350465
Centered,57,alpha[17],1.0009649999999999,1.00443,True,-0.910108476735,-1.0355340249999998,-0.914146135,-0.766022118
Centered,57,alpha[18],1.0009649999999999,1.00443,True,-1.10203250156,-1.337820625,-1.0864563,-0.9191466075000001
Centered,58,mu,1.0025149999999998,1.01061,True,-0.9909475676025,-1.061068205,-0.98934454,-0.92817926
Centered,58,sigma,1.0025149999999998,1.01061,True,0.11323963963922501,0.0351224048,0.110935615,0.200633755
Centered,58,alpha[1],1.0025149999999998,1.01061,True,-0.79949356049,-0.9558036005,-0.8033004800000001,-0.623512916
Centered,58,alpha[2],1.0025149999999998,1.01061,True,-0.9026115252075,-1.024333235,-0.9072385350000001,-0.7671701940000001
Centered,58,alpha[3],1.0025149999999998,1.01061,True,-0.9560434097274999,-1.07590184,-0.957522795,-0.8340493505000001
Centered,58,alpha[4],1.0025149999999998,1.01061,True,-1.0615765400775,-1.233063815,-1.05280035,-0.9186386515
Centered,58,alpha[5],1.0025149999999998,1.01061,True,-0.9725285568275,-1.09877736,-0.97148882,-0.8478454495
Centered,58,alpha[6],1.0025149999999998,1.01061,True,-0.9801405193674999,-1.099873835,-0.978326355,-0.8570568435
Centered,58,alpha[7],1.0025149999999998,1.01061,True,-1.0029891729075,-1.120378305,-1.0009736999999999,-0.8939473800000001
Centered,58,alpha[8],1.0025149999999998,1.01061,True,-1.0629004303699998,-1.25264385,-1.05019875,-0.9137936745
Centered,58,alpha[9],1.0025149999999998,1.01061,True,-1.0019709637699998,-1.12688875,-0.9990009900000001,-0.8917107825
Centered,58,alpha[10],1.0025149999999998,1.01061,True,-1.0635425834974999,-1.243754035,-1.05456885,-0.9218547795000004
Centered,58,alpha[11],1.0025149999999998,1.01061,True,-1.0165927970825,-1.143245885,-1.0123608,-0.8992997134999999
Centered,58,alpha[12],1.0025149999999998,1.01061,True,-1.07247106238,-1.25597064,-1.06010375,-0.9247452155
Centered,58,alpha[13],1.0025149999999998,1.01061,True,-0.92667293779,-1.04602515,-0.9306070449999999,-0.7907113044999999
Centered,58,alpha[14],1.0025149999999998,1.01061,True,-1.0189729900675,-1.16732334,-1.0141982999999999,-0.887512074
Centered,58,alpha[15],1.0025149999999998,1.01061,True,-1.03228050646,-1.188106325,-1.0247131,-0.8993012220000001
Centered,58,alpha[16],1.0025149999999998,1.01061,True,-0.9676637211724999,-1.08425614,-0.966618215,-0.8529052715000001
Centered,58,alpha[17],1.0025149999999998,1.01061,True,-0.9099261854075,-1.032048015,-0.914420565,-0.774153832
Centered,58,alpha[18],1.0025149999999998,1.01061,True,-1.0929755808075001,-1.331490355,-1.0701189,-0.9238438790000001
Centered,59,mu,1.0064199999999999,1.04396,False,-0.992743585855,-1.06429706,-0.9905365749999999,-0.930403252
Centered,59,sigma,1.0064199999999999,1.04396,False,0.114906021704,0.02936759495,0.11263082499999999,0.20607663599999995
Centered,59,alpha[1],1.0064199999999999,1.04396,False,-0.8017874018275,-0.96417991,-0.80296459,-0.6186580875000001
Centered,59,alpha[2],1.0064199999999999,1.04396,False,-0.902717981115,-1.02758829,-0.909332985,-0.7619242155
Centered,59,alpha[3],1.0064199999999999,1.04396,False,-0.956259460785,-1.072371235,-0.95629165,-0.838434157
Centered,59,alpha[4],1.0064199999999999,1.04396,False,-1.0628758653150001,-1.225829745,-1.0549429,-0.9281307775000002
Centered,59,alpha[5],1.0064199999999999,1.04396,False,-0.9763017530875001,-1.105570995,-0.97510914,-0.850464162
Centered,59,alpha[6],1.0064199999999999,1.04396,False,-0.9824580046225001,-1.10105736,-0.9803773650000001,-0.863542681
Centered,59,alpha[7],1.0064199999999999,1.04396,False,-1.0043984881574999,-1.12680899,-1.0013089,-0.8940875725
Centered,59,alpha[8],1.0064199999999999,1.04396,False,-1.0674769216875,-1.264623565,-1.0499558000000002,-0.917123667
Centered,59,alpha[9],1.0064199999999999,1.04396,False,-1.0029196379525,-1.12924636,-0.99764133,-0.8900331150000002
Centered,59,alpha[10],1.0064199999999999,1.04396,False,-1.0621094582925,-1.2472749300000001,-1.0504994,-0.9254751010000002
Centered,59,alpha[11],1.0064199999999999,1.04396,False,-1.0200134139275,-1.15017313,-1.01684285,-0.9051410910000001
Centered,59,alpha[12],1.0064199999999999,1.04396,False,-1.074645261035,-1.2663299,-1.06104275,-0.927120404
Centered,59,alpha[13],1.0064199999999999,1.04396,False,-0.926469716805,-1.043432005,-0.93451197,-0.7906232795
Centered,59,alpha[14],1.0064199999999999,1.04396,False,-1.01916750925,-1.1755550099999998,-1.01198465,-0.8901153995000001
Centered,59,alpha[15],1.0064199999999999,1.04396,False,-1.0323329642999999,-1.19421389,-1.02294815,-0.9028269510000001
Centered,59,alpha[16],1.0064199999999999,1.04396,False,-0.9709122073775,-1.084435775,-0.96992094,-0.8554893105000001
Centered,59,alpha[17],1.0064199999999999,1.04396,False,-0.9136917389875,-1.03633818,-0.91800803,-0.7756520195000001
Centered,59,alpha[18],1.0064199999999999,1.04396,False,-1.09784310547,-1.333065235,-1.0801303,-0.929621844
Centered,60,mu,1.00061,1.00198,True,-0.99445727811,-1.06503119,-0.993297095,-0.9290819125
Centered,60,sigma,1.00061,1.00198,True,0.1193660638195,0.04888857825,0.115260205,0.20401014899999995
Centered,60,alpha[1],1.00061,1.00198,True,-0.7937194282974999,-0.9548649555,-0.8000885200000001,-0.6096504715
Centered,60,alpha[2],1.00061,1.00198,True,-0.89894289738,-1.0257587849999998,-0.90254872,-0.7589282640000001
Centered,60,alpha[3],1.00061,1.00198,True,-0.9578991324374999,-1.0706211,-0.95911886,-0.840623569
Centered,60,alpha[4],1.00061,1.00198,True,-1.06883882252,-1.236374775,-1.0601977,-0.9253461020000001
Centered,60,alpha[5],1.00061,1.00198,True,-0.97630257678,-1.10093698,-0.97596657,-0.8473793155000001
Centered,60,alpha[6],1.00061,1.00198,True,-0.98184012278,-1.10062538,-0.9818889,-0.8630725445
Centered,60,alpha[7],1.00061,1.00198,True,-1.0034621540025,-1.11791988,-1.00205795,-0.894353254
Centered,60,alpha[8],1.00061,1.00198,True,-1.0722176256900002,-1.275811775,-1.0584999499999999,-0.9115034485000001
Centered,60,alpha[9],1.00061,1.00198,True,-1.0033193258425,-1.1282708,-1.00212025,-0.885467735
Centered,60,alpha[10],1.00061,1.00198,True,-1.06796786054,-1.25062297,-1.0591396,-0.9153097040000001
Centered,60,alpha[11],1.00061,1.00198,True,-1.0205725133449999,-1.148298555,-1.01792795,-0.9014899534999999
Centered,60,alpha[12],1.00061,1.00198,True,-1.0787347144825,-1.2763423999999999,-1.06636395,-0.922939823
Centered,60,alpha[13],1.00061,1.00198,True,-0.9243751193,-1.04552651,-0.92857024,-0.7864202445
Centered,60,alpha[14],1.00061,1.00198,True,-1.0219940870725002,-1.173629695,-1.0189507,-0.8824123605000002
Centered,60,alpha[15],1.00061,1.00198,True,-1.0385243962100001,-1.1987214949999998,-1.0326773500000002,-0.8938278180000001
Centered,60,alpha[16],1.00061,1.00198,True,-0.9684352262625,-1.083956045,-0.9688461450000001,-0.849645356
Centered,60,alpha[17],1.00061,1.00198,True,-0.9095732733449999,-1.03632069,-0.915808655,-0.769173714
Centered,60,alpha[18],1.00061,1.00198,True,-1.101737223505,-1.340771585,-1.0843976999999998,-0.9172826035000002
Centered,61,mu,1.0010599999999998,1.0029,True,-0.9939948364225,-1.067479835,-0.99242042,-0.9292260830000001
Centered,61,sigma,1.0010599999999998,1.0029,True,0.12288918883725,0.049027274350000004,0.119437455,0.20922744349999997
Centered,61,alpha[1],1.0010599999999998,1.0029,True,-0.7867172488849999,-0.9541722755000001,-0.7902975400000001,-0.6106554085000001
Centered,61,alpha[2],1.0010599999999998,1.0029,True,-0.898424021175,-1.02861231,-0.90182923,-0.7487110645000001
Centered,61,alpha[3],1.0010599999999998,1.0029,True,-0.9561027581124999,-1.076001225,-0.9570045899999999,-0.8326426365
Centered,61,alpha[4],1.0010599999999998,1.0029,True,-1.0716821886749999,-1.242084905,-1.0636506,-0.924694499
Centered,61,alpha[5],1.0010599999999998,1.0029,True,-0.9771789188975,-1.107077725,-0.97695098,-0.845371591
Centered,61,alpha[6],1.0010599999999998,1.0029,True,-0.980922238185,-1.10340036,-0.9810415349999999,-0.8565123005
Centered,61,alpha[7],1.0010599999999998,1.0029,True,-1.005830848515,-1.1242411049999999,-1.00591685,-0.8892894855000001
Centered,61,alpha[8],1.0010599999999998,1.0029,True,-1.0730227107625,-1.268452165,-1.06300075,-0.908155346
Centered,61,alpha[9],1.0010599999999998,1.0029,True,-1.00304922107,-1.129825575,-1.00062295,-0.8811302155
Centered,61,alpha[10],1.0010599999999998,1.0029,True,-1.07186451863,-1.24893869,-1.0662047000000001,-0.9169464365000001
Centered,61,alpha[11],1.0010599999999998,1.0029,True,-1.021712180055,-1.15003834,-1.0207269,-0.8997456060000001
Centered,61,alpha[12],1.0010599999999998,1.0029,True,-1.0849041828600001,-1.280836425,-1.07386865,-0.9278414645000002
Centered,61,alpha[13],1.0010599999999998,1.0029,True,-0.9233698688025,-1.050899085,-0.92753272,-0.7840622650000001
Centered,61,alpha[14],1.0010599999999998,1.0029,True,-1.022083635395,-1.177380535,-1.0179616,-0.879612118
Centered,61,alpha[15],1.0010599999999998,1.0029,True,-1.0381591939800001,-1.19801001,-1.03284285,-0.8982891590000001
Centered,61,alpha[16],1.0010599999999998,1.0029,True,-0.9696828887300001,-1.09133882,-0.96941132,-0.84807907
Centered,61,alpha[17],1.0010599999999998,1.0029,True,-0.9072718353625,-1.0388677499999999,-0.91160028,-0.761109294
Centered,61,alpha[18],1.0010599999999998,1.0029,True,-1.10907273534,-1.33369142,-1.0965095,-0.926985418
Centered,62,mu,1.0017,1.00789,True,-0.9937831252000001,-1.06423959,-0.99199725,-0.9281982905
Centered,62,sigma,1.0017,1.00789,True,0.118909029873,0.04870847675000001,0.11453692,0.206737433
Centered,62,alpha[1],1.0017,1.00789,True,-0.79278748087,-0.9525155245,-0.79927905,-0.6079694105000001
Centered,62,alpha[2],1.0017,1.00789,True,-0.90130075113,-1.02654564,-0.90563292,-0.761692501
Centered,62,alpha[3],1.0017,1.00789,True,-0.957262282485,-1.0774593650000002,-0.959551415,-0.836180788
Centered,62,alpha[4],1.0017,1.00789,True,-1.0665099044650002,-1.2372411,-1.0595701499999999,-0.9188609845
Centered,62,alpha[5],1.0017,1.00789,True,-0.97549649661,-1.104287445,-0.9763402,-0.8480173575000001
Centered,62,alpha[6],1.0017,1.00789,True,-0.9819332924399999,-1.11012263,-0.9811645,-0.8601580485000001
Centered,62,alpha[7],1.0017,1.00789,True,-1.0045669454275001,-1.126461505,-1.0031694500000001,-0.885474023
Centered,62,alpha[8],1.0017,1.00789,True,-1.068082858235,-1.259030655,-1.05702615,-0.9107667110000002
Centered,62,alpha[9],1.0017,1.00789,True,-1.0045161315925,-1.130241915,-1.0014934,-0.8881789935000001
Centered,62,alpha[10],1.0017,1.00789,True,-1.067073511075,-1.24924359,-1.05974105,-0.913462638
Centered,62,alpha[11],1.0017,1.00789,True,-1.01982027557,-1.14534659,-1.018594,-0.9004004705000003
Centered,62,alpha[12],1.0017,1.00789,True,-1.078583010045,-1.265320295,-1.0700814,-0.9260261055000002
Centered,62,alpha[13],1.0017,1.00789,True,-0.92386942204,-1.04976127,-0.9279048,-0.7887099310000001
Centered,62,alpha[14],1.0017,1.00789,True,-1.0228242998350001,-1.175169475,-1.0181060999999998,-0.8895405730000001
Centered,62,alpha[15],1.0017,1.00789,True,-1.0377825462974999,-1.18854762,-1.0323915000000001,-0.90253287
Centered,62,alpha[16],1.0017,1.00789,True,-0.967789934835,-1.084401935,-0.968342425,-0.8498028625
Centered,62,alpha[17],1.0017,1.00789,True,-0.908169669375,-1.03346269,-0.91206823,-0.7688605
Centered,62,alpha[18],1.0017,1.00789,True,-1.102291513955,-1.340458395,-1.08561215,-0.924734535
Centered,63,mu,1.0024950000000001,1.01413,True,-0.993382430095,-1.065322205,-0.99212692,-0.92776861
Centered,63,sigma,1.0024950000000001,1.01413,True,0.11706149395425,0.03375439,0.114422035,0.20945141799999994
Centered,63,alpha[1],1.0024950000000001,1.01413,True,-0.7973248400325,-0.9661795635,-0.80069361,-0.6198161050000001
Centered,63,alpha[2],1.0024950000000001,1.01413,True,-0.9023879365175,-1.02518136,-0.908216015,-0.7609534930000001
Centered,63,alpha[3],1.0024950000000001,1.01413,True,-0.9588347930949999,-1.07327859,-0.9602736000000001,-0.8369084135000001
Centered,63,alpha[4],1.0024950000000001,1.01413,True,-1.0661570866299999,-1.23569528,-1.05826115,-0.9254829475
Centered,63,alpha[5],1.0024950000000001,1.01413,True,-0.9748980799675,-1.1045772200000001,-0.9730582,-0.8470366085000001
Centered,63,alpha[6],1.0024950000000001,1.01413,True,-0.9826248596724999,-1.11102417,-0.98072189,-0.8564833780000001
Centered,63,alpha[7],1.0024950000000001,1.01413,True,-1.0012267654375,-1.1215278850000001,-0.9988908249999999,-0.8893477575000001
Centered,63,alpha[8],1.0024950000000001,1.01413,True,-1.0686078861525,-1.274035345,-1.0538726,-0.915865875
Centered,63,alpha[9],1.0024950000000001,1.01413,True,-1.0037443887625,-1.13114374,-1.00016355,-0.8862835025
Centered,63,alpha[10],1.0024950000000001,1.01413,True,-1.06681018992,-1.248037085,-1.0557927999999999,-0.9225903900000001
Centered,63,alpha[11],1.0024950000000001,1.01413,True,-1.0190564074725001,-1.145309385,-1.015564,-0.903862974
Centered,63,alpha[12],1.0024950000000001,1.01413,True,-1.0784327430624998,-1.2714344850000001,-1.0678315,-0.9260975085
Centered,63,alpha[13],1.0024950000000001,1.01413,True,-0.9265861914399999,-1.048081965,-0.9319424000000001,-0.7888282305000002
Centered,63,alpha[14],1.0024950000000001,1.01413,True,-1.0213804217925,-1.169091055,-1.0163783,-0.882001504
Centered,63,alpha[15],1.0024950000000001,1.01413,True,-1.0343731828275,-1.19699628,-1.0257116499999999,-0.893525651
Centered,63,alpha[16],1.0024950000000001,1.01413,True,-0.9681277798900001,-1.085270015,-0.96897791,-0.848210604
Centered,63,alpha[17],1.0024950000000001,1.01413,True,-0.9106544387975,-1.02909316,-0.91768275,-0.7727557030000001
Centered,63,alpha[18],1.0024950000000001,1.01413,True,-1.1004712388275,-1.342288615,-1.0797548,-0.9229906350000001
Centered,64,mu,1.004145,1.03186,False,-0.9926329792725,-1.06195317,-0.992081795,-0.9280916300000001
Centered,64,sigma,1.004145,1.03186,False,0.1152410155065,0.0348878529,0.113093205,0.20041447499999995
Centered,64,alpha[1],1.004145,1.03186,False,-0.7976105698375,-0.96777545,-0.798163695,-0.6182945695000001
Centered,64,alpha[2],1.004145,1.03186,False,-0.90125309002,-1.022576175,-0.904729055,-0.764960544
Centered,64,alpha[3],1.004145,1.03186,False,-0.9572270283850001,-1.0735603550000001,-0.9579445950000001,-0.8335722450000002
Centered,64,alpha[4],1.004145,1.03186,False,-1.0642914106349999,-1.230944685,-1.05278935,-0.925057036
Centered,64,alpha[5],1.004145,1.03186,False,-0.97583954999,-1.1033954899999998,-0.9755221999999999,-0.8496593750000001
Centered,64,alpha[6],1.004145,1.03186,False,-0.983273726655,-1.1078414,-0.982325935,-0.8614408835000001
Centered,64,alpha[7],1.004145,1.03186,False,-1.0055802765575,-1.1255724550000001,-1.00260625,-0.89462873
Centered,64,alpha[8],1.004145,1.03186,False,-1.0666272763025,-1.260105385,-1.05576005,-0.913744203
Centered,64,alpha[9],1.004145,1.03186,False,-1.00012603433,-1.12803392,-0.99666949,-0.881998402
Centered,64,alpha[10],1.004145,1.03186,False,-1.064104998035,-1.243197785,-1.0531895,-0.9178065275
Centered,64,alpha[11],1.004145,1.03186,False,-1.01965447719,-1.1445923,-1.0162447000000001,-0.9062678680000001
Centered,64,alpha[12],1.004145,1.03186,False,-1.076329929215,-1.26067832,-1.06409845,-0.9288568010000001
Centered,64,alpha[13],1.004145,1.03186,False,-0.9254093317550001,-1.04634439,-0.93112414,-0.7928481755000001
Centered,64,alpha[14],1.004145,1.03186,False,-1.019246533675,-1.17315311,-1.01277825,-0.8811483845000001
Centered,64,alpha[15],1.004145,1.03186,False,-1.0353129914975,-1.1885920449999998,-1.02882315,-0.897762222
Centered,64,alpha[16],1.004145,1.03186,False,-0.9687498013175,-1.0847229299999999,-0.97130457,-0.849939663
Centered,64,alpha[17],1.004145,1.03186,False,-0.910337197535,-1.03061654,-0.915076045,-0.7739678300000001
Centered,64,alpha[18],1.004145,1.03186,False,-1.0975536847975,-1.324685705,-1.08163335,-0.9253932095000003
Centered,65,mu,1.00164,1.01062,True,-0.9937854638775,-1.063480675,-0.992215785,-0.929765724
Centered,65,sigma,1.00164,1.01062,True,0.12044613502925,0.04789125,0.116464635,0.20750515099999997
Centered,65,alpha[1],1.00164,1.01062,True,-0.7907565649075,-0.963037227,-0.79146175,-0.6110730505
Centered,65,alpha[2],1.00164,1.01062,True,-0.8993801898700001,-1.0256931,-0.90155574,-0.7637227095000001
Centered,65,alpha[3],1.00164,1.01062,True,-0.9579235936425,-1.07833563,-0.95864299,-0.8328189740000002
Centered,65,alpha[4],1.00164,1.01062,True,-1.0691056799649998,-1.2328336500000001,-1.0623414,-0.9274285695
Centered,65,alpha[5],1.00164,1.01062,True,-0.9775371955225001,-1.108025075,-0.97850875,-0.8444546385
Centered,65,alpha[6],1.00164,1.01062,True,-0.9821588432774999,-1.106792825,-0.9818793450000001,-0.8564703065000001
Centered,65,alpha[7],1.00164,1.01062,True,-1.0057417369225,-1.12214804,-1.0048175499999998,-0.893740543
Centered,65,alpha[8],1.00164,1.01062,True,-1.0702174433575,-1.26049653,-1.0620215000000002,-0.9074529465
Centered,65,alpha[9],1.00164,1.01062,True,-1.0038634609625001,-1.12653505,-1.0046776,-0.883878652
Centered,65,alpha[10],1.00164,1.01062,True,-1.0684428868025,-1.256627685,-1.06154205,-0.9121177625
Centered,65,alpha[11],1.00164,1.01062,True,-1.020829706475,-1.1405893299999998,-1.01801695,-0.905221043
Centered,65,alpha[12],1.00164,1.01062,True,-1.0824199907024998,-1.27231021,-1.07140415,-0.9313583960000001
Centered,65,alpha[13],1.00164,1.01062,True,-0.9250267482975001,-1.049443165,-0.9280638050000001,-0.7909789115000001
Centered,65,alpha[14],1.00164,1.01062,True,-1.0204909225225,-1.17015612,-1.0153672,-0.8821135155000002
Centered,65,alpha[15],1.00164,1.01062,True,-1.037405059745,-1.19727738,-1.0318514,-0.8974999415
Centered,65,alpha[16],1.00164,1.01062,True,-0.9689981366249999,-1.0845490100000001,-0.968867585,-0.8531278730000001
Centered,65,alpha[17],1.00164,1.01062,True,-0.9101392180725,-1.03662542,-0.91381237,-0.775015569
Centered,65,alpha[18],1.00164,1.01062,True,-1.1023183805349999,-1.3358334299999999,-1.0862968,-0.9267048035000001
Centered,66,mu,1.001645,1.01015,True,-0.9941974234650001,-1.06704535,-0.992017245,-0.927830625
Centered,66,sigma,1.001645,1.01015,True,0.119014079293,0.04453288715,0.11417118500000001,0.20619930399999997
Centered,66,alpha[1],1.001645,1.01015,True,-0.7913193892575,-0.955369406,-0.795559385,-0.6108883295
Centered,66,alpha[2],1.001645,1.01015,True,-0.89908115746,-1.024378675,-0.90399121,-0.7591090580000002
Centered,66,alpha[3],1.001645,1.01015,True,-0.9560579174675,-1.07219613,-0.95614487,-0.834039641
Centered,66,alpha[4],1.001645,1.01015,True,-1.0685742783125,-1.240695275,-1.0604087999999998,-0.9283129030000001
Centered,66,alpha[5],1.001645,1.01015,True,-0.9760082880725001,-1.104134945,-0.9769205750000001,-0.8422117835
Centered,66,alpha[6],1.001645,1.01015,True,-0.981352884615,-1.1007390049999999,-0.98150334,-0.861425953
Centered,66,alpha[7],1.001645,1.01015,True,-1.0039864361250002,-1.123998455,-1.0013482,-0.8918252245
Centered,66,alpha[8],1.001645,1.01015,True,-1.0698109131200002,-1.2667564,-1.0574766,-0.9149413215
Centered,66,alpha[9],1.001645,1.01015,True,-1.001776008365,-1.12925636,-1.0001986999999999,-0.880764195
Centered,66,alpha[10],1.001645,1.01015,True,-1.0672841999050002,-1.24733692,-1.0603878500000001,-0.9171966880000001
Centered,66,alpha[11],1.001645,1.01015,True,-1.02027457769,-1.14219944,-1.0172378000000002,-0.9086177405
Centered,66,alpha[12],1.001645,1.01015,True,-1.0800531355725,-1.267930175,-1.06898585,-0.9290576765
Centered,66,alpha[13],1.001645,1.01015,True,-0.9234467457350001,-1.047628255,-0.9266423850000001,-0.790538603
Centered,66,alpha[14],1.001645,1.01015,True,-1.0226565085525,-1.180348025,-1.0179808499999998,-0.882203633
Centered,66,alpha[15],1.001645,1.01015,True,-1.037515733055,-1.194728445,-1.0311305,-0.9021216045000001
Centered,66,alpha[16],1.001645,1.01015,True,-0.9673912440825,-1.083180465,-0.9681104,-0.8494856265
Centered,66,alpha[17],1.001645,1.01015,True,-0.9083219166275001,-1.032950215,-0.9117897399999999,-0.7672677545000001
Centered,66,alpha[18],1.001645,1.01015,True,-1.1029622542875002,-1.35293083,-1.0819299999999998,-0.9194835245000001
Centered,67,mu,1.055585,1.23239,False,-0.989695315315,-1.06413438,-0.98672187,-0.9312186925
Centered,67,sigma,1.055585,1.23239,False,0.11005191262774999,0.019998321,0.10962853,0.2053452699999999
Centered,67,alpha[1],1.055585,1.23239,False,-0.8052981874400001,-0.9512891,-0.80978163,-0.6159388615000001
Centered,67,alpha[2],1.055585,1.23239,False,-0.9085123963725,-1.022526775,-0.91175491,-0.76423943
Centered,67,alpha[3],1.055585,1.23239,False,-0.955767496855,-1.07153617,-0.95976416,-0.83455955
Centered,67,alpha[4],1.055585,1.23239,False,-1.05533356754,-1.23228943,-1.04937415,-0.91952161
Centered,67,alpha[5],1.055585,1.23239,False,-0.9737306854,-1.10024686,-0.96576292,-0.854669906
Centered,67,alpha[6],1.055585,1.23239,False,-0.9806548624525,-1.107545445,-0.97431791,-0.8613701570000001
Centered,67,alpha[7],1.055585,1.23239,False,-1.0010035077425,-1.12280836,-0.99296175,-0.8898929305000002
Centered,67,alpha[8],1.055585,1.23239,False,-1.0589084772175001,-1.26165252,-1.04678835,-0.9103825415000001
Centered,67,alpha[9],1.055585,1.23239,False,-0.9984066991874999,-1.128065315,-0.9922126600000001,-0.892082044
Centered,67,alpha[10],1.055585,1.23239,False,-1.056994202695,-1.254441695,-1.04412645,-0.9140337620000001
Centered,67,alpha[11],1.055585,1.23239,False,-1.0114727682775,-1.1425728050000001,-1.006262,-0.906475533
Centered,67,alpha[12],1.055585,1.23239,False,-1.0687886131475002,-1.2658087,-1.0564917500000002,-0.931823178
Centered,67,alpha[13],1.055585,1.23239,False,-0.9281977638199999,-1.047924675,-0.9368752600000001,-0.7906352580000002
Centered,67,alpha[14],1.055585,1.23239,False,-1.013763515065,-1.17611142,-1.00351425,-0.8867130205
Centered,67,alpha[15],1.055585,1.23239,False,-1.028093823045,-1.18463995,-1.0176539,-0.9052029895000001
Centered,67,alpha[16],1.055585,1.23239,False,-0.9663015610225,-1.079225675,-0.95800784,-0.8577629515000003
Centered,67,alpha[17],1.055585,1.23239,False,-0.9132370009875,-1.025571715,-0.92197313,-0.7773603250000001
Centered,67,alpha[18],1.055585,1.23239,False,-1.08931062007,-1.32824165,-1.072807,-0.8990527
Centered,68,mu,1.00103,1.00387,True,-0.9926057280350001,-1.0626767,-0.991307775,-0.92945306
Centered,68,sigma,1.00103,1.00387,True,0.1189107174865,0.046547898,0.11449495500000001,0.20236283549999992
Centered,68,alpha[1],1.00103,1.00387,True,-0.7915221173475001,-0.9454603364999999,-0.7957256850000001,-0.6143576675000001
Centered,68,alpha[2],1.00103,1.00387,True,-0.8993194518650001,-1.022733705,-0.9046386900000001,-0.7583495290000001
Centered,68,alpha[3],1.00103,1.00387,True,-0.9553788884975001,-1.07400915,-0.955187255,-0.832591924
Centered,68,alpha[4],1.00103,1.00387,True,-1.06633785636,-1.23354703,-1.06135615,-0.9206643015
Centered,68,alpha[5],1.00103,1.00387,True,-0.97491373954,-1.09759754,-0.974265905,-0.8537332185000003
Centered,68,alpha[6],1.00103,1.00387,True,-0.9832309923625,-1.1133265350000001,-0.9806674150000001,-0.8607251220000001
Centered,68,alpha[7],1.00103,1.00387,True,-1.0045669538475,-1.12203643,-1.0038129,-0.8899306385000001
Centered,68,alpha[8],1.00103,1.00387,True,-1.0691911282474997,-1.2575205,-1.0590077,-0.9135773155
Centered,68,alpha[9],1.00103,1.00387,True,-1.001634747135,-1.126858275,-0.9985424,-0.8850455100000001
Centered,68,alpha[10],1.00103,1.00387,True,-1.0699325525125,-1.255391375,-1.0634288,-0.9139280035
Centered,68,alpha[11],1.00103,1.00387,True,-1.019553334135,-1.14464327,-1.01683215,-0.9036602895000001
Centered,68,alpha[12],1.00103,1.00387,True,-1.07937414907,-1.2688347800000002,-1.0717177,-0.9195929785000001
Centered,68,alpha[13],1.00103,1.00387,True,-0.9221807822675,-1.0485016399999998,-0.924132805,-0.7878800295000001
Centered,68,alpha[14],1.00103,1.00387,True,-1.02032957204,-1.16850739,-1.01618275,-0.8833794670000001
Centered,68,alpha[15],1.00103,1.00387,True,-1.0354834271825,-1.1932130349999999,-1.03088815,-0.8974399215000001
Centered,68,alpha[16],1.00103,1.00387,True,-0.9675933319525,-1.0845802249999998,-0.9665240900000001,-0.8523879325
Centered,68,alpha[17],1.00103,1.00387,True,-0.907224497915,-1.03518492,-0.91141474,-0.7689641050000001
Centered,68,alpha[18],1.00103,1.00387,True,-1.1017087771,-1.337269485,-1.08700555,-0.9243743585
Centered,69,mu,1.001585,1.00562,True,-0.9938070993375,-1.06565299,-0.9924130099999999,-0.9271406645
Centered,69,sigma,1.001585,1.00562,True,0.119439288541,0.04397308375,0.115938565,0.20232973049999992
Centered,69,alpha[1],1.001585,1.00562,True,-0.790728043955,-0.9576165025,-0.7911407,-0.6207538805
Centered,69,alpha[2],1.001585,1.00562,True,-0.8997648802574999,-1.02473398,-0.90371289,-0.7664119805
Centered,69,alpha[3],1.001585,1.00562,True,-0.9586735497375001,-1.076830755,-0.958965485,-0.8351997035000001
Centered,69,alpha[4],1.001585,1.00562,True,-1.067756620975,-1.23712414,-1.06014815,-0.926704854
Centered,69,alpha[5],1.001585,1.00562,True,-0.9778534536450001,-1.1061801800000002,-0.97728653,-0.848474362
Centered,69,alpha[6],1.001585,1.00562,True,-0.9819331638775,-1.10997007,-0.98242567,-0.8579410840000001
Centered,69,alpha[7],1.001585,1.00562,True,-1.0055567258325,-1.126472435,-1.003342,-0.8871840755
Centered,69,alpha[8],1.001585,1.00562,True,-1.0706196332625,-1.2679140549999999,-1.0610184,-0.9026417965000001
Centered,69,alpha[9],1.001585,1.00562,True,-1.0018078961075,-1.1359582400000001,-0.9967977100000001,-0.8848284435000002
Centered,69,alpha[10],1.001585,1.00562,True,-1.0662436038425,-1.248301305,-1.0575982000000002,-0.919116204
Centered,69,alpha[11],1.001585,1.00562,True,-1.021974677465,-1.14672298,-1.01967265,-0.9065002365000001
Centered,69,alpha[12],1.001585,1.00562,True,-1.0808653686575,-1.26708659,-1.07194455,-0.9261526674999999
Centered,69,alpha[13],1.001585,1.00562,True,-0.925706362645,-1.04907972,-0.92793859,-0.7905086440000001
Centered,69,alpha[14],1.001585,1.00562,True,-1.0205842535125,-1.1767936650000002,-1.01752075,-0.8786698555
Centered,69,alpha[15],1.001585,1.00562,True,-1.0372594288775,-1.19659516,-1.0336836,-0.8964577195000001
Centered,69,alpha[16],1.001585,1.00562,True,-0.9667309549950001,-1.0818267,-0.966908915,-0.8521559955000001
Centered,69,alpha[17],1.001585,1.00562,True,-0.9105608949550001,-1.03590672,-0.91604626,-0.768346458
Centered,69,alpha[18],1.001585,1.00562,True,-1.1043368249675,-1.344280785,-1.0884105499999999,-0.9214768635
Centered,70,mu,1.002365,1.00985,True,-0.99245045251,-1.062991665,-0.9900080099999999,-0.930543014
Centered,70,sigma,1.002365,1.00985,True,0.11387919848825,0.03496668255000001,0.11143647,0.19993960399999994
Centered,70,alpha[1],1.002365,1.00985,True,-0.8025928294375001,-0.9693871315,-0.806950675,-0.6174546235
Centered,70,alpha[2],1.002365,1.00985,True,-0.9018206465399999,-1.02153635,-0.90824085,-0.7631083005000001
Centered,70,alpha[3],1.002365,1.00985,True,-0.9581977862250001,-1.0770012800000002,-0.958050385,-0.839070061
Centered,70,alpha[4],1.002365,1.00985,True,-1.0631857733725,-1.2282737099999999,-1.0533853,-0.9254176250000001
Centered,70,alpha[5],1.002365,1.00985,True,-0.9760886886000001,-1.10204031,-0.975986465,-0.851543553
Centered,70,alpha[6],1.002365,1.00985,True,-0.9814448582224999,-1.0967607799999999,-0.98267406,-0.86617573
Centered,70,alpha[7],1.002365,1.00985,True,-1.00407594136,-1.1210105799999999,-1.0025499,-0.894633331
Centered,70,alpha[8],1.002365,1.00985,True,-1.0634036707299999,-1.264714555,-1.0499796,-0.9049790565
Centered,70,alpha[9],1.002365,1.00985,True,-1.0015307838375,-1.126542125,-0.997947685,-0.8828612380000002
Centered,70,alpha[10],1.002365,1.00985,True,-1.062841073985,-1.2392254249999999,-1.0516572499999999,-0.9173114775
Centered,70,alpha[11],1.002365,1.00985,True,-1.0167960754525,-1.1426157099999998,-1.0136681,-0.9017861215
Centered,70,alpha[12],1.002365,1.00985,True,-1.0773961998325,-1.27625845,-1.06391345,-0.9237929055000001
Centered,70,alpha[13],1.002365,1.00985,True,-0.9252643250799999,-1.043780615,-0.92953412,-0.792833938
Centered,70,alpha[14],1.002365,1.00985,True,-1.0200645854150001,-1.171593125,-1.01284055,-0.8911802990000001
Centered,70,alpha[15],1.002365,1.00985,True,-1.0314644751400002,-1.1855260650000001,-1.02382315,-0.900650626
Centered,70,alpha[16],1.002365,1.00985,True,-0.9674807898625,-1.0834793150000002,-0.9660382350000001,-0.85223121
Centered,70,alpha[17],1.002365,1.00985,True,-0.91310624014,-1.03518259,-0.920065615,-0.7702020535000001
Centered,70,alpha[18],1.002365,1.00985,True,-1.097807512845,-1.34389202,-1.07731365,-0.9272949985
Centered,71,mu,1.001125,1.00591,True,-0.9934699293374999,-1.065570605,-0.991016805,-0.9299039680000001
Centered,71,sigma,1.001125,1.00591,True,0.1203085575205,0.04326778515,0.116011985,0.20789270199999996
Centered,71,alpha[1],1.001125,1.00591,True,-0.7919896712000001,-0.9550986214999999,-0.7961123,-0.6158421735
Centered,71,alpha[2],1.001125,1.00591,True,-0.8980374228525,-1.0239260350000001,-0.9021845900000001,-0.759599637
Centered,71,alpha[3],1.001125,1.00591,True,-0.9568769271224999,-1.0743258,-0.957879935,-0.8390914955000001
Centered,71,alpha[4],1.001125,1.00591,True,-1.0667353186525002,-1.23473432,-1.05763815,-0.9215717660000001
Centered,71,alpha[5],1.001125,1.00591,True,-0.9791213290475,-1.11174317,-0.977640845,-0.8456818075
Centered,71,alpha[6],1.001125,1.00591,True,-0.9818708513750001,-1.111406395,-0.9795191400000001,-0.8576807690000001
Centered,71,alpha[7],1.001125,1.00591,True,-1.00528236955,-1.12882733,-1.0033804,-0.890815284
Centered,71,alpha[8],1.001125,1.00591,True,-1.07081836035,-1.265185885,-1.0596928,-0.9089288255
Centered,71,alpha[9],1.001125,1.00591,True,-1.0042554640324999,-1.1295286,-1.00067715,-0.8873634925
Centered,71,alpha[10],1.001125,1.00591,True,-1.0680115622625,-1.24849055,-1.0607278,-0.916921374
Centered,71,alpha[11],1.001125,1.00591,True,-1.019126686545,-1.14421983,-1.01575735,-0.9013556115000001
Centered,71,alpha[12],1.001125,1.00591,True,-1.0804830041824998,-1.25964101,-1.07088385,-0.925735884
Centered,71,alpha[13],1.001125,1.00591,True,-0.9256233685874999,-1.0489827999999999,-0.929872805,-0.7880205205
Centered,71,alpha[14],1.001125,1.00591,True,-1.02148650788,-1.16537145,-1.0187841,-0.8866960895
Centered,71,alpha[15],1.001125,1.00591,True,-1.0379518616774999,-1.193792855,-1.0332770500000001,-0.8989404915
Centered,71,alpha[16],1.001125,1.00591,True,-0.9677188164125,-1.084385275,-0.967356345,-0.8493193425
Centered,71,alpha[17],1.001125,1.00591,True,-0.9083188311675,-1.03479801,-0.911911445,-0.7735714750000001
Centered,71,alpha[18],1.001125,1.00591,True,-1.1040541021725,-1.3405913349999998,-1.0852091000000001,-0.9297962535000002
Centered,72,mu,1.00189,1.00407,True,-0.993496118815,-1.06135063,-0.9915941749999999,-0.928243395
Centered,72,sigma,1.00189,1.00407,True,0.1170653661835,0.044792808700000006,0.112969935,0.20493441849999997
Centered,72,alpha[1],1.00189,1.00407,True,-0.7974877745125,-0.95926816,-0.8030708150000001,-0.6226939200000003
Centered,72,alpha[2],1.00189,1.00407,True,-0.9000831436775001,-1.0258877149999999,-0.906181825,-0.7600724675000001
Centered,72,alpha[3],1.00189,1.00407,True,-0.95849190521,-1.0744025099999999,-0.95933245,-0.836405918
Centered,72,alpha[4],1.00189,1.00407,True,-1.067057666215,-1.2295889549999999,-1.0610751500000002,-0.9288109185
Centered,72,alpha[5],1.00189,1.00407,True,-0.976254104725,-1.098254815,-0.9760063,-0.8579949495
Centered,72,alpha[6],1.00189,1.00407,True,-0.9830949467825,-1.105058195,-0.9824620049999999,-0.860869131
Centered,72,alpha[7],1.00189,1.00407,True,-1.00393431357,-1.11941904,-1.00200025,-0.8947932685000002
Centered,72,alpha[8],1.00189,1.00407,True,-1.0696005290025001,-1.255211935,-1.06204025,-0.916810495
Centered,72,alpha[9],1.00189,1.00407,True,-1.0024982939525,-1.12904106,-1.0013171,-0.8846832445000001
Centered,72,alpha[10],1.00189,1.00407,True,-1.064812028645,-1.237951805,-1.0554877,-0.9217158635000001
Centered,72,alpha[11],1.00189,1.00407,True,-1.0208922789000001,-1.141620315,-1.0189952500000001,-0.90795862
Centered,72,alpha[12],1.00189,1.00407,True,-1.0803724013400002,-1.26073391,-1.0705710000000002,-0.9333709475
Centered,72,alpha[13],1.00189,1.00407,True,-0.926010077555,-1.047065165,-0.92988819,-0.7912964385000001
Centered,72,alpha[14],1.00189,1.00407,True,-1.0229622842275,-1.17352257,-1.01986705,-0.8830624200000001
Centered,72,alpha[15],1.00189,1.00407,True,-1.0371383827025,-1.19371318,-1.03010985,-0.9027005665000002
Centered,72,alpha[16],1.00189,1.00407,True,-0.970288053255,-1.08945339,-0.9721818950000001,-0.8510971195
Centered,72,alpha[17],1.00189,1.00407,True,-0.9127354378125,-1.0358108,-0.9172900799999999,-0.779748661
Centered,72,alpha[18],1.00189,1.00407,True,-1.1013361149625,-1.33333223,-1.08511995,-0.9263297555000001
Centered,73,mu,1.062725,1.26167,False,-0.9895745959225001,-1.0622477000000001,-0.986277815,-0.934433758
Centered,73,sigma,1.062725,1.26167,False,0.1051948747215,0.01766336,0.10609581500000001,0.1967069225
Centered,73,alpha[1],1.062725,1.26167,False,-0.81210554137,-0.956617327,-0.819654825,-0.6186188650000001
Centered,73,alpha[2],1.062725,1.26167,False,-0.904401227585,-1.01198371,-0.917941845,-0.7681576550000001
Centered,73,alpha[3],1.062725,1.26167,False,-0.956162021545,-1.0772958149999998,-0.9488842049999999,-0.8404055985000001
Centered,73,alpha[4],1.062725,1.26167,False,-1.0553195203675,-1.226849115,-1.0430938,-0.93167163
Centered,73,alpha[5],1.062725,1.26167,False,-0.9719426093675,-1.0954683649999999,-0.96521589,-0.8580276950000001
Centered,73,alpha[6],1.062725,1.26167,False,-0.9786680745399999,-1.1052259450000002,-0.9695390150000001,-0.8616792670000001
Centered,73,alpha[7],1.062725,1.26167,False,-0.9974815818300001,-1.12239762,-0.99134603,-0.8928383990000001
Centered,73,alpha[8],1.062725,1.26167,False,-1.0541351561599999,-1.25873878,-1.0405228499999999,-0.9166695905000001
Centered,73,alpha[9],1.062725,1.26167,False,-0.995851621355,-1.120902555,-0.988273025,-0.8933877379999999
Centered,73,alpha[10],1.062725,1.26167,False,-1.05089090846,-1.245599145,-1.0406076,-0.9177623385
Centered,73,alpha[11],1.062725,1.26167,False,-1.012658570025,-1.1471947,-1.00488015,-0.906055189
Centered,73,alpha[12],1.062725,1.26167,False,-1.062441318855,-1.25756743,-1.05085,-0.9276570495
Centered,73,alpha[13],1.062725,1.26167,False,-0.9315485251150001,-1.045590535,-0.94083836,-0.7922113310000001
Centered,73,alpha[14],1.062725,1.26167,False,-1.01254372139,-1.16478207,-1.0035971,-0.88775303
Centered,73,alpha[15],1.062725,1.26167,False,-1.0274832740349997,-1.1875921950000001,-1.017751,-0.9035892980000001
Centered,73,alpha[16],1.062725,1.26167,False,-0.9676976031425001,-1.074569605,-0.96629268,-0.8574584055
Centered,73,alpha[17],1.062725,1.26167,False,-0.9174564953625,-1.032547635,-0.929761955,-0.7824185969999999
Centered,73,alpha[18],1.062725,1.26167,False,-1.0835639830925,-1.3253459799999998,-1.06237235,-0.9290908360000001
Centered,74,mu,1.002065,1.01164,True,-0.9940028380250001,-1.06686593,-0.991645425,-0.9289093235
Centered,74,sigma,1.002065,1.01164,True,0.11808836856874999,0.0399795582,0.114780695,0.206159617
Centered,74,alpha[1],1.002065,1.01164,True,-0.796521216505,-0.9628194365,-0.798113885,-0.6256501440000001
Centered,74,alpha[2],1.002065,1.01164,True,-0.899737551255,-1.029135715,-0.9045920249999999,-0.761030563
Centered,74,alpha[3],1.002065,1.01164,True,-0.958145660085,-1.07615442,-0.959613735,-0.8386921310000001
Centered,74,alpha[4],1.002065,1.01164,True,-1.064935401855,-1.2389196299999998,-1.05572,-0.922683978
Centered,74,alpha[5],1.002065,1.01164,True,-0.9757947958825001,-1.1069476299999998,-0.97432192,-0.841539071
Centered,74,alpha[6],1.002065,1.01164,True,-0.9833028520925001,-1.10676687,-0.9821536399999999,-0.8609145200000001
Centered,74,alpha[7],1.002065,1.01164,True,-1.00296358326,-1.124336475,-1.00010615,-0.8889140885000001
Centered,74,alpha[8],1.002065,1.01164,True,-1.0703350967,-1.26320451,-1.05848565,-0.9110199925
Centered,74,alpha[9],1.002065,1.01164,True,-1.00151167857,-1.123911795,-0.999018055,-0.8840766385000001
Centered,74,alpha[10],1.002065,1.01164,True,-1.065353858885,-1.2401251549999999,-1.0561905,-0.9186058755
Centered,74,alpha[11],1.002065,1.01164,True,-1.0182558983599999,-1.1449348899999998,-1.01496425,-0.9025747835000001
Centered,74,alpha[12],1.002065,1.01164,True,-1.077992448375,-1.2656369299999999,-1.0693538,-0.9221738960000001
Centered,74,alpha[13],1.002065,1.01164,True,-0.9240639702050001,-1.045834535,-0.92888931,-0.792795674
Centered,74,alpha[14],1.002065,1.01164,True,-1.0192327752424999,-1.170373735,-1.0144381500000001,-0.8837499460000001
Centered,74,alpha[15],1.002065,1.01164,True,-1.0382685126975002,-1.20033102,-1.03075155,-0.8962463885
Centered,74,alpha[16],1.002065,1.01164,True,-0.9699798861500001,-1.078762585,-0.970597675,-0.8563096790000001
Centered,74,alpha[17],1.002065,1.01164,True,-0.911015995145,-1.0352984650000001,-0.91622156,-0.7719256875
Centered,74,alpha[18],1.002065,1.01164,True,-1.1019229167875,-1.3417263499999998,-1.08449085,-0.9194685735
Centered,75,mu,1.00386,1.01631,True,-0.9927439276175001,-1.062544325,-0.99009115,-0.9294018595
Centered,75,sigma,1.00386,1.01631,True,0.112723090494,0.029423395,0.11005347,0.19968828899999994
Centered,75,alpha[1],1.00386,1.01631,True,-0.8027445300375,-0.9710730259999999,-0.8054833699999999,-0.6193854490000001
Centered,75,alpha[2],1.00386,1.01631,True,-0.9024609984275,-1.0247315499999998,-0.908441265,-0.7647173855
Centered,75,alpha[3],1.00386,1.01631,True,-0.958259094645,-1.072504305,-0.959049715,-0.8402292445
Centered,75,alpha[4],1.00386,1.01631,True,-1.06010550649,-1.2233110999999999,-1.0519181,-0.9268425415000001
Centered,75,alpha[5],1.00386,1.01631,True,-0.97573513235,-1.097891135,-0.977255295,-0.849463088
Centered,75,alpha[6],1.00386,1.01631,True,-0.9836857086474999,-1.10729995,-0.983071515,-0.8629260555
Centered,75,alpha[7],1.00386,1.01631,True,-1.003343055185,-1.117274205,-1.00034805,-0.8943172705000001
Centered,75,alpha[8],1.00386,1.01631,True,-1.063778267385,-1.262913095,-1.048186,-0.9158664325000001
Centered,75,alpha[9],1.00386,1.01631,True,-1.0014391550950001,-1.121008585,-0.998495645,-0.8901445595
Centered,75,alpha[10],1.00386,1.01631,True,-1.0625268298275001,-1.23590651,-1.0515626,-0.9200370335
Centered,75,alpha[11],1.00386,1.01631,True,-1.0188797708325,-1.1413590649999998,-1.0147962000000001,-0.9028754995
Centered,75,alpha[12],1.00386,1.01631,True,-1.0739780253775,-1.2678451849999999,-1.06181035,-0.9247826610000001
Centered,75,alpha[13],1.00386,1.01631,True,-0.9279809444775,-1.04890123,-0.932168825,-0.7952612555
Centered,75,alpha[14],1.00386,1.01631,True,-1.0185928118925,-1.166182075,-1.0104796,-0.8877618715000001
Centered,75,alpha[15],1.00386,1.01631,True,-1.0346987638075003,-1.1900521599999998,-1.0259661,-0.899606063
Centered,75,alpha[16],1.00386,1.01631,True,-0.969012789385,-1.08513689,-0.970815115,-0.8495590590000002
Centered,75,alpha[17],1.00386,1.01631,True,-0.912909251335,-1.0320439750000001,-0.918551075,-0.7745033885
Centered,75,alpha[18],1.00386,1.01631,True,-1.0943574143975001,-1.33392394,-1.07588625,-0.923677364
Centered,76,mu,1.002535,1.01049,True,-0.994057409215,-1.062388075,-0.99173532,-0.930548216
Centered,76,sigma,1.002535,1.01049,True,0.11955861100800001,0.045338772400000005,0.11573565499999999,0.2043067425
Centered,76,alpha[1],1.002535,1.01049,True,-0.7906979122,-0.9567930195000001,-0.792037245,-0.6175826155000002
Centered,76,alpha[2],1.002535,1.01049,True,-0.89735796957,-1.02133673,-0.90120425,-0.759109832
Centered,76,alpha[3],1.002535,1.01049,True,-0.956892034805,-1.07393243,-0.95858187,-0.8362802115000001
Centered,76,alpha[4],1.002535,1.01049,True,-1.0696825031600001,-1.23769889,-1.06206625,-0.9297686395000001
Centered,76,alpha[5],1.002535,1.01049,True,-0.9769288778349999,-1.105748505,-0.977888575,-0.8489470545000001
Centered,76,alpha[6],1.002535,1.01049,True,-0.982821811255,-1.10590883,-0.981839895,-0.8606260315
Centered,76,alpha[7],1.002535,1.01049,True,-1.005766125535,-1.13090913,-1.00435875,-0.8871685500000001
Centered,76,alpha[8],1.002535,1.01049,True,-1.0720986680075,-1.27556007,-1.06099225,-0.907358428
Centered,76,alpha[9],1.002535,1.01049,True,-1.0023873340875,-1.127507305,-1.000025285,-0.8835389115000001
Centered,76,alpha[10],1.002535,1.01049,True,-1.0695330242074998,-1.246500805,-1.0627648,-0.9224543625000001
Centered,76,alpha[11],1.002535,1.01049,True,-1.0192773213375002,-1.14095413,-1.0173959,-0.9048542605000001
Centered,76,alpha[12],1.002535,1.01049,True,-1.0784813375899998,-1.259600155,-1.06952955,-0.929452528
Centered,76,alpha[13],1.002535,1.01049,True,-0.925821716465,-1.04725727,-0.9307176749999999,-0.7933325325
Centered,76,alpha[14],1.002535,1.01049,True,-1.0234661679900001,-1.1788851850000002,-1.0185647,-0.8796998335
Centered,76,alpha[15],1.002535,1.01049,True,-1.0369344999524999,-1.19564213,-1.0317892,-0.9029619665
Centered,76,alpha[16],1.002535,1.01049,True,-0.9674834352325,-1.087625995,-0.9667965700000001,-0.8466255980000001
Centered,76,alpha[17],1.002535,1.01049,True,-0.9092149004200001,-1.03798918,-0.91338536,-0.7693977905
Centered,76,alpha[18],1.002535,1.01049,True,-1.103259252555,-1.33925915,-1.0863122,-0.924778197
Centered,77,mu,1.00108,1.00281,True,-0.9940187841924999,-1.06682652,-0.991604725,-0.9309086565
Centered,77,sigma,1.00108,1.00281,True,0.119767244192,0.0443009661,0.11566056499999999,0.20722009649999998
Centered,77,alpha[1],1.00108,1.00281,True,-0.7902861190475,-0.954142109,-0.792256965,-0.6153417150000001
Centered,77,alpha[2],1.00108,1.00281,True,-0.8996507880325,-1.025735835,-0.90490552,-0.760198213
Centered,77,alpha[3],1.00108,1.00281,True,-0.9582296979124999,-1.0748089250000001,-0.96017363,-0.8385078015
Centered,77,alpha[4],1.00108,1.00281,True,-1.0671501128499998,-1.242006425,-1.0595013999999998,-0.9225833365000001
Centered,77,alpha[5],1.00108,1.00281,True,-0.97703575602,-1.10985689,-0.977562865,-0.8462699680000002
Centered,77,alpha[6],1.00108,1.00281,True,-0.982510827435,-1.109754105,-0.98009079,-0.8599725785
Centered,77,alpha[7],1.00108,1.00281,True,-1.0052545114325,-1.1277399449999999,-1.00295675,-0.88633598
Centered,77,alpha[8],1.00108,1.00281,True,-1.0726626710325,-1.2708485600000001,-1.0626590999999999,-0.9138810045
Centered,77,alpha[9],1.00108,1.00281,True,-1.0026991500575,-1.12924442,-1.0007581,-0.881687929
Centered,77,alpha[10],1.00108,1.00281,True,-1.06709972456,-1.25305581,-1.05684025,-0.9180330780000001
Centered,77,alpha[11],1.00108,1.00281,True,-1.0204260648225,-1.13772294,-1.0190225000000002,-0.9045875785000002
Centered,77,alpha[12],1.00108,1.00281,True,-1.0827796087100001,-1.2768238299999999,-1.0721598,-0.9265482460000001
Centered,77,alpha[13],1.00108,1.00281,True,-0.92421504539,-1.04400319,-0.928421495,-0.794862825
Centered,77,alpha[14],1.00108,1.00281,True,-1.0212969702125,-1.17195855,-1.0173649999999999,-0.8838972755
Centered,77,alpha[15],1.00108,1.00281,True,-1.0367841922299998,-1.199536145,-1.0319652000000001,-0.8937426785
Centered,77,alpha[16],1.00108,1.00281,True,-0.967553634005,-1.090118045,-0.96742914,-0.842205389
Centered,77,alpha[17],1.00108,1.00281,True,-0.9092885838025,-1.0340886100000002,-0.91243488,-0.7743693925
Centered,77,alpha[18],1.00108,1.00281,True,-1.1061956296425,-1.33794824,-1.0898634999999999,-0.925424881
Centered,78,mu,1.00197,1.01711,True,-0.99262819788,-1.06083986,-0.9909856800000001,-0.928910616
Centered,78,sigma,1.00197,1.01711,True,0.11863875162825001,0.0471212291,0.11497148,0.20312642299999994
Centered,78,alpha[1],1.00197,1.01711,True,-0.7932951122525,-0.952918161,-0.7974442799999999,-0.618113223
Centered,78,alpha[2],1.00197,1.01711,True,-0.900160100365,-1.020341415,-0.9042474549999999,-0.7629808060000001
Centered,78,alpha[3],1.00197,1.01711,True,-0.9574548816075,-1.0751773199999999,-0.95857809,-0.840338494
Centered,78,alpha[4],1.00197,1.01711,True,-1.06670929443,-1.23653685,-1.0587724,-0.926187207
Centered,78,alpha[5],1.00197,1.01711,True,-0.9762684427575001,-1.103522415,-0.9759787950000001,-0.848768394
Centered,78,alpha[6],1.00197,1.01711,True,-0.98096938345,-1.105535165,-0.978430285,-0.8623489085
Centered,78,alpha[7],1.00197,1.01711,True,-1.0040309992825,-1.12154705,-1.0022231000000001,-0.890849163
Centered,78,alpha[8],1.00197,1.01711,True,-1.070696327135,-1.2757626050000002,-1.0575937999999998,-0.907906473
Centered,78,alpha[9],1.00197,1.01711,True,-1.00274708496,-1.129330315,-1.00096425,-0.8789530665
Centered,78,alpha[10],1.00197,1.01711,True,-1.0661886653275001,-1.24728739,-1.05821205,-0.9188666415000001
Centered,78,alpha[11],1.00197,1.01711,True,-1.0187029060625,-1.1467540900000002,-1.01611605,-0.8996674575000001
Centered,78,alpha[12],1.00197,1.01711,True,-1.0790473217049998,-1.26170633,-1.0680277999999999,-0.927908038
Centered,78,alpha[13],1.00197,1.01711,True,-0.9257928098574999,-1.050334845,-0.9279425299999999,-0.795585309
Centered,78,alpha[14],1.00197,1.01711,True,-1.02030956369,-1.1717721049999998,-1.01555895,-0.8857093490000001
Centered,78,alpha[15],1.00197,1.01711,True,-1.03543397883,-1.19231745,-1.0305149500000002,-0.8928714895000001
Centered,78,alpha[16],1.00197,1.01711,True,-0.9682726932675,-1.084122665,-0.96892361,-0.8464381945
Centered,78,alpha[17],1.00197,1.01711,True,-0.9084434218725,-1.036582905,-0.914213245,-0.7665834045000001
Centered,78,alpha[18],1.00197,1.01711,True,-1.1016384536825,-1.33440893,-1.0835751500000002,-0.924825709
Centered,79,mu,1.0016150000000001,1.00403,True,-0.9935404895249998,-1.0662118299999999,-0.9919080600000001,-0.9289938435
Centered,79,sigma,1.0016150000000001,1.00403,True,0.11921431517275001,0.038127746,0.116073175,0.20877726199999994
Centered,79,alpha[1],1.0016150000000001,1.00403,True,-0.79119833856,-0.961775523,-0.79103086,-0.609411761
Centered,79,alpha[2],1.0016150000000001,1.00403,True,-0.8988959602775001,-1.02530125,-0.9032133149999999,-0.7528593565
Centered,79,alpha[3],1.0016150000000001,1.00403,True,-0.9576651016600001,-1.081190855,-0.956173815,-0.831879277
Centered,79,alpha[4],1.0016150000000001,1.00403,True,-1.067022900335,-1.23524879,-1.0589716,-0.9281886174999999
Centered,79,alpha[5],1.0016150000000001,1.00403,True,-0.9763920563875,-1.1064606899999998,-0.97581441,-0.8482672115000001
Centered,79,alpha[6],1.0016150000000001,1.00403,True,-0.982706670735,-1.105824675,-0.98261419,-0.862102867
Centered,79,alpha[7],1.0016150000000001,1.00403,True,-1.004191087975,-1.126558175,-1.0034109500000001,-0.8918063705
Centered,79,alpha[8],1.0016150000000001,1.00403,True,-1.0702684896525,-1.2675751599999998,-1.0586046,-0.91103498
Centered,79,alpha[9],1.0016150000000001,1.00403,True,-1.0023752536625,-1.13019475,-0.999016385,-0.8860269425
Centered,79,alpha[10],1.0016150000000001,1.00403,True,-1.0671539231725,-1.2531953949999999,-1.0550166,-0.917243029
Centered,79,alpha[11],1.0016150000000001,1.00403,True,-1.01959964633,-1.1451142,-1.0165071,-0.902890483
Centered,79,alpha[12],1.0016150000000001,1.00403,True,-1.0800897443125,-1.2719602300000001,-1.0690019,-0.9282770865000002
Centered,79,alpha[13],1.0016150000000001,1.00403,True,-0.9255590067724999,-1.0469747,-0.92847454,-0.794946233
Centered,79,alpha[14],1.0016150000000001,1.00403,True,-1.0214656707775,-1.17375031,-1.01595915,-0.8849467464999999
Centered,79,alpha[15],1.0016150000000001,1.00403,True,-1.0356500537725002,-1.1905565,-1.0302984,-0.9032238029999999
Centered,79,alpha[16],1.0016150000000001,1.00403,True,-0.9675630443350001,-1.08209116,-0.96800204,-0.8569632635
Centered,79,alpha[17],1.0016150000000001,1.00403,True,-0.9093762830625,-1.03148351,-0.914201775,-0.771335832
Centered,79,alpha[18],1.0016150000000001,1.00403,True,-1.1039777635149999,-1.34505365,-1.0859871,-0.9235408865000001
Centered,80,mu,1.0015999999999998,1.00736,True,-0.9926803814725,-1.0610533199999999,-0.99141696,-0.929543596
Centered,80,sigma,1.0015999999999998,1.00736,True,0.117862504323,0.0480681799,0.11461913500000001,0.20417194999999996
Centered,80,alpha[1],1.0015999999999998,1.00736,True,-0.7946563083599999,-0.9592668645,-0.799093305,-0.61997084
Centered,80,alpha[2],1.0015999999999998,1.00736,True,-0.8980844481725001,-1.02511673,-0.90114034,-0.753615449
Centered,80,alpha[3],1.0015999999999998,1.00736,True,-0.9593148596775,-1.07885139,-0.9604779,-0.8370039735
Centered,80,alpha[4],1.0015999999999998,1.00736,True,-1.06697640229,-1.23823608,-1.0595430000000001,-0.9245738755
Centered,80,alpha[5],1.0015999999999998,1.00736,True,-0.97690458474,-1.104318645,-0.97704285,-0.84749772
Centered,80,alpha[6],1.0015999999999998,1.00736,True,-0.98135561536,-1.105116085,-0.9805416,-0.8631391250000001
Centered,80,alpha[7],1.0015999999999998,1.00736,True,-1.0033508889475,-1.122000045,-1.00138,-0.8926437540000001
Centered,80,alpha[8],1.0015999999999998,1.00736,True,-1.0700172723924999,-1.26651346,-1.0579787999999999,-0.9101197945
Centered,80,alpha[9],1.0015999999999998,1.00736,True,-1.0006952591899998,-1.1297127550000001,-0.998401445,-0.8782339515
Centered,80,alpha[10],1.0015999999999998,1.00736,True,-1.0654071531,-1.244167005,-1.05736675,-0.9193698785000001
Centered,80,alpha[11],1.0015999999999998,1.00736,True,-1.021031082995,-1.1458092199999999,-1.01798985,-0.9038907875000001
Centered,80,alpha[12],1.0015999999999998,1.00736,True,-1.0777084552475,-1.261822485,-1.06742735,-0.922019746
Centered,80,alpha[13],1.0015999999999998,1.00736,True,-0.9259001558025,-1.0542252049999998,-0.92723915,-0.7917689960000001
Centered,80,alpha[14],1.0015999999999998,1.00736,True,-1.0208191639925,-1.1704641100000002,-1.0181763,-0.8836695725
Centered,80,alpha[15],1.0015999999999998,1.00736,True,-1.0351715603825,-1.1898922650000001,-1.0298645,-0.8977585895000001
Centered,80,alpha[16],1.0015999999999998,1.00736,True,-0.97029479613,-1.089267585,-0.97068529,-0.852538799
Centered,80,alpha[17],1.0015999999999998,1.00736,True,-0.91063063863,-1.037205005,-0.917377975,-0.7660339585
Centered,80,alpha[18],1.0015999999999998,1.00736,True,-1.101774511225,-1.3255808500000001,-1.08661075,-0.9267888605000001
Centered,81,mu,1.0015049999999999,1.01207,True,-0.9934013472175,-1.060899255,-0.992283385,-0.9279992739999999
Centered,81,sigma,1.0015049999999999,1.01207,True,0.11800354940075,0.0444545142,0.11474039,0.20212147099999997
Centered,81,alpha[1],1.0015049999999999,1.01207,True,-0.7949511252475001,-0.9579933,-0.79912618,-0.6141252580000002
Centered,81,alpha[2],1.0015049999999999,1.01207,True,-0.89865744808,-1.020751645,-0.90346227,-0.7587979505
Centered,81,alpha[3],1.0015049999999999,1.01207,True,-0.9565775907325,-1.070368025,-0.95695613,-0.8420797360000002
Centered,81,alpha[4],1.0015049999999999,1.01207,True,-1.0659318668925002,-1.234434255,-1.0572892999999999,-0.925929665
Centered,81,alpha[5],1.0015049999999999,1.01207,True,-0.97755795197,-1.1044418649999999,-0.9770584600000001,-0.8541228685000001
Centered,81,alpha[6],1.0015049999999999,1.01207,True,-0.9847947108099999,-1.1176708549999999,-0.982369415,-0.8620708605000003
Centered,81,alpha[7],1.0015049999999999,1.01207,True,-1.005282662885,-1.12193158,-1.0035821,-0.894885255
Centered,81,alpha[8],1.0015049999999999,1.01207,True,-1.06972216294,-1.2629360399999998,-1.06052085,-0.9149171250000001
Centered,81,alpha[9],1.0015049999999999,1.01207,True,-1.001163368935,-1.1257169200000001,-0.999545935,-0.880225063
Centered,81,alpha[10],1.0015049999999999,1.01207,True,-1.0652341417475,-1.2420345,-1.05686665,-0.9172069785000001
Centered,81,alpha[11],1.0015049999999999,1.01207,True,-1.017848159225,-1.14576374,-1.0147002500000002,-0.8993766245
Centered,81,alpha[12],1.0015049999999999,1.01207,True,-1.0790474534575,-1.2719849200000002,-1.06729875,-0.9216076855
Centered,81,alpha[13],1.0015049999999999,1.01207,True,-0.9253905249250001,-1.0479684599999999,-0.92717036,-0.7943250015
Centered,81,alpha[14],1.0015049999999999,1.01207,True,-1.0200246963525,-1.168343525,-1.0164952999999999,-0.8849567905
Centered,81,alpha[15],1.0015049999999999,1.01207,True,-1.036567617065,-1.19541626,-1.03087325,-0.8993357995000001
Centered,81,alpha[16],1.0015049999999999,1.01207,True,-0.9691924861525,-1.085367645,-0.96931974,-0.8496727690000001
Centered,81,alpha[17],1.0015049999999999,1.01207,True,-0.9096697904549998,-1.034667395,-0.914655895,-0.7716645715000001
Centered,81,alpha[18],1.0015049999999999,1.01207,True,-1.1023596594474998,-1.3374828600000002,-1.0846365,-0.9254629240000001
Centered,82,mu,1.02095,1.1326,False,-0.9943303495325001,-1.06235173,-0.9950226900000001,-0.9304117080000001
Centered,82,sigma,1.02095,1.1326,False,0.10969372661975,0.01883510925,0.10948052,0.19911197549999998
Centered,82,alpha[1],1.02095,1.1326,False,-0.8114983081600001,-0.98075202,-0.812982305,-0.62374434
Centered,82,alpha[2],1.02095,1.1326,False,-0.9088087233475001,-1.0250277,-0.9153557750000001,-0.7612767805
Centered,82,alpha[3],1.02095,1.1326,False,-0.9609599932725,-1.06806319,-0.967768575,-0.8396120575
Centered,82,alpha[4],1.02095,1.1326,False,-1.0618403502199998,-1.22454026,-1.0492474999999999,-0.9245410940000002
Centered,82,alpha[5],1.02095,1.1326,False,-0.9788203840124999,-1.104128265,-0.97896553,-0.855435152
Centered,82,alpha[6],1.02095,1.1326,False,-0.9841982874,-1.10328683,-0.986480495,-0.8681632085000003
Centered,82,alpha[7],1.02095,1.1326,False,-1.0024679159349998,-1.120352965,-1.0019407,-0.8900870905000001
Centered,82,alpha[8],1.02095,1.1326,False,-1.0642751404675,-1.2549494,-1.0490944500000001,-0.9174898650000001
Centered,82,alpha[9],1.02095,1.1326,False,-1.0021000182875,-1.12443124,-0.99600102,-0.8888500615
Centered,82,alpha[10],1.02095,1.1326,False,-1.0606712869875001,-1.239792175,-1.0477668,-0.922847893
Centered,82,alpha[11],1.02095,1.1326,False,-1.0183072186200002,-1.141101855,-1.0151426,-0.9107842300000001
Centered,82,alpha[12],1.02095,1.1326,False,-1.0715642694574998,-1.2695152,-1.0576637,-0.9310548400000002
Centered,82,alpha[13],1.02095,1.1326,False,-0.9318673798425,-1.0484335550000001,-0.9389563249999999,-0.7935647075
Centered,82,alpha[14],1.02095,1.1326,False,-1.0186394068025,-1.172639835,-1.00948945,-0.8845450435000001
Centered,82,alpha[15],1.02095,1.1326,False,-1.0327178732675,-1.1944677000000001,-1.0202798,-0.8971021735000001
Centered,82,alpha[16],1.02095,1.1326,False,-0.9701574351625,-1.080081225,-0.972018815,-0.8543251860000001
Centered,82,alpha[17],1.02095,1.1326,False,-0.9165551338525,-1.0309447950000001,-0.9248226900000001,-0.7779021305000001
Centered,82,alpha[18],1.02095,1.1326,False,-1.0925813931475,-1.3242254850000001,-1.0692819,-0.92983489
Centered,83,mu,1.0015800000000001,1.00485,True,-0.9937226834550001,-1.067575185,-0.9900031650000001,-0.9299391865000001
Centered,83,sigma,1.0015800000000001,1.00485,True,0.11813646227499999,0.0477590459,0.113177855,0.203927475
Centered,83,alpha[1],1.0015800000000001,1.00485,True,-0.7946410850375001,-0.9522745675000001,-0.799411265,-0.6217439420000003
Centered,83,alpha[2],1.0015800000000001,1.00485,True,-0.8980934560300001,-1.02211349,-0.90294235,-0.7569903275000001
Centered,83,alpha[3],1.0015800000000001,1.00485,True,-0.9580963681449999,-1.077417605,-0.958341005,-0.8388679555
Centered,83,alpha[4],1.0015800000000001,1.00485,True,-1.0661262711650001,-1.233779145,-1.057795,-0.92363567
Centered,83,alpha[5],1.0015800000000001,1.00485,True,-0.9765293864125,-1.10192245,-0.975060115,-0.8528617565000002
Centered,83,alpha[6],1.0015800000000001,1.00485,True,-0.9829278809524999,-1.1145128,-0.981480175,-0.8575110260000001
Centered,83,alpha[7],1.0015800000000001,1.00485,True,-1.0047600318175,-1.1262996200000002,-1.00220675,-0.8913855305000001
Centered,83,alpha[8],1.0015800000000001,1.00485,True,-1.0696364961975,-1.27299904,-1.0573117,-0.9087205470000002
Centered,83,alpha[9],1.0015800000000001,1.00485,True,-1.0041579454524998,-1.126508615,-1.00254625,-0.8865884740000001
Centered,83,alpha[10],1.0015800000000001,1.00485,True,-1.06823899481,-1.2544447600000002,-1.05884795,-0.9172318620000001
Centered,83,alpha[11],1.0015800000000001,1.00485,True,-1.0191906730825,-1.14133318,-1.0173687999999999,-0.903573006
Centered,83,alpha[12],1.0015800000000001,1.00485,True,-1.07925177669,-1.261965105,-1.0701073,-0.9230773170000001
Centered,83,alpha[13],1.0015800000000001,1.00485,True,-0.92588695978,-1.0508476900000001,-0.927857505,-0.7981395835000001
Centered,83,alpha[14],1.0015800000000001,1.00485,True,-1.022897904945,-1.1701188,-1.01807105,-0.890769472
Centered,83,alpha[15],1.0015800000000001,1.00485,True,-1.0357976036575,-1.1903328850000001,-1.0309028,-0.8947497165
Centered,83,alpha[16],1.0015800000000001,1.00485,True,-0.968148668595,-1.0853530599999999,-0.968696345,-0.850920249
Centered,83,alpha[17],1.0015800000000001,1.00485,True,-0.90985847561,-1.0382902,-0.9130057650000001,-0.7722005005000002
Centered,83,alpha[18],1.0015800000000001,1.00485,True,-1.10333348129,-1.338840185,-1.0884882,-0.9192008060000001
Centered,84,mu,1.000435,1.00336,True,-0.9926805526375,-1.061636345,-0.99188953,-0.9278475785
Centered,84,sigma,1.000435,1.00336,True,0.11983651701325,0.047218444500000005,0.115743975,0.20712423399999996
Centered,84,alpha[1],1.000435,1.00336,True,-0.7917735563875001,-0.949420942,-0.79677636,-0.6098496825
Centered,84,alpha[2],1.000435,1.00336,True,-0.89771180584,-1.028832455,-0.90186456,-0.7532812495000001
Centered,84,alpha[3],1.000435,1.00336,True,-0.9566759256125,-1.0777289399999999,-0.95707491,-0.830851609
Centered,84,alpha[4],1.000435,1.00336,True,-1.066495969425,-1.236143775,-1.0600717,-0.920956101
Centered,84,alpha[5],1.000435,1.00336,True,-0.9764254832624999,-1.1082907499999999,-0.975055115,-0.846598058
Centered,84,alpha[6],1.000435,1.00336,True,-0.9829514546575,-1.1092724649999999,-0.982262475,-0.8581816615000001
Centered,84,alpha[7],1.000435,1.00336,True,-1.0032751715875,-1.12184965,-1.0027441499999998,-0.8880682355
Centered,84,alpha[8],1.000435,1.00336,True,-1.07006500183,-1.271256275,-1.0590305500000001,-0.904493964
Centered,84,alpha[9],1.000435,1.00336,True,-1.0022977812475,-1.12894464,-1.00123945,-0.8829514615000001
Centered,84,alpha[10],1.000435,1.00336,True,-1.067022784105,-1.239711695,-1.0582304,-0.9174865775000001
Centered,84,alpha[11],1.000435,1.00336,True,-1.02003061798,-1.144700045,-1.01812395,-0.9009242615
Centered,84,alpha[12],1.000435,1.00336,True,-1.0798654671049999,-1.26990904,-1.0712169500000002,-0.9217883895000001
Centered,84,alpha[13],1.000435,1.00336,True,-0.9247166446825,-1.05096982,-0.9278184549999999,-0.7889379630000001
Centered,84,alpha[14],1.000435,1.00336,True,-1.021366003635,-1.1757897549999998,-1.015671,-0.881896321
Centered,84,alpha[15],1.000435,1.00336,True,-1.0361666036050001,-1.1972926449999999,-1.0314125,-0.8981613135000001
Centered,84,alpha[16],1.000435,1.00336,True,-0.9685058755,-1.0892515500000002,-0.96862983,-0.8500207005000002
Centered,84,alpha[17],1.000435,1.00336,True,-0.9090537528074999,-1.038070685,-0.9152062599999999,-0.7618758535000001
Centered,84,alpha[18],1.000435,1.00336,True,-1.1014950030725,-1.32969722,-1.08519985,-0.9262096790000002
Centered,85,mu,1.004105,1.01716,True,-0.9909098019625001,-1.06170165,-0.98997395,-0.92277545
Centered,85,sigma,1.004105,1.01716,True,0.11616953777000001,0.03364565525,0.112374365,0.201497789
Centered,85,alpha[1],1.004105,1.01716,True,-0.795546907535,-0.9589646804999999,-0.798969605,-0.612768929
Centered,85,alpha[2],1.004105,1.01716,True,-0.8986707978649999,-1.023163735,-0.9056143000000001,-0.7572837000000001
Centered,85,alpha[3],1.004105,1.01716,True,-0.9557316109725,-1.06877915,-0.9556422200000001,-0.8381282025000001
Centered,85,alpha[4],1.004105,1.01716,True,-1.0641317751850001,-1.2291535,-1.05619045,-0.9161053165000002
Centered,85,alpha[5],1.004105,1.01716,True,-0.9727585967775,-1.100194175,-0.9721054,-0.8449385065
Centered,85,alpha[6],1.004105,1.01716,True,-0.981772005535,-1.106909875,-0.979426155,-0.859393835
Centered,85,alpha[7],1.004105,1.01716,True,-1.0016040223950002,-1.114812255,-0.999408755,-0.8924720300000001
Centered,85,alpha[8],1.004105,1.01716,True,-1.0657624681974998,-1.259554385,-1.0531228000000001,-0.9128701685
Centered,85,alpha[9],1.004105,1.01716,True,-1.0007064877574998,-1.132614045,-0.9970249600000001,-0.88485406
Centered,85,alpha[10],1.004105,1.01716,True,-1.0615542496525,-1.2459390149999998,-1.0509373499999999,-0.9192657945
Centered,85,alpha[11],1.004105,1.01716,True,-1.0159603159675001,-1.14110718,-1.01308665,-0.899055942
Centered,85,alpha[12],1.004105,1.01716,True,-1.074473648435,-1.269537625,-1.0621182500000002,-0.9245758305
Centered,85,alpha[13],1.004105,1.01716,True,-0.9245102061724999,-1.04273968,-0.9260494800000001,-0.7981679910000001
Centered,85,alpha[14],1.004105,1.01716,True,-1.0179212071750001,-1.1717690250000001,-1.0114144,-0.8825483945
Centered,85,alpha[15],1.004105,1.01716,True,-1.03208617918,-1.19692442,-1.0254919,-0.8965607105000001
Centered,85,alpha[16],1.004105,1.01716,True,-0.966544252665,-1.085211575,-0.9658459699999999,-0.8510646845000001
Centered,85,alpha[17],1.004105,1.01716,True,-0.9087900919649999,-1.031911145,-0.9126440849999999,-0.7725084025000001
Centered,85,alpha[18],1.004105,1.01716,True,-1.0968894627324999,-1.33918242,-1.07962655,-0.9174619885
Centered,86,mu,1.0029949999999999,1.02222,True,-0.9930417528325,-1.0623359749999999,-0.9925874699999999,-0.9274039275
Centered,86,sigma,1.0029949999999999,1.02222,True,0.11979747220624999,0.0464106831,0.11667443499999999,0.20359186899999995
Centered,86,alpha[1],1.0029949999999999,1.02222,True,-0.7924608786925,-0.963583414,-0.79600607,-0.6147260370000002
Centered,86,alpha[2],1.0029949999999999,1.02222,True,-0.89720648354,-1.02695105,-0.90378694,-0.7512129000000001
Centered,86,alpha[3],1.0029949999999999,1.02222,True,-0.9562649278075,-1.07696869,-0.957707855,-0.8356905165
Centered,86,alpha[4],1.0029949999999999,1.02222,True,-1.0664565121074998,-1.23513276,-1.0583448999999998,-0.921183271
Centered,86,alpha[5],1.0029949999999999,1.02222,True,-0.975187297625,-1.101647615,-0.9770353,-0.8433017979999999
Centered,86,alpha[6],1.0029949999999999,1.02222,True,-0.9823284587525,-1.10628283,-0.9804119499999999,-0.8633047685
Centered,86,alpha[7],1.0029949999999999,1.02222,True,-1.0048417155775,-1.1242768049999998,-1.0026395,-0.8902785755000001
Centered,86,alpha[8],1.0029949999999999,1.02222,True,-1.072783672195,-1.26950269,-1.0628348,-0.9099018635
Centered,86,alpha[9],1.0029949999999999,1.02222,True,-1.0035795795375,-1.13468954,-1.00091875,-0.8795287145
Centered,86,alpha[10],1.0029949999999999,1.02222,True,-1.066130928695,-1.2426484549999999,-1.05880745,-0.9128590705000001
Centered,86,alpha[11],1.0029949999999999,1.02222,True,-1.01990916885,-1.14975564,-1.01677845,-0.9041822860000002
Centered,86,alpha[12],1.0029949999999999,1.02222,True,-1.0788602067525002,-1.2663918299999999,-1.0679277,-0.929198659
Centered,86,alpha[13],1.0029949999999999,1.02222,True,-0.9211330269975,-1.0456394199999999,-0.9241425999999999,-0.7844765175000001
Centered,86,alpha[14],1.0029949999999999,1.02222,True,-1.0212974136525,-1.1734957549999998,-1.0171278,-0.884541207
Centered,86,alpha[15],1.0029949999999999,1.02222,True,-1.0367684179299999,-1.19540192,-1.03163355,-0.898957332
Centered,86,alpha[16],1.0029949999999999,1.02222,True,-0.9677404053725,-1.0849211749999998,-0.9676582499999999,-0.845556708
Centered,86,alpha[17],1.0029949999999999,1.02222,True,-0.9072262919549999,-1.034851505,-0.91136149,-0.7659827595000002
Centered,86,alpha[18],1.0029949999999999,1.02222,True,-1.1056079402124999,-1.350871425,-1.09022125,-0.919340585
Centered,87,mu,1.001045,1.00384,True,-0.9934266520650001,-1.06359499,-0.9922510449999999,-0.927601534
Centered,87,sigma,1.001045,1.00384,True,0.11930242127400001,0.04742450695,0.11580936,0.20139781449999997
Centered,87,alpha[1],1.001045,1.00384,True,-0.7893986961374999,-0.955718572,-0.793772005,-0.6099011930000001
Centered,87,alpha[2],1.001045,1.00384,True,-0.8978587580749999,-1.024901825,-0.9024977750000001,-0.7560356120000001
Centered,87,alpha[3],1.001045,1.00384,True,-0.9563120580275001,-1.074118905,-0.9578781949999999,-0.833705628
Centered,87,alpha[4],1.001045,1.00384,True,-1.0682872051274999,-1.235659845,-1.0619467,-0.9220314975
Centered,87,alpha[5],1.001045,1.00384,True,-0.9763202161974999,-1.102092485,-0.975056865,-0.8494520375000001
Centered,87,alpha[6],1.001045,1.00384,True,-0.9829982886724999,-1.1123469149999998,-0.98048757,-0.8592096725
Centered,87,alpha[7],1.001045,1.00384,True,-1.0045777792075001,-1.1253613900000001,-1.0031140500000002,-0.8893926495000001
Centered,87,alpha[8],1.001045,1.00384,True,-1.070372363255,-1.26761659,-1.0592724,-0.9147078640000001
Centered,87,alpha[9],1.001045,1.00384,True,-1.0035377676075,-1.12944095,-1.0012845000000001,-0.886930257
Centered,87,alpha[10],1.001045,1.00384,True,-1.0673795103525,-1.24765808,-1.0580211,-0.9185575015
Centered,87,alpha[11],1.001045,1.00384,True,-1.0205330634275,-1.143660595,-1.01768365,-0.904493909
Centered,87,alpha[12],1.001045,1.00384,True,-1.0808221113425,-1.277057795,-1.0706855,-0.9211931135
Centered,87,alpha[13],1.001045,1.00384,True,-0.9231697048324999,-1.049957085,-0.92643151,-0.7819630525
Centered,87,alpha[14],1.001045,1.00384,True,-1.0205450135175,-1.172649165,-1.0152789,-0.8828135355
Centered,87,alpha[15],1.001045,1.00384,True,-1.0391631097,-1.1972939599999999,-1.03476385,-0.897787136
Centered,87,alpha[16],1.001045,1.00384,True,-0.9666995981999998,-1.079859425,-0.96794623,-0.8487712455
Centered,87,alpha[17],1.001045,1.00384,True,-0.9096604275675,-1.03239938,-0.912221975,-0.7732725590000001
Centered,87,alpha[18],1.001045,1.00384,True,-1.1042409443975,-1.337654695,-1.0871787,-0.92639868
Centered,88,mu,1.00134,1.00705,True,-0.9931422318600001,-1.05990978,-0.992093225,-0.9300036350000002
Centered,88,sigma,1.00134,1.00705,True,0.116224999075,0.04193304445,0.112437705,0.20080597949999998
Centered,88,alpha[1],1.00134,1.00705,True,-0.7974488675824999,-0.9647337155000001,-0.80080074,-0.6213154275
Centered,88,alpha[2],1.00134,1.00705,True,-0.9018240735375,-1.0271462,-0.905007085,-0.7635830325
Centered,88,alpha[3],1.00134,1.00705,True,-0.9582036146274999,-1.0719094500000002,-0.961244695,-0.8359625580000001
Centered,88,alpha[4],1.00134,1.00705,True,-1.0655724876075001,-1.233671755,-1.0587153,-0.9245099710000001
Centered,88,alpha[5],1.00134,1.00705,True,-0.977541228935,-1.1034947199999998,-0.97661559,-0.8491207840000002
Centered,88,alpha[6],1.00134,1.00705,True,-0.9832898424375001,-1.10596715,-0.98183533,-0.8640083550000001
Centered,88,alpha[7],1.00134,1.00705,True,-1.0034897892624999,-1.11554314,-1.00163405,-0.8931240575
Centered,88,alpha[8],1.00134,1.00705,True,-1.06804577824,-1.25220422,-1.05647145,-0.9187049934999999
Centered,88,alpha[9],1.00134,1.00705,True,-1.0032587228499998,-1.12958121,-0.999954395,-0.8879285025
Centered,88,alpha[10],1.00134,1.00705,True,-1.065611599035,-1.246389555,-1.0559359000000001,-0.9161048005
Centered,88,alpha[11],1.00134,1.00705,True,-1.0196362813625,-1.14438241,-1.0148879,-0.902299904
Centered,88,alpha[12],1.00134,1.00705,True,-1.0773987003249998,-1.263754195,-1.0685115,-0.9231585900000001
Centered,88,alpha[13],1.00134,1.00705,True,-0.9273543756949999,-1.046298035,-0.93172688,-0.791796124
Centered,88,alpha[14],1.00134,1.00705,True,-1.020421978505,-1.1632096299999999,-1.0174385,-0.8851094580000001
Centered,88,alpha[15],1.00134,1.00705,True,-1.0362524490325,-1.197234475,-1.029579,-0.9001211015000002
Centered,88,alpha[16],1.00134,1.00705,True,-0.9700098103625,-1.08541823,-0.9704636,-0.8481430655
Centered,88,alpha[17],1.00134,1.00705,True,-0.9109489333275,-1.03656358,-0.915902575,-0.7662474845
Centered,88,alpha[18],1.00134,1.00705,True,-1.0996037578249998,-1.326752075,-1.0832343500000001,-0.9275008165
Centered,89,mu,1.0024199999999999,1.01659,True,-0.9945392564375,-1.0635740200000001,-0.992543975,-0.9289946855000001
Centered,89,sigma,1.0024199999999999,1.01659,True,0.12136091725899999,0.0498423593,0.11675226999999999,0.20771825799999993
Centered,89,alpha[1],1.0024199999999999,1.01659,True,-0.7896669423549999,-0.9556344695,-0.790898635,-0.6134770800000001
Centered,89,alpha[2],1.0024199999999999,1.01659,True,-0.8978224888024999,-1.0240562500000001,-0.901131245,-0.7631442865
Centered,89,alpha[3],1.0024199999999999,1.01659,True,-0.9547778769925,-1.0732243399999999,-0.9559401599999999,-0.8319372465
Centered,89,alpha[4],1.0024199999999999,1.01659,True,-1.06938691088,-1.238127065,-1.0618967499999998,-0.919224939
Centered,89,alpha[5],1.0024199999999999,1.01659,True,-0.976862259255,-1.102900855,-0.97912724,-0.8458798005
Centered,89,alpha[6],1.0024199999999999,1.01659,True,-0.984009962995,-1.104733835,-0.98439002,-0.8594193015000001
Centered,89,alpha[7],1.0024199999999999,1.01659,True,-1.00436384932,-1.1260907199999999,-1.0024126,-0.887163794
Centered,89,alpha[8],1.0024199999999999,1.01659,True,-1.0724036091375,-1.2689436950000001,-1.06206845,-0.9066669860000001
Centered,89,alpha[9],1.0024199999999999,1.01659,True,-1.0030391831725,-1.123509305,-1.00156025,-0.8893449970000001
Centered,89,alpha[10],1.0024199999999999,1.01659,True,-1.0711804101574998,-1.24982437,-1.0618717,-0.9209416150000002
Centered,89,alpha[11],1.0024199999999999,1.01659,True,-1.0220990629725,-1.151431145,-1.01967765,-0.9052351530000001
Centered,89,alpha[12],1.0024199999999999,1.01659,True,-1.0846213107449998,-1.2752944499999999,-1.0741569000000002,-0.923156685
Centered,89,alpha[13],1.0024199999999999,1.01659,True,-0.9233230580024999,-1.04483199,-0.9263830550000001,-0.7958864880000001
Centered,89,alpha[14],1.0024199999999999,1.01659,True,-1.0233260040175,-1.174511915,-1.0200399999999998,-0.885016973
Centered,89,alpha[15],1.0024199999999999,1.01659,True,-1.0379187674425,-1.1921426,-1.0320037,-0.8991881070000001
Centered,89,alpha[16],1.0024199999999999,1.01659,True,-0.969507916455,-1.089047015,-0.9699304449999999,-0.850275295
Centered,89,alpha[17],1.0024199999999999,1.01659,True,-0.9074677610124999,-1.031378965,-0.910862615,-0.7678750075000002
Centered,89,alpha[18],1.0024199999999999,1.01659,True,-1.1059174222799997,-1.342610985,-1.0891679,-0.9218047985000002
Centered,90,mu,1.00149,1.01322,True,-0.9945691497975,-1.0655557100000002,-0.9923143999999999,-0.9304465825
Centered,90,sigma,1.00149,1.01322,True,0.11938943157725,0.047544501950000005,0.116612935,0.20419113699999997
Centered,90,alpha[1],1.00149,1.01322,True,-0.792827974435,-0.96311156,-0.7960242449999999,-0.6199058730000001
Centered,90,alpha[2],1.00149,1.01322,True,-0.9012111101324999,-1.0277487650000001,-0.905078015,-0.764597517
Centered,90,alpha[3],1.00149,1.01322,True,-0.9572225774025,-1.07410378,-0.958682705,-0.8349995920000001
Centered,90,alpha[4],1.00149,1.01322,True,-1.068765002715,-1.23094404,-1.06178895,-0.9261899125
Centered,90,alpha[5],1.00149,1.01322,True,-0.97686758702,-1.10738711,-0.976136135,-0.8494188075000001
Centered,90,alpha[6],1.00149,1.01322,True,-0.9840862655275,-1.108944325,-0.98366072,-0.8577614845
Centered,90,alpha[7],1.00149,1.01322,True,-1.006677936375,-1.123759745,-1.00495125,-0.8946085355000001
Centered,90,alpha[8],1.00149,1.01322,True,-1.0696891953899998,-1.267201505,-1.0588294,-0.9077543730000001
Centered,90,alpha[9],1.00149,1.01322,True,-1.0034713056525,-1.130928945,-1.0016908,-0.8825906565000001
Centered,90,alpha[10],1.00149,1.01322,True,-1.06624576199,-1.24157781,-1.0568341,-0.9193175650000001
Centered,90,alpha[11],1.00149,1.01322,True,-1.0223515777675,-1.14712208,-1.021472,-0.9076416350000001
Centered,90,alpha[12],1.00149,1.01322,True,-1.0818929923675,-1.272200645,-1.0709032,-0.927986371
Centered,90,alpha[13],1.00149,1.01322,True,-0.9241952353399999,-1.04527478,-0.929377765,-0.784785072
Centered,90,alpha[14],1.00149,1.01322,True,-1.0215114680175,-1.17511524,-1.0175708,-0.8791423595
Centered,90,alpha[15],1.00149,1.01322,True,-1.0370104531075002,-1.193049575,-1.03226995,-0.9006422385
Centered,90,alpha[16],1.00149,1.01322,True,-0.9685569344724999,-1.08353451,-0.96888514,-0.8533147975000002
Centered,90,alpha[17],1.00149,1.01322,True,-0.9117860005949999,-1.040198295,-0.915560245,-0.7706183575000001
Centered,90,alpha[18],1.00149,1.01322,True,-1.10494213033,-1.327321835,-1.0882230499999999,-0.9309587745
Centered,91,mu,1.0018799999999999,1.0136,True,-0.99304515807,-1.064029315,-0.9919857249999999,-0.9264038465000001
Centered,91,sigma,1.0018799999999999,1.0136,True,0.1155581046895,0.03755525085,0.11277509,0.19992253749999986
Centered,91,alpha[1],1.0018799999999999,1.0136,True,-0.7981496349725,-0.966842918,-0.800876265,-0.6241231785
Centered,91,alpha[2],1.0018799999999999,1.0136,True,-0.903311998695,-1.0267248,-0.90596689,-0.7640271025
Centered,91,alpha[3],1.0018799999999999,1.0136,True,-0.95828041938,-1.07667617,-0.9602770199999999,-0.8378236179999999
Centered,91,alpha[4],1.0018799999999999,1.0136,True,-1.0660959667825,-1.227610675,-1.0577658,-0.926742388
Centered,91,alpha[5],1.0018799999999999,1.0136,True,-0.9774029633325,-1.1030207250000001,-0.9772664600000001,-0.853258224
Centered,91,alpha[6],1.0018799999999999,1.0136,True,-0.9825558176225,-1.1084347300000001,-0.98424645,-0.8555093815
Centered,91,alpha[7],1.0018799999999999,1.0136,True,-1.0041909385274999,-1.119075555,-1.00145105,-0.89647628
Centered,91,alpha[8],1.0018799999999999,1.0136,True,-1.0667515236525,-1.254966285,-1.0537069,-0.9126769175
Centered,91,alpha[9],1.0018799999999999,1.0136,True,-1.0024133090125,-1.121789825,-1.00185145,-0.8871316775000001
Centered,91,alpha[10],1.0018799999999999,1.0136,True,-1.0620669063200001,-1.2382381550000001,-1.0517807,-0.9209521575000001
Centered,91,alpha[11],1.0018799999999999,1.0136,True,-1.018997781725,-1.146171445,-1.0164308,-0.902803787
Centered,91,alpha[12],1.0018799999999999,1.0136,True,-1.0770395940025002,-1.268878275,-1.06737665,-0.922322674
Centered,91,alpha[13],1.0018799999999999,1.0136,True,-0.9265499219799999,-1.04685312,-0.930610885,-0.7940282900000001
Centered,91,alpha[14],1.0018799999999999,1.0136,True,-1.0199709798475,-1.170190045,-1.0160659,-0.8826528045000002
Centered,91,alpha[15],1.0018799999999999,1.0136,True,-1.0341121214600002,-1.1932922049999999,-1.0281579,-0.893165541
Centered,91,alpha[16],1.0018799999999999,1.0136,True,-0.96884641236,-1.0803420400000001,-0.9707940500000001,-0.8536887160000002
Centered,91,alpha[17],1.0018799999999999,1.0136,True,-0.9118467795649999,-1.03639627,-0.9180183,-0.771195081
Centered,91,alpha[18],1.0018799999999999,1.0136,True,-1.0985499196375,-1.32991427,-1.08007625,-0.9256362815000001
Centered,92,mu,1.00165,1.00931,True,-0.9938256017775,-1.06561635,-0.99184651,-0.9278700305
Centered,92,sigma,1.00165,1.00931,True,0.1197493893235,0.04550777185,0.11696304,0.2063608465
Centered,92,alpha[1],1.00165,1.00931,True,-0.7932895297800001,-0.957345371,-0.798242805,-0.6192183745000001
Centered,92,alpha[2],1.00165,1.00931,True,-0.89845227922,-1.025060905,-0.9043976,-0.7566279035000002
Centered,92,alpha[3],1.00165,1.00931,True,-0.9578778219775,-1.08057039,-0.9595431750000001,-0.8343878605
Centered,92,alpha[4],1.00165,1.00931,True,-1.0666809443425,-1.2363503599999999,-1.0593221499999999,-0.9271421635
Centered,92,alpha[5],1.00165,1.00931,True,-0.9772457667125,-1.103963295,-0.976988155,-0.8536839265
Centered,92,alpha[6],1.00165,1.00931,True,-0.9809302273249999,-1.105123715,-0.9818303399999999,-0.85663233
Centered,92,alpha[7],1.00165,1.00931,True,-1.003047332815,-1.120165775,-1.0008044,-0.8905705435000001
Centered,92,alpha[8],1.00165,1.00931,True,-1.0717691554975,-1.2750660850000002,-1.06104295,-0.9068411675
Centered,92,alpha[9],1.00165,1.00931,True,-1.00330845746,-1.13001445,-1.0007293000000002,-0.8848420875
Centered,92,alpha[10],1.00165,1.00931,True,-1.0677545508225001,-1.250770095,-1.05851005,-0.91314614
Centered,92,alpha[11],1.00165,1.00931,True,-1.0186637852575,-1.14159752,-1.0157435499999998,-0.9066968585
Centered,92,alpha[12],1.00165,1.00931,True,-1.07988590984,-1.271384095,-1.06854265,-0.9229845445
Centered,92,alpha[13],1.00165,1.00931,True,-0.9235729173525,-1.050946655,-0.926662355,-0.7848481815000001
Centered,92,alpha[14],1.00165,1.00931,True,-1.02229613389,-1.176149465,-1.01872835,-0.8840065635000002
Centered,92,alpha[15],1.00165,1.00931,True,-1.0371001720425002,-1.1992250100000001,-1.0290536000000001,-0.8986926405000001
Centered,92,alpha[16],1.00165,1.00931,True,-0.9675193560925,-1.0861204999999998,-0.96643016,-0.8532950645
Centered,92,alpha[17],1.00165,1.00931,True,-0.9081794363200001,-1.034337725,-0.912529635,-0.767482446
Centered,92,alpha[18],1.00165,1.00931,True,-1.10318642739,-1.3440090550000001,-1.0865513999999998,-0.9202062695000002
Centered,93,mu,1.001635,1.00645,True,-0.993153883085,-1.060405305,-0.99262803,-0.9298880310000001
Centered,93,sigma,1.001635,1.00645,True,0.11760594737125,0.048641658600000005,0.11324816,0.2016480765
Centered,93,alpha[1],1.001635,1.00645,True,-0.79372340429,-0.9530752545,-0.79825099,-0.6172007145
Centered,93,alpha[2],1.001635,1.00645,True,-0.900809212125,-1.02959584,-0.905267335,-0.7561955410000001
Centered,93,alpha[3],1.001635,1.00645,True,-0.957775049915,-1.072580185,-0.9578001,-0.8377717975000001
Centered,93,alpha[4],1.001635,1.00645,True,-1.0656055825825002,-1.22701993,-1.0578792,-0.925923225
Centered,93,alpha[5],1.001635,1.00645,True,-0.9774943480974999,-1.110399635,-0.97690327,-0.8473497340000001
Centered,93,alpha[6],1.001635,1.00645,True,-0.9821791383075001,-1.1020536699999999,-0.981779035,-0.8614015770000001
Centered,93,alpha[7],1.001635,1.00645,True,-1.00312134152,-1.11922637,-1.0022201000000002,-0.8916527970000001
Centered,93,alpha[8],1.001635,1.00645,True,-1.0692642932525,-1.270012,-1.05764265,-0.906682773
Centered,93,alpha[9],1.001635,1.00645,True,-1.003339147975,-1.125347885,-1.0003557,-0.8883038230000001
Centered,93,alpha[10],1.001635,1.00645,True,-1.06681528114,-1.245591545,-1.05791975,-0.923593387
Centered,93,alpha[11],1.001635,1.00645,True,-1.0194138766925,-1.145930275,-1.0171348,-0.905791819
Centered,93,alpha[12],1.001635,1.00645,True,-1.077785720955,-1.261259,-1.06688265,-0.9262500700000001
Centered,93,alpha[13],1.001635,1.00645,True,-0.92552557065,-1.05221374,-0.92609094,-0.7897754385000001
Centered,93,alpha[14],1.001635,1.00645,True,-1.0208608621075,-1.16959221,-1.0164121499999998,-0.8848409395000001
Centered,93,alpha[15],1.001635,1.00645,True,-1.0351815885425,-1.193188155,-1.0277894,-0.892916554
Centered,93,alpha[16],1.001635,1.00645,True,-0.9688103530150001,-1.08710926,-0.969195035,-0.8477611955000001
Centered,93,alpha[17],1.001635,1.00645,True,-0.908353938145,-1.030374535,-0.9138643200000001,-0.7682925555000001
Centered,93,alpha[18],1.001635,1.00645,True,-1.1013951092249998,-1.3427784249999999,-1.0835036,-0.923060958
Centered,94,mu,1.0029050000000002,1.02033,True,-0.9925390690425,-1.06235232,-0.9910392800000001,-0.9296982770000001
Centered,94,sigma,1.0029050000000002,1.02033,True,0.117596522121,0.03187399900000001,0.11450002000000001,0.20679088699999995
Centered,94,alpha[1],1.0029050000000002,1.02033,True,-0.7962041907924999,-0.95590778,-0.796199135,-0.6187773165000001
Centered,94,alpha[2],1.0029050000000002,1.02033,True,-0.899982333505,-1.02594608,-0.9055129900000001,-0.756124736
Centered,94,alpha[3],1.0029050000000002,1.02033,True,-0.9560320345500001,-1.070698945,-0.95995582,-0.8327240605
Centered,94,alpha[4],1.0029050000000002,1.02033,True,-1.0667067925,-1.237120135,-1.0582548,-0.929978155
Centered,94,alpha[5],1.0029050000000002,1.02033,True,-0.9760250622125,-1.10393531,-0.975425465,-0.847827862
Centered,94,alpha[6],1.0029050000000002,1.02033,True,-0.9807694720225001,-1.10758476,-0.9786994849999999,-0.854396036
Centered,94,alpha[7],1.0029050000000002,1.02033,True,-1.00331279792,-1.124817475,-0.998676855,-0.887369184
Centered,94,alpha[8],1.0029050000000002,1.02033,True,-1.0705644547325,-1.27233017,-1.0564544,-0.9170921315
Centered,94,alpha[9],1.0029050000000002,1.02033,True,-1.0025335673925,-1.12683763,-0.998566685,-0.8865602890000001
Centered,94,alpha[10],1.0029050000000002,1.02033,True,-1.0648465256675002,-1.2470478349999998,-1.0541043,-0.9117500485000001
Centered,94,alpha[11],1.0029050000000002,1.02033,True,-1.02002904588,-1.14152283,-1.0151902499999998,-0.9064499630000001
Centered,94,alpha[12],1.0029050000000002,1.02033,True,-1.0777778567950003,-1.2661782650000002,-1.06582995,-0.924754819
Centered,94,alpha[13],1.0029050000000002,1.02033,True,-0.9251812539175001,-1.05096815,-0.932708855,-0.787679698
Centered,94,alpha[14],1.0029050000000002,1.02033,True,-1.0194022834924998,-1.171933245,-1.01419785,-0.8790867395
Centered,94,alpha[15],1.0029050000000002,1.02033,True,-1.0331475772174998,-1.191380225,-1.0250411499999998,-0.898575373
Centered,94,alpha[16],1.0029050000000002,1.02033,True,-0.9674177677099999,-1.0829032550000002,-0.96724542,-0.84661873
Centered,94,alpha[17],1.0029050000000002,1.02033,True,-0.9110263288925,-1.0334030749999998,-0.915428975,-0.7698051010000002
Centered,94,alpha[18],1.0029050000000002,1.02033,True,-1.1009268163325001,-1.3402425949999999,-1.0836451,-0.9297448660000001
Centered,95,mu,1.0096349999999998,1.05594,False,-0.9914486840725,-1.06223253,-0.987057375,-0.928450052
Centered,95,sigma,1.0096349999999998,1.05594,False,0.11362518388699999,0.027389829,0.111632345,0.19962375349999995
Centered,95,alpha[1],1.0096349999999998,1.05594,False,-0.8011153408,-0.96721323,-0.80425762,-0.6096017105
Centered,95,alpha[2],1.0096349999999998,1.05594,False,-0.90273881678,-1.01806588,-0.90676183,-0.7657798650000001
Centered,95,alpha[3],1.0096349999999998,1.05594,False,-0.9570227801150001,-1.075420405,-0.95855772,-0.8384962025
Centered,95,alpha[4],1.0096349999999998,1.05594,False,-1.0612254356675002,-1.23327494,-1.0534838999999998,-0.924397185
Centered,95,alpha[5],1.0096349999999998,1.05594,False,-0.9753747807175001,-1.101887975,-0.97777618,-0.84827567
Centered,95,alpha[6],1.0096349999999998,1.05594,False,-0.9821440333999999,-1.106157485,-0.98124943,-0.8594649375
Centered,95,alpha[7],1.0096349999999998,1.05594,False,-1.004349747295,-1.120446725,-1.000178,-0.8990153445
Centered,95,alpha[8],1.0096349999999998,1.05594,False,-1.0644013204999998,-1.262686475,-1.04936865,-0.9156950565
Centered,95,alpha[9],1.0096349999999998,1.05594,False,-1.001584149285,-1.12420489,-0.9960739599999999,-0.8873374675
Centered,95,alpha[10],1.0096349999999998,1.05594,False,-1.0617498587175,-1.24288372,-1.0499071,-0.9170011775000001
Centered,95,alpha[11],1.0096349999999998,1.05594,False,-1.0177647696025,-1.145052235,-1.0109939,-0.9029376805
Centered,95,alpha[12],1.0096349999999998,1.05594,False,-1.0721391277375,-1.25958959,-1.0602352499999999,-0.9265132760000001
Centered,95,alpha[13],1.0096349999999998,1.05594,False,-0.9281667551225,-1.05265082,-0.93405737,-0.7918103305000002
Centered,95,alpha[14],1.0096349999999998,1.05594,False,-1.0159128699,-1.166087525,-1.0072446,-0.8805091215
Centered,95,alpha[15],1.0096349999999998,1.05594,False,-1.0299369173575001,-1.18886079,-1.02225525,-0.8973973080000001
Centered,95,alpha[16],1.0096349999999998,1.05594,False,-0.9674838727325,-1.080731165,-0.96643909,-0.8507787545000001
Centered,95,alpha[17],1.0096349999999998,1.05594,False,-0.913543738265,-1.032987625,-0.91922455,-0.7790817275
Centered,95,alpha[18],1.0096349999999998,1.05594,False,-1.0942064629375,-1.330307505,-1.0731348500000002,-0.9261283015
Centered,96,mu,1.000905,1.0037,True,-0.993944118665,-1.0630495500000001,-0.99411083,-0.9283113735
Centered,96,sigma,1.000905,1.0037,True,0.11913768551125,0.048076896,0.114514465,0.2053254125
Centered,96,alpha[1],1.000905,1.0037,True,-0.7906914962374999,-0.9557547255,-0.79442771,-0.6124074695000001
Centered,96,alpha[2],1.000905,1.0037,True,-0.8996013836175,-1.0254036149999999,-0.90520204,-0.7615196184999999
Centered,96,alpha[3],1.000905,1.0037,True,-0.9568587157899999,-1.07242306,-0.95813532,-0.8359581900000002
Centered,96,alpha[4],1.000905,1.0037,True,-1.0671329086125,-1.22761809,-1.06126165,-0.926375069
Centered,96,alpha[5],1.000905,1.0037,True,-0.97614098825,-1.10316422,-0.97645224,-0.8499866145
Centered,96,alpha[6],1.000905,1.0037,True,-0.9833296301300001,-1.1068502649999998,-0.982762425,-0.8627554930000001
Centered,96,alpha[7],1.000905,1.0037,True,-1.0045978047250002,-1.12539606,-1.00319935,-0.88669809
Centered,96,alpha[8],1.000905,1.0037,True,-1.0691980004525001,-1.2619057,-1.0585113000000002,-0.9081703910000001
Centered,96,alpha[9],1.000905,1.0037,True,-1.0024573243800001,-1.129414955,-1.000637,-0.8790270775000001
Centered,96,alpha[10],1.000905,1.0037,True,-1.068947117575,-1.24480565,-1.0619394,-0.9149838805
Centered,96,alpha[11],1.000905,1.0037,True,-1.0208875515575,-1.1498835,-1.0179396,-0.8989693670000001
Centered,96,alpha[12],1.000905,1.0037,True,-1.0794254953549998,-1.271297085,-1.06829705,-0.9247689139999999
Centered,96,alpha[13],1.000905,1.0037,True,-0.9236619294424999,-1.0497002199999999,-0.92733027,-0.7888497955
Centered,96,alpha[14],1.000905,1.0037,True,-1.0227113611,-1.1820942399999999,-1.0171284,-0.8804381550000001
Centered,96,alpha[15],1.000905,1.0037,True,-1.0352447600024999,-1.19533465,-1.0296538000000002,-0.8972473550000001
Centered,96,alpha[16],1.000905,1.0037,True,-0.967271677345,-1.0884938249999998,-0.968256665,-0.8452896785
Centered,96,alpha[17],1.000905,1.0037,True,-0.9086705583875,-1.03363624,-0.9122089,-0.76812893
Centered,96,alpha[18],1.000905,1.0037,True,-1.10314160432,-1.3371176200000001,-1.0872418000000001,-0.925993342
Centered,97,mu,1.00163,1.00459,True,-0.9941561810524999,-1.0676167699999999,-0.99230347,-0.9298865045000002
Centered,97,sigma,1.00163,1.00459,True,0.11979776897599999,0.0440697589,0.11752705,0.20185874499999998
Centered,97,alpha[1],1.00163,1.00459,True,-0.7918806619325001,-0.9518974065,-0.79472643,-0.6165634780000001
Centered,97,alpha[2],1.00163,1.00459,True,-0.8997130888075001,-1.02980376,-0.904535225,-0.75069618
Centered,97,alpha[3],1.00163,1.00459,True,-0.9560145544575,-1.074832685,-0.958871365,-0.8370792915
Centered,97,alpha[4],1.00163,1.00459,True,-1.06742190671,-1.23408871,-1.0634153,-0.9217861570000001
Centered,97,alpha[5],1.00163,1.00459,True,-0.9762119172549999,-1.10232404,-0.9754420399999999,-0.8526685020000002
Centered,97,alpha[6],1.00163,1.00459,True,-0.9826695776575,-1.11056485,-0.982031705,-0.8555239445
Centered,97,alpha[7],1.00163,1.00459,True,-1.0046803169275,-1.12177557,-1.0035737999999998,-0.8935075905000001
Centered,97,alpha[8],1.00163,1.00459,True,-1.073852605435,-1.2680679,-1.0649522999999999,-0.9139573745
Centered,97,alpha[9],1.00163,1.00459,True,-1.0035566300875,-1.127473495,-1.0028160000000002,-0.8808505585
Centered,97,alpha[10],1.00163,1.00459,True,-1.0708229538675,-1.25465166,-1.06264345,-0.91658526
Centered,97,alpha[11],1.00163,1.00459,True,-1.0203513937675,-1.15430371,-1.0159284,-0.8997686530000001
Centered,97,alpha[12],1.00163,1.00459,True,-1.0800900376949998,-1.26323353,-1.071485,-0.924305184
Centered,97,alpha[13],1.00163,1.00459,True,-0.9219012265400001,-1.04098371,-0.9249930399999999,-0.7929785970000001
Centered,97,alpha[14],1.00163,1.00459,True,-1.02226570336,-1.17509796,-1.02007165,-0.8812500375
Centered,97,alpha[15],1.00163,1.00459,True,-1.0374438140349997,-1.20079581,-1.0307325999999999,-0.8954256395000001
Centered,97,alpha[16],1.00163,1.00459,True,-0.9696527888250001,-1.0846312,-0.9709042750000001,-0.848915097
Centered,97,alpha[17],1.00163,1.00459,True,-0.9082263888900001,-1.03894202,-0.91107591,-0.7673714775
Centered,97,alpha[18],1.00163,1.00459,True,-1.10669255049,-1.3446092299999999,-1.0877615,-0.929160265
Centered,98,mu,1.002065,1.01234,True,-0.994606737805,-1.07029784,-0.992932615,-0.92729322
Centered,98,sigma,1.002065,1.01234,True,0.12177544411775,0.0446162856,0.118180795,0.20819826
Centered,98,alpha[1],1.002065,1.01234,True,-0.78719429846,-0.9536968874999999,-0.7929101599999999,-0.6006887505
Centered,98,alpha[2],1.002065,1.01234,True,-0.8971295704125,-1.025817085,-0.9012947849999999,-0.75372245
Centered,98,alpha[3],1.002065,1.01234,True,-0.9546276075275,-1.07439867,-0.9552602,-0.8318028089999999
Centered,98,alpha[4],1.002065,1.01234,True,-1.0711845195625,-1.235874465,-1.06305915,-0.9290725380000001
Centered,98,alpha[5],1.002065,1.01234,True,-0.9746915839475,-1.108642495,-0.972793365,-0.8487072655000001
Centered,98,alpha[6],1.002065,1.01234,True,-0.9820272153150001,-1.1033026,-0.9814197499999999,-0.8607987055000005
Centered,98,alpha[7],1.002065,1.01234,True,-1.006645676205,-1.12718703,-1.0047076000000001,-0.8925084685000001
Centered,98,alpha[8],1.002065,1.01234,True,-1.0727039771425,-1.271862925,-1.06230045,-0.911798883
Centered,98,alpha[9],1.002065,1.01234,True,-1.00323453953,-1.126315735,-1.0010964,-0.886747397
Centered,98,alpha[10],1.002065,1.01234,True,-1.06997322376,-1.255467835,-1.0603228,-0.9204007240000001
Centered,98,alpha[11],1.002065,1.01234,True,-1.0200300938225,-1.153420605,-1.0171816,-0.8972468640000001
Centered,98,alpha[12],1.002065,1.01234,True,-1.0850663183175,-1.2722123250000001,-1.07543845,-0.9311748
Centered,98,alpha[13],1.002065,1.01234,True,-0.9241228109625,-1.0485756050000001,-0.92904674,-0.7869930155
Centered,98,alpha[14],1.002065,1.01234,True,-1.0222841170649999,-1.1727572099999999,-1.0184524499999998,-0.879914305
Centered,98,alpha[15],1.002065,1.01234,True,-1.0378959385875,-1.206591465,-1.0319525999999999,-0.8896431484999999
Centered,98,alpha[16],1.002065,1.01234,True,-0.9676581434525,-1.0887023150000001,-0.967173855,-0.8489059405000001
Centered,98,alpha[17],1.002065,1.01234,True,-0.9080407408425001,-1.039353575,-0.912616665,-0.7650578205
Centered,98,alpha[18],1.002065,1.01234,True,-1.10725899518,-1.348491565,-1.09288915,-0.9177745655
Centered,99,mu,1.00218,1.0149,True,-0.9931653039,-1.0642895399999999,-0.990990775,-0.9296462835
Centered,99,sigma,1.00218,1.0149,True,0.11711335535975,0.04717587545,0.11266574,0.2047688765
Centered,99,alpha[1],1.00218,1.0149,True,-0.795812988505,-0.9535618035,-0.8006816299999999,-0.6180201685000001
Centered,99,alpha[2],1.00218,1.0149,True,-0.8994649719525001,-1.027126655,-0.903483305,-0.7532201445000004
Centered,99,alpha[3],1.00218,1.0149,True,-0.95769499684,-1.0782809850000001,-0.9591867599999999,-0.835318772
Centered,99,alpha[4],1.00218,1.0149,True,-1.0658287350525,-1.23751451,-1.0585643,-0.9222238865000001
Centered,99,alpha[5],1.00218,1.0149,True,-0.9770089161850001,-1.1036535550000002,-0.977226565,-0.8503969365000001
Centered,99,alpha[6],1.00218,1.0149,True,-0.9820892984499999,-1.1061182299999999,-0.9805215199999999,-0.8612526450000001
Centered,99,alpha[7],1.00218,1.0149,True,-1.0046795077075,-1.12312794,-1.00226755,-0.8930042995000002
Centered,99,alpha[8],1.00218,1.0149,True,-1.0666028441025,-1.252172695,-1.05540105,-0.912195444
Centered,99,alpha[9],1.00218,1.0149,True,-1.00188897836,-1.12641677,-1.0000131,-0.8843256145
Centered,99,alpha[10],1.00218,1.0149,True,-1.0647930966224999,-1.245668165,-1.0561852,-0.918158621
Centered,99,alpha[11],1.00218,1.0149,True,-1.019741457825,-1.14736785,-1.01720485,-0.902634276
Centered,99,alpha[12],1.00218,1.0149,True,-1.0775698403024998,-1.264164155,-1.0663676,-0.9261694715000001
Centered,99,alpha[13],1.00218,1.0149,True,-0.9250606758400001,-1.04434044,-0.92684912,-0.7955708700000003
Centered,99,alpha[14],1.00218,1.0149,True,-1.0204182170825,-1.1752178500000001,-1.01631925,-0.881311779
Centered,99,alpha[15],1.00218,1.0149,True,-1.0361234813850002,-1.1939961,-1.03198755,-0.9004423585
Centered,99,alpha[16],1.00218,1.0149,True,-0.9681382646975001,-1.08608762,-0.96859874,-0.8520534280000002
Centered,99,alpha[17],1.00218,1.0149,True,-0.90860928921,-1.034366865,-0.912024405,-0.7690615715
Centered,99,alpha[18],1.00218,1.0149,True,-1.1007377553900002,-1.330505935,-1.0826188,-0.9250013465000002
Centered,100,mu,1.0008650000000001,1.00314,True,-0.9929510678200001,-1.062722425,-0.9923779699999999,-0.9261026945
Centered,100,sigma,1.0008650000000001,1.00314,True,0.11822628278700001,0.04860607175000001,0.11278787,0.20539391599999998
Centered,100,alpha[1],1.0008650000000001,1.00314,True,-0.79658894139,-0.962275644,-0.8012282150000001,-0.6169472895000001
Centered,100,alpha[2],1.0008650000000001,1.00314,True,-0.8999064126825002,-1.02803435,-0.9058858949999999,-0.7507704655
Centered,100,alpha[3],1.0008650000000001,1.00314,True,-0.9577277626025,-1.07163822,-0.959194865,-0.84361347
Centered,100,alpha[4],1.0008650000000001,1.00314,True,-1.0653643150625,-1.233418215,-1.05785425,-0.9250547315000001
Centered,100,alpha[5],1.0008650000000001,1.00314,True,-0.9778023292,-1.107715535,-0.9765375350000001,-0.8508776195000001
Centered,100,alpha[6],1.0008650000000001,1.00314,True,-0.983000207295,-1.10976514,-0.98128426,-0.861808087
Centered,100,alpha[7],1.0008650000000001,1.00314,True,-1.003888435285,-1.117164325,-1.0023539499999998,-0.891756089
Centered,100,alpha[8],1.0008650000000001,1.00314,True,-1.06808147612,-1.258770835,-1.0582349500000001,-0.9093178945
Centered,100,alpha[9],1.0008650000000001,1.00314,True,-1.002434072835,-1.1284944749999999,-1.0007929,-0.880259274
Centered,100,alpha[10],1.0008650000000001,1.00314,True,-1.0663962496875001,-1.24285464,-1.05574155,-0.9133384685000001
Centered,100,alpha[11],1.0008650000000001,1.00314,True,-1.019296410135,-1.14673121,-1.0182448499999999,-0.8981314135
Centered,100,alpha[12],1.0008650000000001,1.00314,True,-1.0778248982175,-1.2527885300000001,-1.0669391,-0.9281348745
Centered,100,alpha[13],1.0008650000000001,1.00314,True,-0.9263613432225,-1.045085725,-0.929717605,-0.793580886
Centered,100,alpha[14],1.0008650000000001,1.00314,True,-1.0198579666375,-1.1695157999999999,-1.0161866000000002,-0.8774510225
Centered,100,alpha[15],1.0008650000000001,1.00314,True,-1.034874734685,-1.18937598,-1.0286008500000001,-0.8912185565
Centered,100,alpha[16],1.0008650000000001,1.00314,True,-0.96917305124,-1.0845834,-0.972690685,-0.8490859035
Centered,100,alpha[17],1.0008650000000001,1.00314,True,-0.910178515235,-1.0358102299999998,-0.91413929,-0.773406519
Centered,100,alpha[18],1.0008650000000001,1.00314,True,-1.10009037159,-1.32849881,-1.08124345,-0.9216850955000001
Non-centered,1,mu,1.00087,1.00267,True,-0.9932152604425001,-1.064118485,-0.99183518,-0.928419745
Non-centered,1,sigma,1.00087,1.00267,True,0.11609001744821501,0.0327599223,0.11263718,0.20958382199999986
Non-centered,1,alpha[1],1.00087,1.00267,True,-0.7975844863775001,-0.969813436,-0.8018947599999999,-0.6143948315
Non-centered,1,alpha[2],1.00087,1.00267,True,-0.9016969251225,-1.024298025,-0.9081333650000001,-0.7641706885
Non-centered,1,alpha[3],1.00087,1.00267,True,-0.9570381253825001,-1.077289815,-0.958238825,-0.836200115
Non-centered,1,alpha[4],1.00087,1.00267,True,-1.065810957665,-1.2383674249999999,-1.0562381,-0.927137153
Non-centered,1,alpha[5],1.00087,1.00267,True,-0.9751915839625,-1.09999465,-0.9764332200000001,-0.841165079
Non-centered,1,alpha[6],1.00087,1.00267,True,-0.9825277926325,-1.1073684700000002,-0.981041825,-0.8598413220000001
Non-centered,1,alpha[7],1.00087,1.00267,True,-1.0020117528274999,-1.12029413,-0.999846365,-0.8890320145000001
Non-centered,1,alpha[8],1.00087,1.00267,True,-1.07017370739,-1.266798795,-1.0571788,-0.916781547
Non-centered,1,alpha[9],1.00087,1.00267,True,-1.002537863205,-1.1292063149999998,-1.0012552499999998,-0.883278434
Non-centered,1,alpha[10],1.00087,1.00267,True,-1.0641214053075,-1.2494869050000001,-1.0528359,-0.9206187715
Non-centered,1,alpha[11],1.00087,1.00267,True,-1.0180000443650001,-1.1418801349999999,-1.0143368499999998,-0.9024677125
Non-centered,1,alpha[12],1.00087,1.00267,True,-1.0777835114425003,-1.2715608699999998,-1.06458075,-0.9279274905000001
Non-centered,1,alpha[13],1.00087,1.00267,True,-0.9265980488600001,-1.048954085,-0.932944035,-0.789628595
Non-centered,1,alpha[14],1.00087,1.00267,True,-1.0207467621125002,-1.1790297,-1.0135798500000002,-0.8800001975
Non-centered,1,alpha[15],1.00087,1.00267,True,-1.0341427907124998,-1.1922864100000001,-1.02655885,-0.9046881245
Non-centered,1,alpha[16],1.00087,1.00267,True,-0.9683229123425,-1.08667999,-0.96833099,-0.8530593195
Non-centered,1,alpha[17],1.00087,1.00267,True,-0.911914668845,-1.0368127349999998,-0.916195665,-0.7663640025000001
Non-centered,1,alpha[18],1.00087,1.00267,True,-1.1008864312775,-1.340394015,-1.0827086,-0.9293071890000001
Non-centered,2,mu,1.00053,1.00184,True,-0.9906830058025,-1.061764045,-0.98922066,-0.9267026455
Non-centered,2,sigma,1.00053,1.00184,True,0.1147961267999075,0.03239433010000001,0.1129533,0.20143689249999996
Non-centered,2,alpha[1],1.00053,1.00184,True,-0.7995950811625,-0.967211872,-0.802186055,-0.6183291830000001
Non-centered,2,alpha[2],1.00053,1.00184,True,-0.9034124099724999,-1.02710672,-0.91013454,-0.7564255930000001
Non-centered,2,alpha[3],1.00053,1.00184,True,-0.9577700179849999,-1.07530303,-0.9590881149999999,-0.8371876525
Non-centered,2,alpha[4],1.00053,1.00184,True,-1.0613255279725,-1.227402955,-1.05274925,-0.9266580105000001
Non-centered,2,alpha[5],1.00053,1.00184,True,-0.97494541328,-1.101477065,-0.9759845149999999,-0.8469896225
Non-centered,2,alpha[6],1.00053,1.00184,True,-0.981977957805,-1.105967995,-0.9817635849999999,-0.8573994985000001
Non-centered,2,alpha[7],1.00053,1.00184,True,-1.0038007142174998,-1.1236298450000002,-0.9999834,-0.8943474250000001
Non-centered,2,alpha[8],1.00053,1.00184,True,-1.06560577074,-1.262274455,-1.0540634500000001,-0.9105215480000001
Non-centered,2,alpha[9],1.00053,1.00184,True,-1.0025202688125,-1.12629963,-1.00137815,-0.8854904615000002
Non-centered,2,alpha[10],1.00053,1.00184,True,-1.0635403406874997,-1.2486578799999999,-1.0513715000000001,-0.9175920870000002
Non-centered,2,alpha[11],1.00053,1.00184,True,-1.0177175818125,-1.14259416,-1.0143805000000001,-0.9057245230000001
Non-centered,2,alpha[12],1.00053,1.00184,True,-1.0762665517349999,-1.263734565,-1.0648516,-0.9298392135000001
Non-centered,2,alpha[13],1.00053,1.00184,True,-0.925371306155,-1.0411830050000002,-0.931922835,-0.7938573590000001
Non-centered,2,alpha[14],1.00053,1.00184,True,-1.017630671875,-1.168109275,-1.01267315,-0.8826990275000001
Non-centered,2,alpha[15],1.00053,1.00184,True,-1.0332835467275,-1.19130749,-1.0259770000000001,-0.902325744
Non-centered,2,alpha[16],1.00053,1.00184,True,-0.9685932164850001,-1.082952135,-0.969608275,-0.8520106145000002
Non-centered,2,alpha[17],1.00053,1.00184,True,-0.9127334966675,-1.032842525,-0.91879055,-0.7713112265000002
Non-centered,2,alpha[18],1.00053,1.00184,True,-1.0952999655650002,-1.3235175650000002,-1.0778455,-0.922752166
Non-centered,3,mu,1.0009700000000001,1.00411,True,-0.99213995919,-1.06160038,-0.9908588899999999,-0.929932503
Non-centered,3,sigma,1.0009700000000001,1.00411,True,0.11235847147470002,0.030270312150000003,0.11092171,0.19897935149999998
Non-centered,3,alpha[1],1.0009700000000001,1.00411,True,-0.8033314249225,-0.9725841915,-0.8060301249999999,-0.6202112435000001
Non-centered,3,alpha[2],1.0009700000000001,1.00411,True,-0.9021756522725,-1.02411773,-0.90891228,-0.755053195
Non-centered,3,alpha[3],1.0009700000000001,1.00411,True,-0.9576576488425,-1.073703845,-0.959988,-0.8393123215000001
Non-centered,3,alpha[4],1.0009700000000001,1.00411,True,-1.06222194691,-1.225697325,-1.0544552500000002,-0.926063428
Non-centered,3,alpha[5],1.0009700000000001,1.00411,True,-0.975856153285,-1.100343235,-0.9771865049999999,-0.8495270085
Non-centered,3,alpha[6],1.0009700000000001,1.00411,True,-0.9821718694475,-1.107332095,-0.98148022,-0.8585018455000001
Non-centered,3,alpha[7],1.0009700000000001,1.00411,True,-1.0022204862825,-1.1250748499999998,-0.9998161400000001,-0.887507022
Non-centered,3,alpha[8],1.0009700000000001,1.00411,True,-1.065092450155,-1.2605152849999999,-1.0504120000000001,-0.9126407750000001
Non-centered,3,alpha[9],1.0009700000000001,1.00411,True,-1.0014393445774998,-1.1263701899999998,-1.0003731,-0.8832483200000002
Non-centered,3,alpha[10],1.0009700000000001,1.00411,True,-1.0634297208399999,-1.2499400349999998,-1.0517435000000002,-0.9121446765000001
Non-centered,3,alpha[11],1.0009700000000001,1.00411,True,-1.0183422987375,-1.141856655,-1.0140573,-0.9054509745
Non-centered,3,alpha[12],1.0009700000000001,1.00411,True,-1.0747404183449998,-1.27068076,-1.06361415,-0.9210231245
Non-centered,3,alpha[13],1.0009700000000001,1.00411,True,-0.9279542112025001,-1.047574765,-0.931341395,-0.7917831395000001
Non-centered,3,alpha[14],1.0009700000000001,1.00411,True,-1.019229848105,-1.167598485,-1.0149230999999999,-0.8847493585000001
Non-centered,3,alpha[15],1.0009700000000001,1.00411,True,-1.0325185761275,-1.18537104,-1.02417415,-0.8990959115000001
Non-centered,3,alpha[16],1.0009700000000001,1.00411,True,-0.96865398522,-1.0872475199999998,-0.96975939,-0.8482157940000001
Non-centered,3,alpha[17],1.0009700000000001,1.00411,True,-0.9125890284175,-1.0343407949999999,-0.91788566,-0.7728785810000001
Non-centered,3,alpha[18],1.0009700000000001,1.00411,True,-1.0899809253450001,-1.3192779749999999,-1.073128,-0.920815982
Non-centered,4,mu,1.00135,1.00624,True,-0.993280539585,-1.0622017049999999,-0.99168107,-0.931107843
Non-centered,4,sigma,1.00135,1.00624,True,0.11702157718679,0.030354271550000003,0.11533831,0.20714160649999996
Non-centered,4,alpha[1],1.00135,1.00624,True,-0.796780029705,-0.970524532,-0.7994813949999999,-0.610115108
Non-centered,4,alpha[2],1.00135,1.00624,True,-0.9000654651675,-1.0241467199999998,-0.905588285,-0.7571565645
Non-centered,4,alpha[3],1.00135,1.00624,True,-0.95738170304,-1.070693615,-0.9596502,-0.8378244105000001
Non-centered,4,alpha[4],1.00135,1.00624,True,-1.0673022797224998,-1.238266755,-1.06140415,-0.926698486
Non-centered,4,alpha[5],1.00135,1.00624,True,-0.976251135625,-1.103189095,-0.9762309250000001,-0.8470737195
Non-centered,4,alpha[6],1.00135,1.00624,True,-0.9800382134075001,-1.1052286500000001,-0.978735255,-0.8580177195000002
Non-centered,4,alpha[7],1.00135,1.00624,True,-1.0036085834400001,-1.118213785,-1.00015455,-0.890985257
Non-centered,4,alpha[8],1.00135,1.00624,True,-1.0694486952799998,-1.26777037,-1.0565034999999998,-0.9102840155
Non-centered,4,alpha[9],1.00135,1.00624,True,-1.0047044463675001,-1.1288730900000001,-1.0023461500000002,-0.890459912
Non-centered,4,alpha[10],1.00135,1.00624,True,-1.065027254975,-1.24170465,-1.0570123,-0.9179539425000001
Non-centered,4,alpha[11],1.00135,1.00624,True,-1.0185631054675,-1.139204235,-1.0149847,-0.9057365960000001
Non-centered,4,alpha[12],1.00135,1.00624,True,-1.07751573577,-1.27262064,-1.06562765,-0.9274195955
Non-centered,4,alpha[13],1.00135,1.00624,True,-0.9262046350775001,-1.0456800800000001,-0.9315231900000001,-0.79330898
Non-centered,4,alpha[14],1.00135,1.00624,True,-1.0202731489875,-1.1721593700000001,-1.0134859,-0.8851026635000001
Non-centered,4,alpha[15],1.00135,1.00624,True,-1.0356924998725001,-1.193310995,-1.03167325,-0.8966525740000001
Non-centered,4,alpha[16],1.00135,1.00624,True,-0.9674301737425,-1.080414575,-0.9680521200000001,-0.850044912
Non-centered,4,alpha[17],1.00135,1.00624,True,-0.9101400485950001,-1.0335272999999998,-0.91689759,-0.7678558465
Non-centered,4,alpha[18],1.00135,1.00624,True,-1.099794305275,-1.33029352,-1.0823745,-0.9267180220000001
Non-centered,5,mu,1.0007000000000001,1.00391,True,-0.9932875303775,-1.0658966250000002,-0.99039275,-0.930428529
Non-centered,5,sigma,1.0007000000000001,1.00391,True,0.11313394024966,0.028387540700000005,0.11104994500000001,0.20214447349999998
Non-centered,5,alpha[1],1.0007000000000001,1.00391,True,-0.8028350988649999,-0.9715716945,-0.8061746249999999,-0.6153851920000001
Non-centered,5,alpha[2],1.0007000000000001,1.00391,True,-0.9041835450800001,-1.0295613099999998,-0.91172529,-0.7637729635000001
Non-centered,5,alpha[3],1.0007000000000001,1.00391,True,-0.9580280343199999,-1.072244805,-0.9594263199999999,-0.8378665665
Non-centered,5,alpha[4],1.0007000000000001,1.00391,True,-1.0621030448875,-1.2304971649999998,-1.05277765,-0.9279449585000001
Non-centered,5,alpha[5],1.0007000000000001,1.00391,True,-0.97668855714,-1.102067275,-0.97643751,-0.850174434
Non-centered,5,alpha[6],1.0007000000000001,1.00391,True,-0.9821789662250001,-1.10783339,-0.98023982,-0.8615254975000001
Non-centered,5,alpha[7],1.0007000000000001,1.00391,True,-1.0032107903525,-1.12662386,-0.99990522,-0.8922011435
Non-centered,5,alpha[8],1.0007000000000001,1.00391,True,-1.0644483213975,-1.2569578750000001,-1.0541375,-0.9114205750000002
Non-centered,5,alpha[9],1.0007000000000001,1.00391,True,-1.0022199770675,-1.1271205549999999,-0.999353775,-0.8886612445000001
Non-centered,5,alpha[10],1.0007000000000001,1.00391,True,-1.06263905907,-1.248169435,-1.0525459499999998,-0.9155899305
Non-centered,5,alpha[11],1.0007000000000001,1.00391,True,-1.0177141795775,-1.1437829949999998,-1.0131751,-0.9033595765
Non-centered,5,alpha[12],1.0007000000000001,1.00391,True,-1.073959196035,-1.2686887999999998,-1.0619231999999998,-0.9202690775000001
Non-centered,5,alpha[13],1.0007000000000001,1.00391,True,-0.9280197951275,-1.0468098700000001,-0.933696565,-0.794758548
Non-centered,5,alpha[14],1.0007000000000001,1.00391,True,-1.01898667851,-1.172362075,-1.01279565,-0.8850404305
Non-centered,5,alpha[15],1.0007000000000001,1.00391,True,-1.0331869015925,-1.18755827,-1.0264779499999999,-0.897931762
Non-centered,5,alpha[16],1.0007000000000001,1.00391,True,-0.9694295032275,-1.086259775,-0.97056851,-0.8500593100000001
Non-centered,5,alpha[17],1.0007000000000001,1.00391,True,-0.9128899918675001,-1.04194547,-0.9181536299999999,-0.7700796455000001
Non-centered,5,alpha[18],1.0007000000000001,1.00391,True,-1.0960783123825,-1.3310444449999999,-1.07961455,-0.924285097
Non-centered,6,mu,1.000815,1.004,True,-0.992494925885,-1.059746025,-0.992045955,-0.9284752145
Non-centered,6,sigma,1.000815,1.004,True,0.11357129283777,0.02955176835,0.112074375,0.20135132
Non-centered,6,alpha[1],1.000815,1.004,True,-0.8006830323025,-0.971637589,-0.8042324750000001,-0.6110072860000001
Non-centered,6,alpha[2],1.000815,1.004,True,-0.9036850489275,-1.023407845,-0.909379675,-0.7643306125
Non-centered,6,alpha[3],1.000815,1.004,True,-0.957131578635,-1.071939615,-0.95884322,-0.8382677015000001
Non-centered,6,alpha[4],1.000815,1.004,True,-1.0628407441200003,-1.22309189,-1.05442,-0.9220617305
Non-centered,6,alpha[5],1.000815,1.004,True,-0.9763815398675,-1.09830491,-0.97612652,-0.8559165660000002
Non-centered,6,alpha[6],1.000815,1.004,True,-0.9839572540424999,-1.10907658,-0.9820285799999999,-0.8661617269999999
Non-centered,6,alpha[7],1.000815,1.004,True,-1.002894460565,-1.121219215,-1.00094255,-0.890875659
Non-centered,6,alpha[8],1.000815,1.004,True,-1.0661739344625,-1.2610451599999999,-1.0528048,-0.9130147934999999
Non-centered,6,alpha[9],1.000815,1.004,True,-1.00226777344,-1.11928705,-1.0003514,-0.8910863785000002
Non-centered,6,alpha[10],1.000815,1.004,True,-1.06333263205,-1.23868018,-1.05519095,-0.9163999410000001
Non-centered,6,alpha[11],1.000815,1.004,True,-1.0167144356475,-1.14326725,-1.0134792,-0.9001040195000001
Non-centered,6,alpha[12],1.000815,1.004,True,-1.0769735173225001,-1.27131042,-1.06567715,-0.9259553694999999
Non-centered,6,alpha[13],1.000815,1.004,True,-0.9265185615425,-1.044854225,-0.931014725,-0.791735979
Non-centered,6,alpha[14],1.000815,1.004,True,-1.0183803067825,-1.16726825,-1.0121349,-0.886935638
Non-centered,6,alpha[15],1.000815,1.004,True,-1.0337212391825001,-1.18882687,-1.0249131,-0.9022630695
Non-centered,6,alpha[16],1.000815,1.004,True,-0.9685793729824999,-1.081918645,-0.969260125,-0.8502819630000003
Non-centered,6,alpha[17],1.000815,1.004,True,-0.9119138119175,-1.03841107,-0.917788225,-0.770847176
Non-centered,6,alpha[18],1.000815,1.004,True,-1.09533461736,-1.331752045,-1.07663945,-0.922696838
Non-centered,7,mu,1.000495,1.00175,True,-0.9932288564099999,-1.0642816,-0.99119463,-0.9305064860000001
Non-centered,7,sigma,1.000495,1.00175,True,0.1163151625493025,0.035569952849999996,0.113656395,0.20467983699999998
Non-centered,7,alpha[1],1.000495,1.00175,True,-0.7966178246025,-0.9689442575,-0.7988446149999999,-0.6117566325000001
Non-centered,7,alpha[2],1.000495,1.00175,True,-0.9030188767125,-1.0266548649999998,-0.9072945450000001,-0.7654504710000001
Non-centered,7,alpha[3],1.000495,1.00175,True,-0.95771283326,-1.0711149,-0.958899725,-0.8411660525000001
Non-centered,7,alpha[4],1.000495,1.00175,True,-1.064199654515,-1.23026802,-1.05875985,-0.925496829
Non-centered,7,alpha[5],1.000495,1.00175,True,-0.97528454876,-1.1074497099999998,-0.97509815,-0.8472226395000001
Non-centered,7,alpha[6],1.000495,1.00175,True,-0.9828823177775,-1.10451482,-0.982259945,-0.864860347
Non-centered,7,alpha[7],1.000495,1.00175,True,-1.00469015801,-1.129419095,-1.00113065,-0.8884282975000001
Non-centered,7,alpha[8],1.000495,1.00175,True,-1.0700643022075,-1.259080835,-1.0604993500000002,-0.9170854435000001
Non-centered,7,alpha[9],1.000495,1.00175,True,-1.001164998665,-1.1249061,-0.9989579099999999,-0.882916174
Non-centered,7,alpha[10],1.000495,1.00175,True,-1.0648372078825,-1.244436505,-1.0534550999999999,-0.917586883
Non-centered,7,alpha[11],1.000495,1.00175,True,-1.019982025815,-1.15102454,-1.0166463000000001,-0.903011106
Non-centered,7,alpha[12],1.000495,1.00175,True,-1.0766388982975,-1.26735124,-1.0642152999999999,-0.92443028
Non-centered,7,alpha[13],1.000495,1.00175,True,-0.9261112323899999,-1.04730046,-0.9287344900000001,-0.794192548
Non-centered,7,alpha[14],1.000495,1.00175,True,-1.02002734015,-1.169163065,-1.0147699000000001,-0.8841005800000001
Non-centered,7,alpha[15],1.000495,1.00175,True,-1.033614255355,-1.185807475,-1.0262167999999998,-0.900187419
Non-centered,7,alpha[16],1.000495,1.00175,True,-0.9681607788,-1.08245861,-0.968977805,-0.8528182005
Non-centered,7,alpha[17],1.000495,1.00175,True,-0.91153290984,-1.033671575,-0.917532265,-0.7694107415
Non-centered,7,alpha[18],1.000495,1.00175,True,-1.1001513460649999,-1.348290265,-1.0784663499999998,-0.9220446435
Non-centered,8,mu,1.001175,1.00351,True,-0.99185704462,-1.0605933950000002,-0.989482905,-0.928957634
Non-centered,8,sigma,1.001175,1.00351,True,0.114498090659531,0.0319495715,0.112066325,0.202107092
Non-centered,8,alpha[1],1.001175,1.00351,True,-0.8008962604400001,-0.9695825145,-0.8025470050000001,-0.6287420010000001
Non-centered,8,alpha[2],1.001175,1.00351,True,-0.9024996331575,-1.02064128,-0.90804793,-0.766415065
Non-centered,8,alpha[3],1.001175,1.00351,True,-0.9571608040825,-1.0748738,-0.95884983,-0.8334939105000001
Non-centered,8,alpha[4],1.001175,1.00351,True,-1.0640385774325,-1.229614995,-1.05671415,-0.928254206
Non-centered,8,alpha[5],1.001175,1.00351,True,-0.9769960083150001,-1.102209885,-0.977861705,-0.8527404605000001
Non-centered,8,alpha[6],1.001175,1.00351,True,-0.98130606014,-1.107614625,-0.980990205,-0.8608030845000001
Non-centered,8,alpha[7],1.001175,1.00351,True,-1.0031741206125,-1.12197825,-0.9998179,-0.8935911085
Non-centered,8,alpha[8],1.001175,1.00351,True,-1.0652861672400002,-1.2549846050000002,-1.0534858,-0.9158696255000002
Non-centered,8,alpha[9],1.001175,1.00351,True,-1.0016832292775,-1.125220825,-0.999089855,-0.8864602915000002
Non-centered,8,alpha[10],1.001175,1.00351,True,-1.0640551579050002,-1.23852092,-1.0562768,-0.921393036
Non-centered,8,alpha[11],1.001175,1.00351,True,-1.01923780734,-1.14229202,-1.0157703,-0.9047938000000001
Non-centered,8,alpha[12],1.001175,1.00351,True,-1.075424159475,-1.2600516800000001,-1.0655882,-0.9277337615000001
Non-centered,8,alpha[13],1.001175,1.00351,True,-0.9261339576775,-1.0507261749999999,-0.9312244599999999,-0.7909006295000001
Non-centered,8,alpha[14],1.001175,1.00351,True,-1.0178275460225,-1.168969405,-1.0119004,-0.8840741600000003
Non-centered,8,alpha[15],1.001175,1.00351,True,-1.0344252076950002,-1.197510615,-1.0254596500000002,-0.8998122085000002
Non-centered,8,alpha[16],1.001175,1.00351,True,-0.96897828296,-1.085203375,-0.969553855,-0.8509739295
Non-centered,8,alpha[17],1.001175,1.00351,True,-0.91088032447,-1.03620994,-0.91680775,-0.7717222095
Non-centered,8,alpha[18],1.001175,1.00351,True,-1.0985774878549999,-1.33461877,-1.08033505,-0.9258304325000001
Non-centered,9,mu,1.00074,1.00389,True,-0.9916103117074999,-1.061818365,-0.9888957700000001,-0.930696371
Non-centered,9,sigma,1.00074,1.00389,True,0.11234724693815,0.029728262900000003,0.110948295,0.19792849799999992
Non-centered,9,alpha[1],1.00074,1.00389,True,-0.8016470764875,-0.9690369955,-0.803080205,-0.620968382
Non-centered,9,alpha[2],1.00074,1.00389,True,-0.901824766675,-1.0235982449999999,-0.907870365,-0.7607007345000001
Non-centered,9,alpha[3],1.00074,1.00389,True,-0.9589513498175001,-1.0740133699999999,-0.96043196,-0.8391151725000001
Non-centered,9,alpha[4],1.00074,1.00389,True,-1.0628445425475002,-1.225925615,-1.0535151,-0.9294991410000001
Non-centered,9,alpha[5],1.00074,1.00389,True,-0.976407802035,-1.10212709,-0.97588818,-0.8532587575000001
Non-centered,9,alpha[6],1.00074,1.00389,True,-0.98099966948,-1.10262354,-0.979888765,-0.861655635
Non-centered,9,alpha[7],1.00074,1.00389,True,-1.0019284860975,-1.125844755,-0.998216185,-0.8902547775000001
Non-centered,9,alpha[8],1.00074,1.00389,True,-1.0640402430899998,-1.2598226399999999,-1.05051555,-0.914091435
Non-centered,9,alpha[9],1.00074,1.00389,True,-1.001824473655,-1.126094465,-0.99824701,-0.8866262515
Non-centered,9,alpha[10],1.00074,1.00389,True,-1.0592829807275,-1.23861619,-1.0493868000000002,-0.9164598565000001
Non-centered,9,alpha[11],1.00074,1.00389,True,-1.0176748128325,-1.141638385,-1.01473585,-0.905003266
Non-centered,9,alpha[12],1.00074,1.00389,True,-1.0733972713874997,-1.26314309,-1.0629379,-0.9262423930000001
Non-centered,9,alpha[13],1.00074,1.00389,True,-0.9278934248774999,-1.0506168599999999,-0.933352995,-0.7959299005
Non-centered,9,alpha[14],1.00074,1.00389,True,-1.01618542678,-1.171682945,-1.01042955,-0.877451803
Non-centered,9,alpha[15],1.00074,1.00389,True,-1.032615566055,-1.1857147749999999,-1.0269845499999999,-0.899836881
Non-centered,9,alpha[16],1.00074,1.00389,True,-0.9692044679425,-1.082012195,-0.9696825250000001,-0.8523313735000002
Non-centered,9,alpha[17],1.00074,1.00389,True,-0.9129496202974999,-1.039615515,-0.91820837,-0.7692498885000001
Non-centered,9,alpha[18],1.00074,1.00389,True,-1.095860629805,-1.33499193,-1.0743957,-0.925688549
Non-centered,10,mu,1.00042,1.0022,True,-0.9929787662125,-1.06389823,-0.99094842,-0.9290444080000001
Non-centered,10,sigma,1.00042,1.0022,True,0.11323713157214749,0.029060459750000003,0.111149565,0.2022741989999999
Non-centered,10,alpha[1],1.00042,1.0022,True,-0.8040276997975,-0.9762371235,-0.805902465,-0.62371663
Non-centered,10,alpha[2],1.00042,1.0022,True,-0.9039190036699999,-1.028831545,-0.908559385,-0.7637935225000001
Non-centered,10,alpha[3],1.00042,1.0022,True,-0.9584441254825,-1.07161215,-0.9608234250000001,-0.8427351635000001
Non-centered,10,alpha[4],1.00042,1.0022,True,-1.0622020963575,-1.230123305,-1.05325655,-0.9267474750000001
Non-centered,10,alpha[5],1.00042,1.0022,True,-0.97541580574,-1.100635915,-0.97694385,-0.8478750890000001
Non-centered,10,alpha[6],1.00042,1.0022,True,-0.9830223101674999,-1.109348045,-0.98410603,-0.860394403
Non-centered,10,alpha[7],1.00042,1.0022,True,-1.00372017952,-1.12254557,-1.0017809,-0.8919876705
Non-centered,10,alpha[8],1.00042,1.0022,True,-1.0664391501125001,-1.260186075,-1.0538418,-0.918111309
Non-centered,10,alpha[9],1.00042,1.0022,True,-1.002680513085,-1.12754229,-0.9991967100000001,-0.8843931560000001
Non-centered,10,alpha[10],1.00042,1.0022,True,-1.06303006099,-1.2418997999999999,-1.05473435,-0.9162801185
Non-centered,10,alpha[11],1.00042,1.0022,True,-1.0179090928524999,-1.149973945,-1.0130985,-0.904121268
Non-centered,10,alpha[12],1.00042,1.0022,True,-1.0727215462025002,-1.256472385,-1.06362405,-0.9262054080000001
Non-centered,10,alpha[13],1.00042,1.0022,True,-0.92739599791,-1.0473088499999998,-0.931393425,-0.7911285645
Non-centered,10,alpha[14],1.00042,1.0022,True,-1.0186698675774999,-1.1652722,-1.0153289,-0.8847938495000001
Non-centered,10,alpha[15],1.00042,1.0022,True,-1.03477063839,-1.18933127,-1.0271097999999999,-0.8968731210000002
Non-centered,10,alpha[16],1.00042,1.0022,True,-0.96897641975,-1.0838215199999999,-0.9689019299999999,-0.851310815
Non-centered,10,alpha[17],1.00042,1.0022,True,-0.9129492895375001,-1.03477612,-0.918429305,-0.7767688810000001
Non-centered,10,alpha[18],1.00042,1.0022,True,-1.0960500219975,-1.342284,-1.0772417,-0.924139129
Non-centered,11,mu,1.00078,1.00355,True,-0.9934207753525,-1.06564472,-0.99107736,-0.9286792665
Non-centered,11,sigma,1.00078,1.00355,True,0.1167824033237025,0.03423901335,0.11465117,0.20572081149999996
Non-centered,11,alpha[1],1.00078,1.00355,True,-0.7956325384375,-0.9695606474999999,-0.795651855,-0.6185843935
Non-centered,11,alpha[2],1.00078,1.00355,True,-0.9007889447325002,-1.025750035,-0.9038029999999999,-0.762092275
Non-centered,11,alpha[3],1.00078,1.00355,True,-0.957305032225,-1.07362249,-0.959210865,-0.8363158675000001
Non-centered,11,alpha[4],1.00078,1.00355,True,-1.0658656847575,-1.23722587,-1.0581757,-0.923613032
Non-centered,11,alpha[5],1.00078,1.00355,True,-0.97820485727,-1.108324925,-0.978059115,-0.8528051525000001
Non-centered,11,alpha[6],1.00078,1.00355,True,-0.9821619246600001,-1.110856785,-0.98226236,-0.8612405245000001
Non-centered,11,alpha[7],1.00078,1.00355,True,-1.004932014315,-1.127450855,-1.0014454499999998,-0.896764107
Non-centered,11,alpha[8],1.00078,1.00355,True,-1.0687576258575,-1.2683079849999999,-1.0564901,-0.9091048775000001
Non-centered,11,alpha[9],1.00078,1.00355,True,-1.00184457968,-1.123614105,-0.99890227,-0.8854337555
Non-centered,11,alpha[10],1.00078,1.00355,True,-1.065758036625,-1.25096671,-1.0555419499999998,-0.919077952
Non-centered,11,alpha[11],1.00078,1.00355,True,-1.018956194495,-1.1485516949999999,-1.01611415,-0.8966020345000002
Non-centered,11,alpha[12],1.00078,1.00355,True,-1.0757650062825002,-1.2727168500000001,-1.0653732,-0.9200810875000001
Non-centered,11,alpha[13],1.00078,1.00355,True,-0.9251660136925,-1.047470655,-0.9287971749999999,-0.786539413
Non-centered,11,alpha[14],1.00078,1.00355,True,-1.019213325905,-1.167470725,-1.0138492000000001,-0.8822105365
Non-centered,11,alpha[15],1.00078,1.00355,True,-1.0354513228675,-1.19389254,-1.02941705,-0.8998072005
Non-centered,11,alpha[16],1.00078,1.00355,True,-0.96809035493,-1.08329479,-0.968209585,-0.8521249225
Non-centered,11,alpha[17],1.00078,1.00355,True,-0.9099902528075,-1.030373895,-0.9158151649999999,-0.7764554925
Non-centered,11,alpha[18],1.00078,1.00355,True,-1.101186114575,-1.33818534,-1.08454035,-0.9233056015
Non-centered,12,mu,1.000565,1.00373,True,-0.9941374131724999,-1.0652980749999998,-0.992090585,-0.9302899650000002
Non-centered,12,sigma,1.000565,1.00373,True,0.116735109574834,0.0298250099,0.115117235,0.20855397749999996
Non-centered,12,alpha[1],1.000565,1.00373,True,-0.7987663314525,-0.9710035345,-0.8009192549999999,-0.6161040855000001
Non-centered,12,alpha[2],1.000565,1.00373,True,-0.9016316740049999,-1.02341358,-0.9068723649999999,-0.7646081490000001
Non-centered,12,alpha[3],1.000565,1.00373,True,-0.9578075049975,-1.06943276,-0.960314965,-0.8330934465000001
Non-centered,12,alpha[4],1.000565,1.00373,True,-1.0653100513724998,-1.2317204449999999,-1.0551707000000001,-0.9296127525000001
Non-centered,12,alpha[5],1.000565,1.00373,True,-0.9755799687050001,-1.10357904,-0.97414981,-0.8508667615
Non-centered,12,alpha[6],1.000565,1.00373,True,-0.9824280398649999,-1.10658687,-0.9810553,-0.8572427445
Non-centered,12,alpha[7],1.000565,1.00373,True,-1.002992971315,-1.125383585,-0.99917247,-0.8917268235
Non-centered,12,alpha[8],1.000565,1.00373,True,-1.0708080174525,-1.27419638,-1.0576898,-0.911537004
Non-centered,12,alpha[9],1.000565,1.00373,True,-1.00177876756,-1.120630895,-0.999818875,-0.8850414925000001
Non-centered,12,alpha[10],1.000565,1.00373,True,-1.0656065006675002,-1.24980277,-1.0541471,-0.9181908120000001
Non-centered,12,alpha[11],1.000565,1.00373,True,-1.01844469601,-1.14730882,-1.01506095,-0.9078475360000001
Non-centered,12,alpha[12],1.000565,1.00373,True,-1.077855704375,-1.271540905,-1.06663805,-0.9226909230000001
Non-centered,12,alpha[13],1.000565,1.00373,True,-0.9271182763850001,-1.04666024,-0.9334204150000001,-0.7920814865
Non-centered,12,alpha[14],1.000565,1.00373,True,-1.022432576805,-1.177178115,-1.01551785,-0.8863719280000001
Non-centered,12,alpha[15],1.000565,1.00373,True,-1.0382712844125002,-1.20095499,-1.0307719999999998,-0.9024981645
Non-centered,12,alpha[16],1.000565,1.00373,True,-0.9679421171825,-1.08154478,-0.96749593,-0.8516423465
Non-centered,12,alpha[17],1.000565,1.00373,True,-0.9117513366125,-1.034053605,-0.9174670949999999,-0.7714043015000002
Non-centered,12,alpha[18],1.000565,1.00373,True,-1.1023706554375001,-1.3444261249999998,-1.08365625,-0.927521921
Non-centered,13,mu,1.00066,1.00266,True,-0.9929734624400001,-1.06301648,-0.99136713,-0.9315904275
Non-centered,13,sigma,1.00066,1.00266,True,0.115197132935955,0.0352180334,0.112613575,0.201300807
Non-centered,13,alpha[1],1.00066,1.00266,True,-0.7987186775975,-0.9650420599999999,-0.801325185,-0.6155236235
Non-centered,13,alpha[2],1.00066,1.00266,True,-0.9022757088250001,-1.0309261250000001,-0.90900945,-0.7588472680000002
Non-centered,13,alpha[3],1.00066,1.00266,True,-0.9582997479174999,-1.06956443,-0.96032052,-0.8448781710000002
Non-centered,13,alpha[4],1.00066,1.00266,True,-1.064914655045,-1.230190995,-1.0561612500000002,-0.9274587290000001
Non-centered,13,alpha[5],1.00066,1.00266,True,-0.9765337102325,-1.102202065,-0.97625743,-0.851292804
Non-centered,13,alpha[6],1.00066,1.00266,True,-0.9831094271674999,-1.110310475,-0.98160779,-0.8608589765000001
Non-centered,13,alpha[7],1.00066,1.00266,True,-1.003239897495,-1.1227738,-1.0012807499999998,-0.8915114485
Non-centered,13,alpha[8],1.00066,1.00266,True,-1.0679936511725,-1.269763435,-1.05365485,-0.9143123855000003
Non-centered,13,alpha[9],1.00066,1.00266,True,-1.0008541755575,-1.120318855,-0.999874615,-0.883549908
Non-centered,13,alpha[10],1.00066,1.00266,True,-1.0661423404074999,-1.24658358,-1.05632375,-0.9199760010000001
Non-centered,13,alpha[11],1.00066,1.00266,True,-1.0178953785025,-1.146713475,-1.0134321,-0.9058973965000001
Non-centered,13,alpha[12],1.00066,1.00266,True,-1.0761795513624999,-1.2580719049999998,-1.0648832000000001,-0.9274778465000001
Non-centered,13,alpha[13],1.00066,1.00266,True,-0.92837656713,-1.046605775,-0.932464585,-0.7936111705
Non-centered,13,alpha[14],1.00066,1.00266,True,-1.0206924447325,-1.174924155,-1.0138565499999999,-0.8868132455000001
Non-centered,13,alpha[15],1.00066,1.00266,True,-1.033595917745,-1.194538265,-1.0262409,-0.8999613855
Non-centered,13,alpha[16],1.00066,1.00266,True,-0.9682515876675,-1.07999168,-0.968771375,-0.8555297239999999
Non-centered,13,alpha[17],1.00066,1.00266,True,-0.91140407081,-1.033938375,-0.915993115,-0.7727945930000001
Non-centered,13,alpha[18],1.00066,1.00266,True,-1.09922228518,-1.33689128,-1.0792147,-0.9242213135
Non-centered,14,mu,1.0008499999999998,1.00285,True,-0.9932451955425,-1.063766445,-0.991797265,-0.9293804330000001
Non-centered,14,sigma,1.0008499999999998,1.00285,True,0.11380682247002,0.0309770698,0.112642115,0.20084834749999997
Non-centered,14,alpha[1],1.0008499999999998,1.00285,True,-0.7999861715625001,-0.9730463205000001,-0.8039407700000001,-0.615064862
Non-centered,14,alpha[2],1.0008499999999998,1.00285,True,-0.9027840959575001,-1.02258143,-0.9086562,-0.7608763215000001
Non-centered,14,alpha[3],1.0008499999999998,1.00285,True,-0.957908587085,-1.07723482,-0.95965385,-0.8374347405000001
Non-centered,14,alpha[4],1.0008499999999998,1.00285,True,-1.0630328928650001,-1.228714565,-1.0531317,-0.9262320930000001
Non-centered,14,alpha[5],1.0008499999999998,1.00285,True,-0.9763552657575,-1.100311265,-0.976881575,-0.8489765385000001
Non-centered,14,alpha[6],1.0008499999999998,1.00285,True,-0.9832985047825,-1.1074956500000002,-0.9809076800000001,-0.860848237
Non-centered,14,alpha[7],1.0008499999999998,1.00285,True,-1.0035886376875,-1.1249335349999998,-1.00143385,-0.8917731010000002
Non-centered,14,alpha[8],1.0008499999999998,1.00285,True,-1.0643468386325001,-1.26545231,-1.0524782,-0.911054813
Non-centered,14,alpha[9],1.0008499999999998,1.00285,True,-1.0020477543550002,-1.123438425,-0.99969731,-0.8851578275
Non-centered,14,alpha[10],1.0008499999999998,1.00285,True,-1.0637846686174999,-1.250512245,-1.0551040999999999,-0.9175475045
Non-centered,14,alpha[11],1.0008499999999998,1.00285,True,-1.0195582043025,-1.145172535,-1.0158443,-0.906105763
Non-centered,14,alpha[12],1.0008499999999998,1.00285,True,-1.07409580153,-1.26468216,-1.0636462500000001,-0.9213024995000001
Non-centered,14,alpha[13],1.0008499999999998,1.00285,True,-0.9274114754224999,-1.05308497,-0.9309271400000001,-0.7924598525000001
Non-centered,14,alpha[14],1.0008499999999998,1.00285,True,-1.0196927767225,-1.170494115,-1.01297485,-0.883072559
Non-centered,14,alpha[15],1.0008499999999998,1.00285,True,-1.0339586923125,-1.1854000199999999,-1.027533,-0.9023779925000001
Non-centered,14,alpha[16],1.0008499999999998,1.00285,True,-0.9675205152524999,-1.080909005,-0.968602185,-0.8509729650000002
Non-centered,14,alpha[17],1.0008499999999998,1.00285,True,-0.9133780947600001,-1.0385597599999998,-0.918063385,-0.7708097795000001
Non-centered,14,alpha[18],1.0008499999999998,1.00285,True,-1.0947288133950002,-1.336871,-1.0755025,-0.9175463570000001
Non-centered,15,mu,1.000495,1.00474,True,-0.9926856347875,-1.063859745,-0.9908989349999999,-0.9281710734999999
Non-centered,15,sigma,1.000495,1.00474,True,0.11257675958454,0.02884805185,0.11141764500000001,0.19800648349999997
Non-centered,15,alpha[1],1.000495,1.00474,True,-0.8026007884575,-0.977300915,-0.80325366,-0.622413659
Non-centered,15,alpha[2],1.000495,1.00474,True,-0.9040989879125,-1.0270489999999999,-0.91135252,-0.759035448
Non-centered,15,alpha[3],1.000495,1.00474,True,-0.9584510828524999,-1.0723141999999999,-0.96110277,-0.8389009970000001
Non-centered,15,alpha[4],1.000495,1.00474,True,-1.0619595238275001,-1.231212245,-1.0509092500000001,-0.9260246605
Non-centered,15,alpha[5],1.000495,1.00474,True,-0.9772599240325,-1.1037427450000001,-0.977232675,-0.847832257
Non-centered,15,alpha[6],1.000495,1.00474,True,-0.9827294326875,-1.10570624,-0.983271915,-0.8603241545
Non-centered,15,alpha[7],1.000495,1.00474,True,-1.0033967830575,-1.12136964,-0.999878195,-0.892089844
Non-centered,15,alpha[8],1.000495,1.00474,True,-1.0669381213925,-1.258959695,-1.0529343,-0.9154133505000001
Non-centered,15,alpha[9],1.000495,1.00474,True,-0.9997780331424999,-1.123746545,-0.99588491,-0.8815143230000001
Non-centered,15,alpha[10],1.000495,1.00474,True,-1.062976169845,-1.24013662,-1.05090635,-0.9208610655000001
Non-centered,15,alpha[11],1.000495,1.00474,True,-1.01890453355,-1.14373309,-1.01540675,-0.9049911045000001
Non-centered,15,alpha[12],1.000495,1.00474,True,-1.0745416614549999,-1.2596716700000001,-1.0670872500000002,-0.9252258265000001
Non-centered,15,alpha[13],1.000495,1.00474,True,-0.9268504847175,-1.04841093,-0.93269852,-0.792247209
Non-centered,15,alpha[14],1.000495,1.00474,True,-1.018671626815,-1.178892415,-1.0114812,-0.8800256600000002
Non-centered,15,alpha[15],1.000495,1.00474,True,-1.0340738956125002,-1.1952260749999999,-1.02763555,-0.8965758470000003
Non-centered,15,alpha[16],1.000495,1.00474,True,-0.968947951975,-1.0822281500000002,-0.9688782149999999,-0.856867466
Non-centered,15,alpha[17],1.000495,1.00474,True,-0.9142219242525,-1.03703248,-0.920173195,-0.7745940880000001
Non-centered,15,alpha[18],1.000495,1.00474,True,-1.0960192225874998,-1.3302771,-1.0790549,-0.9248760940000001
Non-centered,16,mu,1.0015749999999999,1.01317,True,-0.992773841555,-1.0574739149999999,-0.9916408999999999,-0.9308412055
Non-centered,16,sigma,1.0015749999999999,1.01317,True,0.112972243673965,0.026828147850000008,0.1120718,0.198505419
Non-centered,16,alpha[1],1.0015749999999999,1.01317,True,-0.80108323543,-0.9731667035,-0.80333676,-0.6189953530000002
Non-centered,16,alpha[2],1.0015749999999999,1.01317,True,-0.9045069652300001,-1.0238819,-0.91195527,-0.7660440965000002
Non-centered,16,alpha[3],1.0015749999999999,1.01317,True,-0.95917659743,-1.0709849949999999,-0.9600363000000001,-0.841408712
Non-centered,16,alpha[4],1.0015749999999999,1.01317,True,-1.0643361859,-1.234217955,-1.0557905,-0.9275671345000001
Non-centered,16,alpha[5],1.0015749999999999,1.01317,True,-0.97587220316,-1.101194655,-0.97479463,-0.846551033
Non-centered,16,alpha[6],1.0015749999999999,1.01317,True,-0.9814100610550001,-1.0970216849999999,-0.98404156,-0.8588960925000003
Non-centered,16,alpha[7],1.0015749999999999,1.01317,True,-1.0040574204875,-1.1250847099999999,-1.00125665,-0.8902794645000001
Non-centered,16,alpha[8],1.0015749999999999,1.01317,True,-1.065552812345,-1.262406185,-1.0514207,-0.9121620950000001
Non-centered,16,alpha[9],1.0015749999999999,1.01317,True,-1.0012540283875,-1.12025145,-0.99925128,-0.8873326925
Non-centered,16,alpha[10],1.0015749999999999,1.01317,True,-1.063287810305,-1.2400753850000001,-1.0545688,-0.9203090795000001
Non-centered,16,alpha[11],1.0015749999999999,1.01317,True,-1.0171060183875,-1.14219618,-1.0128352,-0.902663142
Non-centered,16,alpha[12],1.0015749999999999,1.01317,True,-1.0764811905875,-1.2704241550000002,-1.0649223,-0.9271033465
Non-centered,16,alpha[13],1.0015749999999999,1.01317,True,-0.929201316215,-1.048918085,-0.93412557,-0.795749926
Non-centered,16,alpha[14],1.0015749999999999,1.01317,True,-1.019607429575,-1.17217744,-1.0144079000000001,-0.8849314900000002
Non-centered,16,alpha[15],1.0015749999999999,1.01317,True,-1.034404561605,-1.1918718199999998,-1.0269561,-0.898120324
Non-centered,16,alpha[16],1.0015749999999999,1.01317,True,-0.96879601946,-1.083062725,-0.969575985,-0.855783587
Non-centered,16,alpha[17],1.0015749999999999,1.01317,True,-0.9125194428250001,-1.033636,-0.917346495,-0.7755631695
Non-centered,16,alpha[18],1.0015749999999999,1.01317,True,-1.0956325396225,-1.327968515,-1.0776052,-0.928653194
Non-centered,17,mu,1.000375,1.0032,True,-0.9931878620975,-1.062044815,-0.99163999,-0.9278686035000001
Non-centered,17,sigma,1.000375,1.0032,True,0.11675591488963,0.03504170815,0.114263145,0.20761938499999996
Non-centered,17,alpha[1],1.000375,1.0032,True,-0.7964493168075001,-0.966912902,-0.80091663,-0.6146465555
Non-centered,17,alpha[2],1.000375,1.0032,True,-0.902561299625,-1.023686845,-0.907794715,-0.7640132905000001
Non-centered,17,alpha[3],1.000375,1.0032,True,-0.9573245622900001,-1.07431101,-0.95866279,-0.839383484
Non-centered,17,alpha[4],1.000375,1.0032,True,-1.0631332352499998,-1.2387397900000001,-1.05247935,-0.9232316785000001
Non-centered,17,alpha[5],1.000375,1.0032,True,-0.975753665555,-1.10762377,-0.97513843,-0.843731976
Non-centered,17,alpha[6],1.000375,1.0032,True,-0.9819629146775001,-1.1086280149999999,-0.9799980500000001,-0.8614633170000001
Non-centered,17,alpha[7],1.000375,1.0032,True,-1.0027095204225,-1.12402235,-0.99996724,-0.8893975715000001
Non-centered,17,alpha[8],1.000375,1.0032,True,-1.0680419630975002,-1.258214445,-1.05718805,-0.9169839005
Non-centered,17,alpha[9],1.000375,1.0032,True,-1.0029337645799998,-1.1299871099999999,-1.0005220000000001,-0.8871843105
Non-centered,17,alpha[10],1.000375,1.0032,True,-1.0640662110925,-1.244711145,-1.0533146,-0.9161547555
Non-centered,17,alpha[11],1.000375,1.0032,True,-1.0195531463275,-1.14180978,-1.01617275,-0.9082137920000002
Non-centered,17,alpha[12],1.000375,1.0032,True,-1.07792388272,-1.265810575,-1.066946,-0.928052907
Non-centered,17,alpha[13],1.000375,1.0032,True,-0.92538757336,-1.044325375,-0.93223232,-0.7909514915
Non-centered,17,alpha[14],1.000375,1.0032,True,-1.021927048605,-1.17305257,-1.0174412,-0.8866973600000001
Non-centered,17,alpha[15],1.000375,1.0032,True,-1.0321773189024999,-1.19519098,-1.02638345,-0.8932043615
Non-centered,17,alpha[16],1.000375,1.0032,True,-0.9687676160425,-1.08306824,-0.97005697,-0.8501230985000001
Non-centered,17,alpha[17],1.000375,1.0032,True,-0.9112774893925,-1.03383736,-0.91712441,-0.7713375425000002
Non-centered,17,alpha[18],1.000375,1.0032,True,-1.10077898249,-1.3404812899999998,-1.0842161,-0.9224650895000001
Non-centered,18,mu,1.0006249999999999,1.00132,True,-0.9924316756999999,-1.06120009,-0.990248775,-0.9287655375
Non-centered,18,sigma,1.0006249999999999,1.00132,True,0.113236254238365,0.02971342095,0.11188983499999999,0.2014362605
Non-centered,18,alpha[1],1.0006249999999999,1.00132,True,-0.8026554848599999,-0.974869017,-0.8056726999999999,-0.6228333945000001
Non-centered,18,alpha[2],1.0006249999999999,1.00132,True,-0.90084292583,-1.02935048,-0.9059226899999999,-0.7571950035
Non-centered,18,alpha[3],1.0006249999999999,1.00132,True,-0.9572370471125,-1.073397895,-0.9590207399999999,-0.8342347870000001
Non-centered,18,alpha[4],1.0006249999999999,1.00132,True,-1.0613056285275002,-1.23065814,-1.0522534000000001,-0.9248926340000001
Non-centered,18,alpha[5],1.0006249999999999,1.00132,True,-0.97601118032,-1.10241937,-0.9742555900000001,-0.848711536
Non-centered,18,alpha[6],1.0006249999999999,1.00132,True,-0.9821927180575001,-1.102993325,-0.981906535,-0.8607334305000001
Non-centered,18,alpha[7],1.0006249999999999,1.00132,True,-1.0028672308800002,-1.119480405,-1.0004034000000002,-0.893151196
Non-centered,18,alpha[8],1.0006249999999999,1.00132,True,-1.0660118538375,-1.267027825,-1.0524743,-0.9093333400000003
Non-centered,18,alpha[9],1.0006249999999999,1.00132,True,-1.0035168628575,-1.12743128,-1.00093195,-0.8887979330000001
Non-centered,18,alpha[10],1.0006249999999999,1.00132,True,-1.0610478392075,-1.23228314,-1.05018525,-0.922038706
Non-centered,18,alpha[11],1.0006249999999999,1.00132,True,-1.0181469519,-1.141199975,-1.0136712,-0.9065083170000001
Non-centered,18,alpha[12],1.0006249999999999,1.00132,True,-1.0717030934600003,-1.25757494,-1.0590665000000001,-0.9240615275
Non-centered,18,alpha[13],1.0006249999999999,1.00132,True,-0.9275261821599999,-1.048828415,-0.9337428400000001,-0.7942169050000001
Non-centered,18,alpha[14],1.0006249999999999,1.00132,True,-1.0197757601425002,-1.1710448900000001,-1.0136536,-0.8829630185
Non-centered,18,alpha[15],1.0006249999999999,1.00132,True,-1.0337087442900001,-1.190020745,-1.0275083,-0.895137602
Non-centered,18,alpha[16],1.0006249999999999,1.00132,True,-0.9682174026325,-1.0793934600000001,-0.96924514,-0.8511781890000001
Non-centered,18,alpha[17],1.0006249999999999,1.00132,True,-0.9118384018300001,-1.037666615,-0.915954145,-0.7680178085000001
Non-centered,18,alpha[18],1.0006249999999999,1.00132,True,-1.09410675818,-1.324452415,-1.07516415,-0.9239988445
Non-centered,19,mu,1.0009649999999999,1.00516,True,-0.9923599058249999,-1.06114752,-0.99126254,-0.9291043425000001
Non-centered,19,sigma,1.0009649999999999,1.00516,True,0.1159064722897575,0.03154600475,0.113108655,0.2054553015
Non-centered,19,alpha[1],1.0009649999999999,1.00516,True,-0.7986567721625001,-0.970946749,-0.8014563800000001,-0.615652072
Non-centered,19,alpha[2],1.0009649999999999,1.00516,True,-0.9027268929625,-1.0254353500000002,-0.9084089399999999,-0.7629574305000001
Non-centered,19,alpha[3],1.0009649999999999,1.00516,True,-0.9580794251,-1.077851765,-0.959915745,-0.8358943640000001
Non-centered,19,alpha[4],1.0009649999999999,1.00516,True,-1.06452975642,-1.2307356249999999,-1.0546272,-0.9298893699999999
Non-centered,19,alpha[5],1.0009649999999999,1.00516,True,-0.9751002153925001,-1.1044013700000002,-0.976140135,-0.8485867665000001
Non-centered,19,alpha[6],1.0009649999999999,1.00516,True,-0.9819605731725,-1.104651275,-0.981772085,-0.8619116305
Non-centered,19,alpha[7],1.0009649999999999,1.00516,True,-1.0032775278925001,-1.12603492,-0.999910555,-0.886234092
Non-centered,19,alpha[8],1.0009649999999999,1.00516,True,-1.066530723435,-1.256672305,-1.05602265,-0.912336896
Non-centered,19,alpha[9],1.0009649999999999,1.00516,True,-1.0028888907525,-1.1238958700000001,-0.99972713,-0.8861998675
Non-centered,19,alpha[10],1.0009649999999999,1.00516,True,-1.0640242208025,-1.239498975,-1.0534406,-0.9208792315
Non-centered,19,alpha[11],1.0009649999999999,1.00516,True,-1.02057053694,-1.1474776500000001,-1.0163058999999999,-0.9050973385000001
Non-centered,19,alpha[12],1.0009649999999999,1.00516,True,-1.0743101500900003,-1.260245695,-1.06536665,-0.926710051
Non-centered,19,alpha[13],1.0009649999999999,1.00516,True,-0.926708607885,-1.047378575,-0.9288465850000001,-0.7932504545
Non-centered,19,alpha[14],1.0009649999999999,1.00516,True,-1.01990966265,-1.174530525,-1.012419,-0.888111542
Non-centered,19,alpha[15],1.0009649999999999,1.00516,True,-1.033092939045,-1.1881197650000002,-1.02576415,-0.8987206680000002
Non-centered,19,alpha[16],1.0009649999999999,1.00516,True,-0.9682527144875,-1.086805725,-0.968363355,-0.850244812
Non-centered,19,alpha[17],1.0009649999999999,1.00516,True,-0.912896415185,-1.033878175,-0.918072995,-0.772868258
Non-centered,19,alpha[18],1.0009649999999999,1.00516,True,-1.099258743575,-1.33557356,-1.0810478,-0.9214876110000001
Non-centered,20,mu,1.0004050000000002,1.00245,True,-0.9925811852174999,-1.059914115,-0.990696655,-0.9301811515000001
Non-centered,20,sigma,1.0004050000000002,1.00245,True,0.1141569501314,0.03705663995,0.111100705,0.198566652
Non-centered,20,alpha[1],1.0004050000000002,1.00245,True,-0.801092919135,-0.9623325005,-0.803990745,-0.6136153135000003
Non-centered,20,alpha[2],1.0004050000000002,1.00245,True,-0.9019667327374999,-1.02432706,-0.9081021499999999,-0.755663799
Non-centered,20,alpha[3],1.0004050000000002,1.00245,True,-0.957946313445,-1.071955415,-0.95911826,-0.842064895
Non-centered,20,alpha[4],1.0004050000000002,1.00245,True,-1.0635449231875,-1.23515134,-1.05428005,-0.9273371050000002
Non-centered,20,alpha[5],1.0004050000000002,1.00245,True,-0.97676427289,-1.1012368000000001,-0.9765806800000001,-0.8490952115000001
Non-centered,20,alpha[6],1.0004050000000002,1.00245,True,-0.9825825115575,-1.105465535,-0.98339071,-0.8597792900000002
Non-centered,20,alpha[7],1.0004050000000002,1.00245,True,-1.0050038045925,-1.123709015,-1.0034876000000001,-0.8933962885000001
Non-centered,20,alpha[8],1.0004050000000002,1.00245,True,-1.0657899080700002,-1.266946815,-1.0513998,-0.9087886935
Non-centered,20,alpha[9],1.0004050000000002,1.00245,True,-1.0000497977275,-1.1230003450000001,-0.997528255,-0.8855683325
Non-centered,20,alpha[10],1.0004050000000002,1.00245,True,-1.063358940135,-1.2414162,-1.0512277,-0.9157637615000003
Non-centered,20,alpha[11],1.0004050000000002,1.00245,True,-1.0189537172524998,-1.14111596,-1.0170291,-0.9073759835
Non-centered,20,alpha[12],1.0004050000000002,1.00245,True,-1.0768180342649998,-1.26409997,-1.06682145,-0.9257084155
Non-centered,20,alpha[13],1.0004050000000002,1.00245,True,-0.92636063789,-1.05188597,-0.92953061,-0.7924247450000002
Non-centered,20,alpha[14],1.0004050000000002,1.00245,True,-1.02104243051,-1.176109315,-1.0154085,-0.8826246230000001
Non-centered,20,alpha[15],1.0004050000000002,1.00245,True,-1.0338363772674999,-1.189445045,-1.0270091,-0.8968243705000001
Non-centered,20,alpha[16],1.0004050000000002,1.00245,True,-0.9695193255750001,-1.081756705,-0.96981881,-0.8564338925
Non-centered,20,alpha[17],1.0004050000000002,1.00245,True,-0.9144926893675001,-1.04211027,-0.919047245,-0.7671041235
Non-centered,20,alpha[18],1.0004050000000002,1.00245,True,-1.0961346021425002,-1.3362170450000002,-1.0751085,-0.92396623
Non-centered,21,mu,1.000605,1.00506,True,-0.9941310750325,-1.066142505,-0.99191346,-0.9298815615
Non-centered,21,sigma,1.000605,1.00506,True,0.1186546155511075,0.03497195045000001,0.11532657,0.2085409004999999
Non-centered,21,alpha[1],1.000605,1.00506,True,-0.7942702186975,-0.9664890465,-0.79721671,-0.6131909990000002
Non-centered,21,alpha[2],1.000605,1.00506,True,-0.9000407163925,-1.02739058,-0.9044221,-0.7559150595
Non-centered,21,alpha[3],1.000605,1.00506,True,-0.9575286387324999,-1.0722014949999998,-0.9575680799999999,-0.8392475330000001
Non-centered,21,alpha[4],1.000605,1.00506,True,-1.0647570851825001,-1.230432175,-1.0579671,-0.9288456595000001
Non-centered,21,alpha[5],1.000605,1.00506,True,-0.97667633875,-1.102783885,-0.97622382,-0.8495610505000001
Non-centered,21,alpha[6],1.000605,1.00506,True,-0.98217220323,-1.103280525,-0.982033715,-0.8608663000000002
Non-centered,21,alpha[7],1.000605,1.00506,True,-1.0042632124475,-1.124451885,-1.00078615,-0.8930517215
Non-centered,21,alpha[8],1.000605,1.00506,True,-1.0710780991475002,-1.267363585,-1.0576974,-0.914744465
Non-centered,21,alpha[9],1.000605,1.00506,True,-1.001580040285,-1.1285334599999999,-1.0000044350000001,-0.881705155
Non-centered,21,alpha[10],1.000605,1.00506,True,-1.0701518210725,-1.2498224549999999,-1.0605571,-0.9238376535
Non-centered,21,alpha[11],1.000605,1.00506,True,-1.0187887228849999,-1.143285425,-1.0155895,-0.9012534725000001
Non-centered,21,alpha[12],1.000605,1.00506,True,-1.0778249609875,-1.273088915,-1.06542185,-0.9295375425
Non-centered,21,alpha[13],1.000605,1.00506,True,-0.9242699509274999,-1.04594729,-0.927231755,-0.7917230615
Non-centered,21,alpha[14],1.000605,1.00506,True,-1.02125845899,-1.171342265,-1.0158512000000002,-0.8831647805
Non-centered,21,alpha[15],1.000605,1.00506,True,-1.0371965754849999,-1.19451005,-1.0319304,-0.8967063135000001
Non-centered,21,alpha[16],1.000605,1.00506,True,-0.969858357065,-1.08968453,-0.97023826,-0.8515758885
Non-centered,21,alpha[17],1.000605,1.00506,True,-0.90978448915,-1.02838583,-0.91421308,-0.7732338300000001
Non-centered,21,alpha[18],1.000605,1.00506,True,-1.10212578634,-1.34894173,-1.08222385,-0.925597652
Non-centered,22,mu,1.0006149999999998,1.00276,True,-0.9925120823475,-1.0595044,-0.99059926,-0.9299449795000001
Non-centered,22,sigma,1.0006149999999998,1.00276,True,0.11514340243823751,0.03470761505,0.113019935,0.19927330199999999
Non-centered,22,alpha[1],1.0006149999999998,1.00276,True,-0.7969812211224999,-0.9681059455000001,-0.798764525,-0.61275807
Non-centered,22,alpha[2],1.0006149999999998,1.00276,True,-0.9019778294274999,-1.02549078,-0.90583992,-0.7604081640000001
Non-centered,22,alpha[3],1.0006149999999998,1.00276,True,-0.9577210573549999,-1.07725893,-0.9598218249999999,-0.8372568645
Non-centered,22,alpha[4],1.0006149999999998,1.00276,True,-1.063865954175,-1.22996237,-1.0556279499999999,-0.9253395775000001
Non-centered,22,alpha[5],1.0006149999999998,1.00276,True,-0.9760805960675,-1.0985345499999999,-0.97756031,-0.853093827
Non-centered,22,alpha[6],1.0006149999999998,1.00276,True,-0.9826455627299999,-1.10344873,-0.98285565,-0.8601888670000001
Non-centered,22,alpha[7],1.0006149999999998,1.00276,True,-1.0038901988275,-1.12298996,-1.0010832,-0.8897672875
Non-centered,22,alpha[8],1.0006149999999998,1.00276,True,-1.0689741350825,-1.2594573150000001,-1.0558043499999998,-0.916041052
Non-centered,22,alpha[9],1.0006149999999998,1.00276,True,-1.0016597502725,-1.12102959,-0.99928993,-0.8870276305
Non-centered,22,alpha[10],1.0006149999999998,1.00276,True,-1.0629494778500002,-1.248145365,-1.0530344,-0.913606455
Non-centered,22,alpha[11],1.0006149999999998,1.00276,True,-1.0193287494925,-1.14441773,-1.0162274500000001,-0.905825273
Non-centered,22,alpha[12],1.0006149999999998,1.00276,True,-1.0761621531824999,-1.256526385,-1.0689186,-0.9256157275000001
Non-centered,22,alpha[13],1.0006149999999998,1.00276,True,-0.9251240567025,-1.04128664,-0.928938535,-0.7935651235000001
Non-centered,22,alpha[14],1.0006149999999998,1.00276,True,-1.0199178655875,-1.1755624599999999,-1.015009,-0.8796079535000001
Non-centered,22,alpha[15],1.0006149999999998,1.00276,True,-1.0334715932275,-1.1880171099999999,-1.0278820999999998,-0.8983368174999999
Non-centered,22,alpha[16],1.0006149999999998,1.00276,True,-0.9690159453824999,-1.084702695,-0.970125065,-0.850190388
Non-centered,22,alpha[17],1.0006149999999998,1.00276,True,-0.910868132165,-1.03397871,-0.916995275,-0.7714029795
Non-centered,22,alpha[18],1.0006149999999998,1.00276,True,-1.09602715863,-1.3328365,-1.0755900999999999,-0.9191427480000001
Non-centered,23,mu,1.000415,1.00366,True,-0.9928346804425,-1.060894555,-0.991889685,-0.9304125245
Non-centered,23,sigma,1.000415,1.00366,True,0.112364645030136,0.027614692399999998,0.10993626000000001,0.20092331299999988
Non-centered,23,alpha[1],1.000415,1.00366,True,-0.80353191928,-0.9742469195,-0.8056593750000001,-0.6208621285000001
Non-centered,23,alpha[2],1.000415,1.00366,True,-0.9012480000225,-1.022261495,-0.905861985,-0.7613030670000002
Non-centered,23,alpha[3],1.000415,1.00366,True,-0.95881535218,-1.0786594999999999,-0.960512905,-0.8350646050000001
Non-centered,23,alpha[4],1.000415,1.00366,True,-1.0623581619724998,-1.228759605,-1.0546455,-0.9279652125
Non-centered,23,alpha[5],1.000415,1.00366,True,-0.9744677299000001,-1.1029826,-0.97503644,-0.8466145745000001
Non-centered,23,alpha[6],1.000415,1.00366,True,-0.98186260045,-1.101827525,-0.981161795,-0.8655929155000001
Non-centered,23,alpha[7],1.000415,1.00366,True,-1.0023428380025,-1.1173874499999998,-1.00064585,-0.889323072
Non-centered,23,alpha[8],1.000415,1.00366,True,-1.0653240705399998,-1.26747519,-1.05116265,-0.9087041885000001
Non-centered,23,alpha[9],1.000415,1.00366,True,-0.9997543192225,-1.129125585,-0.99593793,-0.8862557120000001
Non-centered,23,alpha[10],1.000415,1.00366,True,-1.0617150181975,-1.2404597249999998,-1.0511081,-0.916586879
Non-centered,23,alpha[11],1.000415,1.00366,True,-1.0182632060999999,-1.1502065799999999,-1.0131899,-0.8997807455
Non-centered,23,alpha[12],1.000415,1.00366,True,-1.0752485002075,-1.260067185,-1.0635341999999999,-0.9309255800000001
Non-centered,23,alpha[13],1.000415,1.00366,True,-0.9279437135775,-1.0479266250000001,-0.932363165,-0.7921302025
Non-centered,23,alpha[14],1.000415,1.00366,True,-1.0191391593675,-1.1738609299999998,-1.01325485,-0.8831656800000002
Non-centered,23,alpha[15],1.000415,1.00366,True,-1.0350675370075,-1.19212936,-1.0266172500000001,-0.9018415360000003
Non-centered,23,alpha[16],1.000415,1.00366,True,-0.970358367825,-1.09085889,-0.971968595,-0.8506744145
Non-centered,23,alpha[17],1.000415,1.00366,True,-0.91435875496,-1.038605475,-0.9201244500000001,-0.7749572180000001
Non-centered,23,alpha[18],1.000415,1.00366,True,-1.0932104222299999,-1.3211596349999999,-1.077677,-0.9244063050000001
Non-centered,24,mu,1.0004300000000002,1.00315,True,-0.991177869475,-1.0565322050000001,-0.9905611249999999,-0.9296216885
Non-centered,24,sigma,1.0004300000000002,1.00315,True,0.11417403098503749,0.0338438171,0.112025795,0.203250457
Non-centered,24,alpha[1],1.0004300000000002,1.00315,True,-0.7995299213825001,-0.9695880594999999,-0.80387864,-0.6152691480000001
Non-centered,24,alpha[2],1.0004300000000002,1.00315,True,-0.9011550825900001,-1.0247229249999998,-0.90528524,-0.7613854680000001
Non-centered,24,alpha[3],1.0004300000000002,1.00315,True,-0.9579350227125,-1.07034465,-0.960433855,-0.8404958735000001
Non-centered,24,alpha[4],1.0004300000000002,1.00315,True,-1.0620536221649999,-1.22884255,-1.0548194,-0.9216186435
Non-centered,24,alpha[5],1.0004300000000002,1.00315,True,-0.9760158696425,-1.1024198550000002,-0.97756963,-0.8501382520000001
Non-centered,24,alpha[6],1.0004300000000002,1.00315,True,-0.9829154101174999,-1.1079637,-0.9820985950000001,-0.856249233
Non-centered,24,alpha[7],1.0004300000000002,1.00315,True,-1.003005224405,-1.122189955,-1.00083565,-0.887299273
Non-centered,24,alpha[8],1.0004300000000002,1.00315,True,-1.0672962767775,-1.2727636549999999,-1.0529267999999998,-0.9100944470000001
Non-centered,24,alpha[9],1.0004300000000002,1.00315,True,-1.001404285555,-1.12574429,-0.9972738800000001,-0.883267089
Non-centered,24,alpha[10],1.0004300000000002,1.00315,True,-1.0624702368875,-1.24258477,-1.05345285,-0.9172730855000001
Non-centered,24,alpha[11],1.0004300000000002,1.00315,True,-1.016964790535,-1.135491655,-1.0135714500000002,-0.907046375
Non-centered,24,alpha[12],1.0004300000000002,1.00315,True,-1.0760273151975002,-1.2712268649999998,-1.0647139,-0.9253930295
Non-centered,24,alpha[13],1.0004300000000002,1.00315,True,-0.9270875594300001,-1.046750195,-0.931330235,-0.8006352664999999
Non-centered,24,alpha[14],1.0004300000000002,1.00315,True,-1.0177913213725,-1.16625472,-1.01344385,-0.887044138
Non-centered,24,alpha[15],1.0004300000000002,1.00315,True,-1.0328951173799998,-1.18782422,-1.02539,-0.896183508
Non-centered,24,alpha[16],1.0004300000000002,1.00315,True,-0.967837777125,-1.0835108400000002,-0.968733375,-0.8494515340000001
Non-centered,24,alpha[17],1.0004300000000002,1.00315,True,-0.9113411269825,-1.030974955,-0.91543591,-0.7753453710000001
Non-centered,24,alpha[18],1.0004300000000002,1.00315,True,-1.0963086689175001,-1.3243028399999999,-1.08135745,-0.9219010065000003
Non-centered,25,mu,1.00039,1.00273,True,-0.9929518765675,-1.064071035,-0.990434865,-0.928174739
Non-centered,25,sigma,1.00039,1.00273,True,0.113451667382155,0.026831263950000003,0.110619305,0.20543813599999977
Non-centered,25,alpha[1],1.00039,1.00273,True,-0.802818469225,-0.9746857290000001,-0.805555495,-0.6183844690000001
Non-centered,25,alpha[2],1.00039,1.00273,True,-0.9022889468849999,-1.0228849,-0.90920814,-0.764350308
Non-centered,25,alpha[3],1.00039,1.00273,True,-0.9578302389675,-1.071791255,-0.96023687,-0.8336814600000001
Non-centered,25,alpha[4],1.00039,1.00273,True,-1.061812418655,-1.233564,-1.05326925,-0.922196943
Non-centered,25,alpha[5],1.00039,1.00273,True,-0.9770725583575,-1.10524236,-0.977348255,-0.8491190785000001
Non-centered,25,alpha[6],1.00039,1.00273,True,-0.9813352645275,-1.097474665,-0.9813760650000001,-0.8637888655000001
Non-centered,25,alpha[7],1.00039,1.00273,True,-1.0019472161225,-1.11955125,-1.000998,-0.8868441760000001
Non-centered,25,alpha[8],1.00039,1.00273,True,-1.0646939304924998,-1.2598564749999999,-1.0510495,-0.9083842260000001
Non-centered,25,alpha[9],1.00039,1.00273,True,-1.0002822739525,-1.127237625,-0.9970994950000001,-0.8829999315
Non-centered,25,alpha[10],1.00039,1.00273,True,-1.0628300055125002,-1.2479094199999998,-1.0511361,-0.912511859
Non-centered,25,alpha[11],1.00039,1.00273,True,-1.0173492659375,-1.13997901,-1.0141546,-0.9068879615000001
Non-centered,25,alpha[12],1.00039,1.00273,True,-1.071826814255,-1.26186946,-1.05990855,-0.9261300954999999
Non-centered,25,alpha[13],1.00039,1.00273,True,-0.927529303595,-1.0498025199999999,-0.930945185,-0.7944624095000001
Non-centered,25,alpha[14],1.00039,1.00273,True,-1.017554681455,-1.16239995,-1.0118258,-0.8873455800000001
Non-centered,25,alpha[15],1.00039,1.00273,True,-1.0338189455375,-1.187913655,-1.0248825,-0.901839042
Non-centered,25,alpha[16],1.00039,1.00273,True,-0.9682657007150001,-1.08176363,-0.9696382349999999,-0.8571614275
Non-centered,25,alpha[17],1.00039,1.00273,True,-0.911958418105,-1.03256694,-0.91733727,-0.7724112035
Non-centered,25,alpha[18],1.00039,1.00273,True,-1.0966173852149999,-1.3398515299999998,-1.07942955,-0.9157222485000002
Non-centered,26,mu,1.000985,1.00242,True,-0.9927720968875,-1.0615247049999998,-0.9911458799999999,-0.9281411340000001
Non-centered,26,sigma,1.000985,1.00242,True,0.11393079637961276,0.03311826465,0.11246257000000001,0.19746558949999996
Non-centered,26,alpha[1],1.000985,1.00242,True,-0.7998321334674999,-0.9701694395,-0.8013862700000001,-0.620094524
Non-centered,26,alpha[2],1.000985,1.00242,True,-0.9026122609675,-1.02495303,-0.907448745,-0.7600711175
Non-centered,26,alpha[3],1.000985,1.00242,True,-0.9565740347999999,-1.0720680699999998,-0.95905823,-0.8314655900000001
Non-centered,26,alpha[4],1.000985,1.00242,True,-1.06450131986,-1.235241385,-1.0559634500000001,-0.926599934
Non-centered,26,alpha[5],1.000985,1.00242,True,-0.9763364413100001,-1.100247915,-0.97568574,-0.8488635160000001
Non-centered,26,alpha[6],1.000985,1.00242,True,-0.98346391451,-1.1085631649999999,-0.9833834,-0.8585566895000001
Non-centered,26,alpha[7],1.000985,1.00242,True,-1.003498610515,-1.1189538749999999,-1.0001110500000001,-0.8945138880000001
Non-centered,26,alpha[8],1.000985,1.00242,True,-1.0681122295149998,-1.2631169,-1.0556596,-0.9122219850000002
Non-centered,26,alpha[9],1.000985,1.00242,True,-1.00115296526,-1.1268927700000002,-0.9985614949999999,-0.8839833790000001
Non-centered,26,alpha[10],1.000985,1.00242,True,-1.0622057873499997,-1.234561615,-1.05144455,-0.9211584715000001
Non-centered,26,alpha[11],1.000985,1.00242,True,-1.0181418808525,-1.14114568,-1.0142712,-0.9033681365
Non-centered,26,alpha[12],1.000985,1.00242,True,-1.0765156386149999,-1.26291481,-1.0656762,-0.9285907500000001
Non-centered,26,alpha[13],1.000985,1.00242,True,-0.92794155302,-1.0485214,-0.93191161,-0.791740657
Non-centered,26,alpha[14],1.000985,1.00242,True,-1.019015951425,-1.1704721550000001,-1.0136170500000001,-0.8831478690000001
Non-centered,26,alpha[15],1.000985,1.00242,True,-1.0349052675775001,-1.1908664199999999,-1.028275,-0.9018102984999999
Non-centered,26,alpha[16],1.000985,1.00242,True,-0.9676607929400001,-1.08052064,-0.9689211,-0.850372712
Non-centered,26,alpha[17],1.000985,1.00242,True,-0.9108384416399999,-1.03407395,-0.914737585,-0.7710632079999999
Non-centered,26,alpha[18],1.000985,1.00242,True,-1.098607709725,-1.33233767,-1.07888885,-0.9244961245000001
Non-centered,27,mu,1.000885,1.00482,True,-0.9935330193024999,-1.06531178,-0.99124437,-0.928177264
Non-centered,27,sigma,1.000885,1.00482,True,0.11545043264949502,0.030937916500000003,0.11336312500000001,0.20558123399999997
Non-centered,27,alpha[1],1.000885,1.00482,True,-0.79867128113,-0.96729876,-0.80128271,-0.618161116
Non-centered,27,alpha[2],1.000885,1.00482,True,-0.9026641324275,-1.02569037,-0.908937025,-0.760530709
Non-centered,27,alpha[3],1.000885,1.00482,True,-0.9588660717474999,-1.07368021,-0.960503285,-0.8395460055
Non-centered,27,alpha[4],1.000885,1.00482,True,-1.063564767795,-1.228544915,-1.0563156500000002,-0.9277873915000001
Non-centered,27,alpha[5],1.000885,1.00482,True,-0.9764980601550001,-1.0982166500000001,-0.97794297,-0.8528238850000001
Non-centered,27,alpha[6],1.000885,1.00482,True,-0.981181079515,-1.11059457,-0.97941688,-0.8580366195000001
Non-centered,27,alpha[7],1.000885,1.00482,True,-1.0047515070625,-1.1242352249999998,-1.0029097,-0.8900803370000001
Non-centered,27,alpha[8],1.000885,1.00482,True,-1.0682455222624998,-1.26907984,-1.0530503,-0.9150575315
Non-centered,27,alpha[9],1.000885,1.00482,True,-1.00231158528,-1.13025117,-0.999190615,-0.8839609335
Non-centered,27,alpha[10],1.000885,1.00482,True,-1.0654019448425,-1.2471834800000001,-1.0533442000000002,-0.9231832065000001
Non-centered,27,alpha[11],1.000885,1.00482,True,-1.0191434327075,-1.149414925,-1.01378045,-0.905988596
Non-centered,27,alpha[12],1.000885,1.00482,True,-1.0742403347475,-1.2695557849999999,-1.0617116,-0.923169577
Non-centered,27,alpha[13],1.000885,1.00482,True,-0.926307898765,-1.04898231,-0.930860435,-0.791408602
Non-centered,27,alpha[14],1.000885,1.00482,True,-1.0195842530600001,-1.169748765,-1.0148112999999999,-0.88317913
Non-centered,27,alpha[15],1.000885,1.00482,True,-1.0336416969975,-1.1908130700000001,-1.0267796,-0.9004704090000001
Non-centered,27,alpha[16],1.000885,1.00482,True,-0.9697953393075,-1.0854345,-0.969050215,-0.8552541950000001
Non-centered,27,alpha[17],1.000885,1.00482,True,-0.9127685916975,-1.03833971,-0.919482425,-0.7665500245000001
Non-centered,27,alpha[18],1.000885,1.00482,True,-1.100569556145,-1.349281065,-1.0804808000000001,-0.9195124695000002
Non-centered,28,mu,1.0006650000000001,1.00287,True,-0.9920856772575001,-1.061358375,-0.990008605,-0.9294148760000001
Non-centered,28,sigma,1.0006650000000001,1.00287,True,0.11399083625143624,0.03387342585,0.111590425,0.1998460615
Non-centered,28,alpha[1],1.0006650000000001,1.00287,True,-0.7998303382274999,-0.9659758565000001,-0.8034255349999999,-0.6224685370000002
Non-centered,28,alpha[2],1.0006650000000001,1.00287,True,-0.9019111442725,-1.027058175,-0.90770111,-0.760978044
Non-centered,28,alpha[3],1.0006650000000001,1.00287,True,-0.9584723184074999,-1.075311185,-0.9608527,-0.833094359
Non-centered,28,alpha[4],1.0006650000000001,1.00287,True,-1.0623684412974999,-1.231459845,-1.0536306,-0.9215415180000001
Non-centered,28,alpha[5],1.0006650000000001,1.00287,True,-0.9780890671650001,-1.10408549,-0.9785810349999999,-0.844829641
Non-centered,28,alpha[6],1.0006650000000001,1.00287,True,-0.981892669945,-1.10635591,-0.982377755,-0.860322253
Non-centered,28,alpha[7],1.0006650000000001,1.00287,True,-1.0040897817275,-1.12441373,-1.0014402,-0.8911784030000001
Non-centered,28,alpha[8],1.0006650000000001,1.00287,True,-1.066075538275,-1.25961553,-1.0537728,-0.9116324290000001
Non-centered,28,alpha[9],1.0006650000000001,1.00287,True,-1.0011042382000002,-1.12376037,-0.99966234,-0.884712157
Non-centered,28,alpha[10],1.0006650000000001,1.00287,True,-1.06486591137,-1.255346075,-1.0520057,-0.9131305115
Non-centered,28,alpha[11],1.0006650000000001,1.00287,True,-1.01827296584,-1.14240263,-1.01367225,-0.906197147
Non-centered,28,alpha[12],1.0006650000000001,1.00287,True,-1.07597928544,-1.264569355,-1.06398955,-0.9262269555
Non-centered,28,alpha[13],1.0006650000000001,1.00287,True,-0.927061312615,-1.0445802499999999,-0.93047061,-0.7962936110000001
Non-centered,28,alpha[14],1.0006650000000001,1.00287,True,-1.0175042878,-1.16939981,-1.012052,-0.881941513
Non-centered,28,alpha[15],1.0006650000000001,1.00287,True,-1.03263247058,-1.191608015,-1.0240407,-0.898557619
Non-centered,28,alpha[16],1.0006650000000001,1.00287,True,-0.9681755713399999,-1.08575194,-0.9690743749999999,-0.848191335
Non-centered,28,alpha[17],1.0006650000000001,1.00287,True,-0.9113707881524999,-1.035735275,-0.91551775,-0.7727231015000001
Non-centered,28,alpha[18],1.0006650000000001,1.00287,True,-1.095774363835,-1.320879775,-1.07846985,-0.9252767345000003
Non-centered,29,mu,1.00049,1.00203,True,-0.99409146058,-1.06879286,-0.992142885,-0.929740798
Non-centered,29,sigma,1.00049,1.00203,True,0.117260589221815,0.0376035788,0.11239848499999999,0.21066611199999993
Non-centered,29,alpha[1],1.00049,1.00203,True,-0.7977081856825,-0.9629335910000001,-0.800239345,-0.6186922745
Non-centered,29,alpha[2],1.00049,1.00203,True,-0.90060435444,-1.0275045,-0.9042516700000001,-0.7583643970000002
Non-centered,29,alpha[3],1.00049,1.00203,True,-0.95753242478,-1.07413472,-0.958534855,-0.834891835
Non-centered,29,alpha[4],1.00049,1.00203,True,-1.065830307585,-1.2289762249999998,-1.0591392,-0.9247888240000001
Non-centered,29,alpha[5],1.00049,1.00203,True,-0.9772965153025,-1.106605005,-0.97912171,-0.8497770785000001
Non-centered,29,alpha[6],1.00049,1.00203,True,-0.9822307108225,-1.10929163,-0.98047773,-0.8635439865000001
Non-centered,29,alpha[7],1.00049,1.00203,True,-1.004390917045,-1.125519495,-1.0029329,-0.889944978
Non-centered,29,alpha[8],1.00049,1.00203,True,-1.067550306265,-1.2716937099999999,-1.05551095,-0.9101216100000001
Non-centered,29,alpha[9],1.00049,1.00203,True,-1.0013886455849998,-1.1224119799999999,-0.99925317,-0.8817779285
Non-centered,29,alpha[10],1.00049,1.00203,True,-1.066269027825,-1.246497075,-1.05751585,-0.9192704290000002
Non-centered,29,alpha[11],1.00049,1.00203,True,-1.0192919867125,-1.1472403899999999,-1.0148441,-0.9039134815
Non-centered,29,alpha[12],1.00049,1.00203,True,-1.078854719475,-1.270758525,-1.06880035,-0.9251334955
Non-centered,29,alpha[13],1.00049,1.00203,True,-0.9251702897825,-1.04711449,-0.92922624,-0.791318848
Non-centered,29,alpha[14],1.00049,1.00203,True,-1.0198383037599998,-1.1748548049999998,-1.01376445,-0.8873189665000002
Non-centered,29,alpha[15],1.00049,1.00203,True,-1.0355931861575,-1.195040225,-1.0272485,-0.8965699695
Non-centered,29,alpha[16],1.00049,1.00203,True,-0.966972736585,-1.08420004,-0.96698396,-0.8529613715000001
Non-centered,29,alpha[17],1.00049,1.00203,True,-0.9105966366075,-1.034959275,-0.914779045,-0.7691729245
Non-centered,29,alpha[18],1.00049,1.00203,True,-1.10136071646,-1.351492985,-1.0795867000000001,-0.9247147565000001
Non-centered,30,mu,1.000745,1.00201,True,-0.9936096358525,-1.06585751,-0.9908130049999999,-0.9294494649999999
Non-centered,30,sigma,1.000745,1.00201,True,0.11567715516763001,0.028359572850000004,0.113737905,0.206007153
Non-centered,30,alpha[1],1.000745,1.00201,True,-0.7998637234425,-0.97038053,-0.80492545,-0.6116749760000001
Non-centered,30,alpha[2],1.000745,1.00201,True,-0.90364881869,-1.0290037300000001,-0.908238345,-0.765045694
Non-centered,30,alpha[3],1.000745,1.00201,True,-0.95854238152,-1.07476515,-0.959870385,-0.8417099345000002
Non-centered,30,alpha[4],1.000745,1.00201,True,-1.065228569935,-1.23204095,-1.05613205,-0.9266920205000001
Non-centered,30,alpha[5],1.000745,1.00201,True,-0.9775078130975,-1.1028787850000001,-0.97709606,-0.8523033510000002
Non-centered,30,alpha[6],1.000745,1.00201,True,-0.98312321482,-1.1066207399999999,-0.98100779,-0.8628490275
Non-centered,30,alpha[7],1.000745,1.00201,True,-1.00415952903,-1.118667125,-1.0013039,-0.890352209
Non-centered,30,alpha[8],1.000745,1.00201,True,-1.0696150948475,-1.274559,-1.05574895,-0.9050822015
Non-centered,30,alpha[9],1.000745,1.00201,True,-1.0012644078875,-1.124602575,-0.997140485,-0.8838129965000002
Non-centered,30,alpha[10],1.000745,1.00201,True,-1.0633629153325002,-1.24704371,-1.0466399,-0.91939319
Non-centered,30,alpha[11],1.000745,1.00201,True,-1.01711184972,-1.14309266,-1.01282505,-0.9021632605
Non-centered,30,alpha[12],1.000745,1.00201,True,-1.0773228538000001,-1.26442308,-1.06647135,-0.9304655715000002
Non-centered,30,alpha[13],1.000745,1.00201,True,-0.9272232776925,-1.0453716149999999,-0.93258135,-0.7879422850000001
Non-centered,30,alpha[14],1.000745,1.00201,True,-1.0197686532899999,-1.171122735,-1.0145726499999999,-0.882593822
Non-centered,30,alpha[15],1.000745,1.00201,True,-1.0344850255449998,-1.19054747,-1.0265317,-0.8960848525
Non-centered,30,alpha[16],1.000745,1.00201,True,-0.9674761595375001,-1.08232105,-0.967546945,-0.8511810430000001
Non-centered,30,alpha[17],1.000745,1.00201,True,-0.9113419448550001,-1.03265594,-0.9167669599999999,-0.7700044175
Non-centered,30,alpha[18],1.000745,1.00201,True,-1.099333682725,-1.33052164,-1.0843061999999999,-0.924626257
Non-centered,31,mu,1.0013100000000001,1.00557,True,-0.9927272325075,-1.06108215,-0.9909927350000001,-0.9307640095
Non-centered,31,sigma,1.0013100000000001,1.00557,True,0.11482111492844249,0.03316323655,0.11253772000000001,0.20174930999999996
Non-centered,31,alpha[1],1.0013100000000001,1.00557,True,-0.800304210275,-0.9726699520000001,-0.804070995,-0.6119541545
Non-centered,31,alpha[2],1.0013100000000001,1.00557,True,-0.9022837313625001,-1.022547495,-0.90776737,-0.763581681
Non-centered,31,alpha[3],1.0013100000000001,1.00557,True,-0.9584388159975,-1.0693333,-0.9608013049999999,-0.8399763965
Non-centered,31,alpha[4],1.0013100000000001,1.00557,True,-1.0625423022025,-1.2280768850000001,-1.0530016500000001,-0.9269740120000001
Non-centered,31,alpha[5],1.0013100000000001,1.00557,True,-0.976136541805,-1.09980789,-0.97524057,-0.8507139874999999
Non-centered,31,alpha[6],1.0013100000000001,1.00557,True,-0.9818905796574999,-1.09842533,-0.9827617500000001,-0.8625690945
Non-centered,31,alpha[7],1.0013100000000001,1.00557,True,-1.0034626039775,-1.121600595,-1.0013579,-0.8922101785000001
Non-centered,31,alpha[8],1.0013100000000001,1.00557,True,-1.0676114906675,-1.258735655,-1.0533888500000002,-0.9177959435
Non-centered,31,alpha[9],1.0013100000000001,1.00557,True,-1.0016174990275,-1.130634485,-1.00000039,-0.8835097165000001
Non-centered,31,alpha[10],1.0013100000000001,1.00557,True,-1.0659898609225,-1.2409101249999999,-1.05732025,-0.9224540440000001
Non-centered,31,alpha[11],1.0013100000000001,1.00557,True,-1.018659319235,-1.1408528,-1.0159365,-0.9062969755000001
Non-centered,31,alpha[12],1.0013100000000001,1.00557,True,-1.07373604564,-1.27219721,-1.0604843,-0.9213680105000001
Non-centered,31,alpha[13],1.0013100000000001,1.00557,True,-0.9278601608125,-1.049582335,-0.931095525,-0.7918532545000001
Non-centered,31,alpha[14],1.0013100000000001,1.00557,True,-1.0195474526175,-1.164785345,-1.0129355,-0.8884918115
Non-centered,31,alpha[15],1.0013100000000001,1.00557,True,-1.0337547340525,-1.18421832,-1.02760455,-0.902442203
Non-centered,31,alpha[16],1.0013100000000001,1.00557,True,-0.9674037779574999,-1.079603435,-0.96803284,-0.854902635
Non-centered,31,alpha[17],1.0013100000000001,1.00557,True,-0.9112450445925001,-1.03525025,-0.9175190200000001,-0.7705512060000002
Non-centered,31,alpha[18],1.0013100000000001,1.00557,True,-1.0973157730799998,-1.33203361,-1.0779984,-0.925935112
Non-centered,32,mu,1.00064,1.00333,True,-0.9926069141025,-1.0601634,-0.9914655400000001,-0.927423523
Non-centered,32,sigma,1.00064,1.00333,True,0.114026132120845,0.0296776683,0.11119134,0.20418199550000002
Non-centered,32,alpha[1],1.00064,1.00333,True,-0.8019812051325,-0.970786835,-0.8052742100000001,-0.6156397910000001
Non-centered,32,alpha[2],1.00064,1.00333,True,-0.902387354975,-1.023949115,-0.90800446,-0.7589044580000001
Non-centered,32,alpha[3],1.00064,1.00333,True,-0.9579177399400001,-1.07610699,-0.959628975,-0.8358363125000001
Non-centered,32,alpha[4],1.00064,1.00333,True,-1.0646268208924998,-1.2331066000000002,-1.05360075,-0.9285055855000002
Non-centered,32,alpha[5],1.00064,1.00333,True,-0.9775739542274999,-1.103737905,-0.977536765,-0.8492274285
Non-centered,32,alpha[6],1.00064,1.00333,True,-0.9821912611724999,-1.1054504900000002,-0.9820156250000001,-0.8637460445
Non-centered,32,alpha[7],1.00064,1.00333,True,-1.0034957426575,-1.12257498,-1.00118465,-0.8878568490000002
Non-centered,32,alpha[8],1.00064,1.00333,True,-1.0676799553275,-1.261924495,-1.0549895,-0.916351355
Non-centered,32,alpha[9],1.00064,1.00333,True,-1.000638875875,-1.12477701,-0.998111525,-0.8831609549999999
Non-centered,32,alpha[10],1.00064,1.00333,True,-1.0643491897025001,-1.250223235,-1.05262325,-0.921427891
Non-centered,32,alpha[11],1.00064,1.00333,True,-1.01882731048,-1.1424270300000001,-1.0150066,-0.903011721
Non-centered,32,alpha[12],1.00064,1.00333,True,-1.07612242782,-1.266169895,-1.0644325000000001,-0.9247455245
Non-centered,32,alpha[13],1.00064,1.00333,True,-0.9276769898924999,-1.04465261,-0.93267261,-0.7960141745
Non-centered,32,alpha[14],1.00064,1.00333,True,-1.01753628093,-1.16845846,-1.0110792499999999,-0.8783426575000001
Non-centered,32,alpha[15],1.00064,1.00333,True,-1.0326801212324999,-1.18656256,-1.02445085,-0.8980893085
Non-centered,32,alpha[16],1.00064,1.00333,True,-0.9683113746525001,-1.0859448,-0.9678055299999999,-0.84933886
Non-centered,32,alpha[17],1.00064,1.00333,True,-0.9133333566625,-1.034434305,-0.91786027,-0.7723606965
Non-centered,32,alpha[18],1.00064,1.00333,True,-1.0975974264450001,-1.343837695,-1.0784620999999999,-0.9297094865000001
Non-centered,33,mu,1.00121,1.00385,True,-0.992642834475,-1.062769515,-0.9913124550000001,-0.9283448815
Non-centered,33,sigma,1.00121,1.00385,True,0.11874557141089749,0.03159241925,0.11619296500000001,0.21217723649999978
Non-centered,33,alpha[1],1.00121,1.00385,True,-0.794245123965,-0.967981947,-0.79591587,-0.6073902590000001
Non-centered,33,alpha[2],1.00121,1.00385,True,-0.899876312815,-1.024982785,-0.904551895,-0.757034854
Non-centered,33,alpha[3],1.00121,1.00385,True,-0.956836651775,-1.07605374,-0.95834609,-0.834083923
Non-centered,33,alpha[4],1.00121,1.00385,True,-1.06653534479,-1.238407775,-1.05591725,-0.9295126015
Non-centered,33,alpha[5],1.00121,1.00385,True,-0.9762902549100001,-1.09997812,-0.977074795,-0.8501401030000001
Non-centered,33,alpha[6],1.00121,1.00385,True,-0.9799946715325001,-1.10255203,-0.98018714,-0.858491412
Non-centered,33,alpha[7],1.00121,1.00385,True,-1.0039568976425,-1.121035485,-1.00145485,-0.8926905885
Non-centered,33,alpha[8],1.00121,1.00385,True,-1.06814923836,-1.262725885,-1.0562825,-0.9123387905000002
Non-centered,33,alpha[9],1.00121,1.00385,True,-1.0008024520875,-1.125027915,-0.9990386600000001,-0.8819690415
Non-centered,33,alpha[10],1.00121,1.00385,True,-1.0648540345525,-1.2464718750000001,-1.0552707,-0.916175245
Non-centered,33,alpha[11],1.00121,1.00385,True,-1.0187947709475,-1.14536247,-1.0144815500000002,-0.9027209535000001
Non-centered,33,alpha[12],1.00121,1.00385,True,-1.078089509125,-1.27145378,-1.06560175,-0.9248889505
Non-centered,33,alpha[13],1.00121,1.00385,True,-0.923782849975,-1.0432410349999999,-0.928158735,-0.79171086
Non-centered,33,alpha[14],1.00121,1.00385,True,-1.021967291585,-1.17818225,-1.0152134,-0.8895996140000001
Non-centered,33,alpha[15],1.00121,1.00385,True,-1.0361187309725002,-1.19664408,-1.02940185,-0.8985353040000001
Non-centered,33,alpha[16],1.00121,1.00385,True,-0.9683112600475,-1.08058348,-0.969469635,-0.8496238085000001
Non-centered,33,alpha[17],1.00121,1.00385,True,-0.911094980915,-1.036608575,-0.91544417,-0.7725862620000001
Non-centered,33,alpha[18],1.00121,1.00385,True,-1.102329128945,-1.3554152000000002,-1.0796133,-0.92290722
Non-centered,34,mu,1.000775,1.00403,True,-0.9924300412025,-1.0617533749999999,-0.9904144349999999,-0.9290091005000001
Non-centered,34,sigma,1.000775,1.00403,True,0.11647068401349099,0.0280328366,0.11488066999999999,0.2072298484999999
Non-centered,34,alpha[1],1.000775,1.00403,True,-0.7987884353950001,-0.9744869435,-0.80274303,-0.6074007525
Non-centered,34,alpha[2],1.000775,1.00403,True,-0.9028343036075,-1.027086825,-0.9080408499999999,-0.7543868585000001
Non-centered,34,alpha[3],1.000775,1.00403,True,-0.957386272715,-1.069493595,-0.95930412,-0.84496785
Non-centered,34,alpha[4],1.000775,1.00403,True,-1.0641366175725,-1.239703155,-1.0548799500000001,-0.925853212
Non-centered,34,alpha[5],1.000775,1.00403,True,-0.9765493266824999,-1.1053373499999999,-0.9763873750000001,-0.843235325
Non-centered,34,alpha[6],1.000775,1.00403,True,-0.9834052784924999,-1.1100915599999999,-0.980762725,-0.85893744
Non-centered,34,alpha[7],1.000775,1.00403,True,-1.0033442637175,-1.12569952,-1.0014441,-0.8893581555
Non-centered,34,alpha[8],1.000775,1.00403,True,-1.069073178225,-1.271419645,-1.0561236,-0.913822666
Non-centered,34,alpha[9],1.000775,1.00403,True,-1.0016731971975,-1.125703385,-0.99942978,-0.8856210485
Non-centered,34,alpha[10],1.000775,1.00403,True,-1.0654146838024998,-1.24631243,-1.05532475,-0.9190925974999999
Non-centered,34,alpha[11],1.000775,1.00403,True,-1.01882265381,-1.14320906,-1.0158138,-0.9104444695
Non-centered,34,alpha[12],1.000775,1.00403,True,-1.075015593265,-1.259053745,-1.06350115,-0.9256043855000001
Non-centered,34,alpha[13],1.000775,1.00403,True,-0.9269375044599999,-1.045419735,-0.931472995,-0.7924424105000001
Non-centered,34,alpha[14],1.000775,1.00403,True,-1.0179896982275,-1.1643565999999999,-1.0124781,-0.8874485590000001
Non-centered,34,alpha[15],1.000775,1.00403,True,-1.0340219413374998,-1.191169315,-1.0260901,-0.897693196
Non-centered,34,alpha[16],1.000775,1.00403,True,-0.9705284262049999,-1.081947305,-0.97079145,-0.8542429725
Non-centered,34,alpha[17],1.000775,1.00403,True,-0.9108046496275,-1.03168546,-0.916155905,-0.7724032295
Non-centered,34,alpha[18],1.000775,1.00403,True,-1.1002976203400001,-1.325850155,-1.0834391,-0.9261951365000001
Non-centered,35,mu,1.00095,1.0036,True,-0.9927849603550001,-1.06264195,-0.99087556,-0.9279131875000001
Non-centered,35,sigma,1.00095,1.0036,True,0.1151986992471275,0.027856684050000007,0.114681905,0.201596029
Non-centered,35,alpha[1],1.00095,1.0036,True,-0.7980274702725001,-0.9763397225,-0.798986245,-0.61070617
Non-centered,35,alpha[2],1.00095,1.0036,True,-0.90316199648,-1.0281508799999999,-0.906982215,-0.7641208200000003
Non-centered,35,alpha[3],1.00095,1.0036,True,-0.957935702025,-1.0748759399999999,-0.959442015,-0.8394972195
Non-centered,35,alpha[4],1.00095,1.0036,True,-1.0638752485675,-1.226387495,-1.0558589999999999,-0.9259730185000001
Non-centered,35,alpha[5],1.00095,1.0036,True,-0.97638266909,-1.099802565,-0.976403775,-0.8527655365000001
Non-centered,35,alpha[6],1.00095,1.0036,True,-0.9815593038249999,-1.105064225,-0.97906469,-0.8634387940000001
Non-centered,35,alpha[7],1.00095,1.0036,True,-1.0031008433175,-1.1161301899999998,-1.0013248,-0.8939637890000001
Non-centered,35,alpha[8],1.00095,1.0036,True,-1.0667307942150002,-1.26462364,-1.0553078500000002,-0.9098553425000001
Non-centered,35,alpha[9],1.00095,1.0036,True,-1.0014044786775,-1.12316327,-0.99882247,-0.880631318
Non-centered,35,alpha[10],1.00095,1.0036,True,-1.0657565183500002,-1.2508554349999998,-1.05633505,-0.917315836
Non-centered,35,alpha[11],1.00095,1.0036,True,-1.0185171803775,-1.14761482,-1.01434665,-0.9044100300000001
Non-centered,35,alpha[12],1.00095,1.0036,True,-1.07517889074,-1.2658608150000001,-1.06571065,-0.9238304995
Non-centered,35,alpha[13],1.00095,1.0036,True,-0.9266539381225,-1.04724628,-0.92952088,-0.7927187025000001
Non-centered,35,alpha[14],1.00095,1.0036,True,-1.0216949792775,-1.17888169,-1.01335225,-0.884196269
Non-centered,35,alpha[15],1.00095,1.0036,True,-1.0357426363149997,-1.193913725,-1.0288173999999999,-0.8961687565
Non-centered,35,alpha[16],1.00095,1.0036,True,-0.9684436223299999,-1.0843742299999999,-0.969352695,-0.853091789
Non-centered,35,alpha[17],1.00095,1.0036,True,-0.9110446731725002,-1.027793335,-0.91636711,-0.7771569939999999
Non-centered,35,alpha[18],1.00095,1.0036,True,-1.1004351247425002,-1.333122675,-1.0830202500000001,-0.9254338525000001
Non-centered,36,mu,1.00053,1.00216,True,-0.9932875526299999,-1.05994126,-0.990966185,-0.932913575
Non-centered,36,sigma,1.00053,1.00216,True,0.11314293359347,0.029379214350000002,0.110929165,0.200110079
Non-centered,36,alpha[1],1.00053,1.00216,True,-0.8025649424625,-0.968565468,-0.8085324,-0.617788879
Non-centered,36,alpha[2],1.00053,1.00216,True,-0.902554469165,-1.02277513,-0.907314695,-0.7649133165
Non-centered,36,alpha[3],1.00053,1.00216,True,-0.9582393430424999,-1.072093855,-0.959667645,-0.8396119165
Non-centered,36,alpha[4],1.00053,1.00216,True,-1.0637881155175,-1.23695207,-1.05568295,-0.9262668005
Non-centered,36,alpha[5],1.00053,1.00216,True,-0.9778195523925,-1.09849158,-0.978089515,-0.8573723405
Non-centered,36,alpha[6],1.00053,1.00216,True,-0.9827741062175,-1.10772389,-0.98136657,-0.8607215145000001
Non-centered,36,alpha[7],1.00053,1.00216,True,-1.0033803749399999,-1.124442045,-1.00010715,-0.8914897765
Non-centered,36,alpha[8],1.00053,1.00216,True,-1.0660925839450002,-1.26750337,-1.0528844,-0.9144126065
Non-centered,36,alpha[9],1.00053,1.00216,True,-1.0037162624375,-1.13057581,-0.9995468249999999,-0.8890738865000001
Non-centered,36,alpha[10],1.00053,1.00216,True,-1.0658449137525,-1.243656745,-1.05590205,-0.9248659850000002
Non-centered,36,alpha[11],1.00053,1.00216,True,-1.0177551363400001,-1.140449545,-1.0138513,-0.906374047
Non-centered,36,alpha[12],1.00053,1.00216,True,-1.07337154745,-1.259309645,-1.0623532,-0.9276882399999999
Non-centered,36,alpha[13],1.00053,1.00216,True,-0.9270390327375001,-1.041575645,-0.93278642,-0.7939430875
Non-centered,36,alpha[14],1.00053,1.00216,True,-1.0175723899875,-1.16301747,-1.0121422500000001,-0.8869521659999999
Non-centered,36,alpha[15],1.00053,1.00216,True,-1.0321986800625,-1.188150225,-1.025329,-0.8989472605000001
Non-centered,36,alpha[16],1.00053,1.00216,True,-0.9704743981099999,-1.08454454,-0.969537255,-0.8538061365
Non-centered,36,alpha[17],1.00053,1.00216,True,-0.911644495255,-1.032105325,-0.9167853699999999,-0.7730248180000001
Non-centered,36,alpha[18],1.00053,1.00216,True,-1.0944748954874999,-1.327042635,-1.07694455,-0.9280701095
Non-centered,37,mu,1.0009100000000002,1.00367,True,-0.9922543571525,-1.060465385,-0.990556465,-0.9294440650000001
Non-centered,37,sigma,1.0009100000000002,1.00367,True,0.11462761545995401,0.029896980700000002,0.1128429,0.20215416549999998
Non-centered,37,alpha[1],1.0009100000000002,1.00367,True,-0.8001523898949999,-0.971372913,-0.803448685,-0.6167941795000002
Non-centered,37,alpha[2],1.0009100000000002,1.00367,True,-0.9030308324349999,-1.022326385,-0.907972195,-0.7626288045000001
Non-centered,37,alpha[3],1.0009100000000002,1.00367,True,-0.9580228225625,-1.07638556,-0.9597125550000001,-0.8342440959999999
Non-centered,37,alpha[4],1.0009100000000002,1.00367,True,-1.0650365406249998,-1.23478584,-1.0549320500000001,-0.9306402105000002
Non-centered,37,alpha[5],1.0009100000000002,1.00367,True,-0.9757639794949999,-1.10019913,-0.975317125,-0.8526458605
Non-centered,37,alpha[6],1.0009100000000002,1.00367,True,-0.9816906029625,-1.1021728750000002,-0.98126974,-0.8599039695
Non-centered,37,alpha[7],1.0009100000000002,1.00367,True,-1.0040559576774999,-1.1235965099999998,-1.00074195,-0.895376779
Non-centered,37,alpha[8],1.0009100000000002,1.00367,True,-1.0678003310700002,-1.26972519,-1.05537295,-0.9121595625
Non-centered,37,alpha[9],1.0009100000000002,1.00367,True,-1.0004980132125,-1.127513845,-0.99760035,-0.8829980195000001
Non-centered,37,alpha[10],1.0009100000000002,1.00367,True,-1.065307496115,-1.248012265,-1.0541673999999999,-0.9200566895000001
Non-centered,37,alpha[11],1.0009100000000002,1.00367,True,-1.0170508616425,-1.145375575,-1.0136454499999998,-0.8970536800000001
Non-centered,37,alpha[12],1.0009100000000002,1.00367,True,-1.075737817635,-1.2679315,-1.06573135,-0.9225252859999999
Non-centered,37,alpha[13],1.0009100000000002,1.00367,True,-0.9242713222025001,-1.0432998199999999,-0.9281498450000001,-0.790523311
Non-centered,37,alpha[14],1.0009100000000002,1.00367,True,-1.0198276356,-1.17298679,-1.0134621,-0.8919877115
Non-centered,37,alpha[15],1.0009100000000002,1.00367,True,-1.0337148905450002,-1.18826306,-1.02499985,-0.899696942
Non-centered,37,alpha[16],1.0009100000000002,1.00367,True,-0.9694527909525,-1.08721502,-0.9680598899999999,-0.8554645400000002
Non-centered,37,alpha[17],1.0009100000000002,1.00367,True,-0.9123752843574999,-1.03399986,-0.9167822800000001,-0.774776705
Non-centered,37,alpha[18],1.0009100000000002,1.00367,True,-1.0953666432700002,-1.33186753,-1.0753336,-0.9222178450000001
Non-centered,38,mu,1.000985,1.0033,True,-0.993862901535,-1.065382805,-0.991870395,-0.9283589905
Non-centered,38,sigma,1.000985,1.0033,True,0.117735407287065,0.033771614000000005,0.11588351499999999,0.2043837215
Non-centered,38,alpha[1],1.000985,1.0033,True,-0.7961735949925001,-0.9677423935,-0.79782798,-0.6177961485000001
Non-centered,38,alpha[2],1.000985,1.0033,True,-0.9016816202050001,-1.028613465,-0.90581893,-0.7608071565000001
Non-centered,38,alpha[3],1.000985,1.0033,True,-0.957301561935,-1.07434377,-0.959938665,-0.8347367405
Non-centered,38,alpha[4],1.000985,1.0033,True,-1.066581378205,-1.233254405,-1.05728695,-0.928064404
Non-centered,38,alpha[5],1.000985,1.0033,True,-0.9752568020075,-1.097100105,-0.975371765,-0.8508863545
Non-centered,38,alpha[6],1.000985,1.0033,True,-0.98253716388,-1.1060899100000001,-0.981870025,-0.8607485705000001
Non-centered,38,alpha[7],1.000985,1.0033,True,-1.0035466374875,-1.12245261,-1.0008488999999998,-0.8945616505
Non-centered,38,alpha[8],1.000985,1.0033,True,-1.0706939141875,-1.26974955,-1.05880025,-0.9183543425
Non-centered,38,alpha[9],1.000985,1.0033,True,-1.0038033561625,-1.127666765,-1.0004917500000001,-0.8844644269999999
Non-centered,38,alpha[10],1.000985,1.0033,True,-1.06632482062,-1.2496655399999999,-1.0550833499999999,-0.9178606970000001
Non-centered,38,alpha[11],1.000985,1.0033,True,-1.0193725249599999,-1.149022495,-1.0145341,-0.904304571
Non-centered,38,alpha[12],1.000985,1.0033,True,-1.0787354590175,-1.267626415,-1.06819745,-0.926709699
Non-centered,38,alpha[13],1.000985,1.0033,True,-0.9258714462675,-1.0474243250000002,-0.930810405,-0.7888445145
Non-centered,38,alpha[14],1.000985,1.0033,True,-1.0206805458900001,-1.17099507,-1.0148724,-0.8890771335000001
Non-centered,38,alpha[15],1.000985,1.0033,True,-1.0355738322725,-1.194243755,-1.02958025,-0.8957661370000001
Non-centered,38,alpha[16],1.000985,1.0033,True,-0.9684531649225,-1.0823126600000001,-0.9695324750000001,-0.8507274365
Non-centered,38,alpha[17],1.000985,1.0033,True,-0.9107946771250001,-1.0323564299999999,-0.914547285,-0.7753828915000001
Non-centered,38,alpha[18],1.000985,1.0033,True,-1.101905985635,-1.345115315,-1.0834624,-0.9284304875
Non-centered,39,mu,1.0009299999999999,1.00274,True,-0.9916137064375,-1.0600653500000001,-0.9901841499999999,-0.9264343
Non-centered,39,sigma,1.0009299999999999,1.00274,True,0.1145493029959225,0.0289873226,0.111184685,0.2052843479999999
Non-centered,39,alpha[1],1.0009299999999999,1.00274,True,-0.8001960919750001,-0.9736308565,-0.804827145,-0.614624522
Non-centered,39,alpha[2],1.0009299999999999,1.00274,True,-0.9029026231549999,-1.025472675,-0.9074694249999999,-0.759013344
Non-centered,39,alpha[3],1.0009299999999999,1.00274,True,-0.95800858389,-1.074838425,-0.9591392249999999,-0.8341676645
Non-centered,39,alpha[4],1.0009299999999999,1.00274,True,-1.0633309448725001,-1.23306226,-1.053784,-0.9270220480000001
Non-centered,39,alpha[5],1.0009299999999999,1.00274,True,-0.976601634705,-1.09746732,-0.976882715,-0.852498859
Non-centered,39,alpha[6],1.0009299999999999,1.00274,True,-0.98133800469,-1.10385916,-0.979772545,-0.858682945
Non-centered,39,alpha[7],1.0009299999999999,1.00274,True,-1.003378633365,-1.123496125,-0.99909498,-0.8947350985
Non-centered,39,alpha[8],1.0009299999999999,1.00274,True,-1.06763220728,-1.27302154,-1.0535149,-0.9136948235
Non-centered,39,alpha[9],1.0009299999999999,1.00274,True,-1.0013138109,-1.121161035,-0.9978155550000001,-0.8854477785000002
Non-centered,39,alpha[10],1.0009299999999999,1.00274,True,-1.0651261986475,-1.24594811,-1.05476465,-0.9208977260000001
Non-centered,39,alpha[11],1.0009299999999999,1.00274,True,-1.017607345415,-1.13666089,-1.0165484,-0.9019009875
Non-centered,39,alpha[12],1.0009299999999999,1.00274,True,-1.07287960632,-1.264152905,-1.06031685,-0.9270239545000001
Non-centered,39,alpha[13],1.0009299999999999,1.00274,True,-0.928927140005,-1.051204215,-0.9336231500000001,-0.795414413
Non-centered,39,alpha[14],1.0009299999999999,1.00274,True,-1.020306307715,-1.16996827,-1.0143204,-0.892606325
Non-centered,39,alpha[15],1.0009299999999999,1.00274,True,-1.0325054622174998,-1.1864079550000002,-1.0250685000000002,-0.8962657205000001
Non-centered,39,alpha[16],1.0009299999999999,1.00274,True,-0.9689751526125,-1.08552128,-0.970086275,-0.852612979
Non-centered,39,alpha[17],1.0009299999999999,1.00274,True,-0.9124159887025001,-1.033490955,-0.91825646,-0.774504174
Non-centered,39,alpha[18],1.0009299999999999,1.00274,True,-1.0937042642975,-1.332531545,-1.07383085,-0.9230519835000001
Non-centered,40,mu,1.0005099999999998,1.00383,True,-0.9927099713599999,-1.06160876,-0.99095098,-0.931086266
Non-centered,40,sigma,1.0005099999999998,1.00383,True,0.11358865633038999,0.0314157891,0.11077387,0.20475375949999983
Non-centered,40,alpha[1],1.0005099999999998,1.00383,True,-0.802855931465,-0.973088688,-0.802996635,-0.6181719435
Non-centered,40,alpha[2],1.0005099999999998,1.00383,True,-0.9017843136875,-1.024791285,-0.9070788750000001,-0.7646171900000001
Non-centered,40,alpha[3],1.0005099999999998,1.00383,True,-0.957708712045,-1.0768838250000001,-0.95866032,-0.8383174910000002
Non-centered,40,alpha[4],1.0005099999999998,1.00383,True,-1.0617292284525002,-1.229698945,-1.0536493999999998,-0.9279145765000001
Non-centered,40,alpha[5],1.0005099999999998,1.00383,True,-0.9766645646025001,-1.105604005,-0.97555943,-0.8529303370000001
Non-centered,40,alpha[6],1.0005099999999998,1.00383,True,-0.9818011583699999,-1.1044307150000001,-0.981060015,-0.8549770045000001
Non-centered,40,alpha[7],1.0005099999999998,1.00383,True,-1.004061585445,-1.122764135,-1.0012449,-0.8923867710000001
Non-centered,40,alpha[8],1.0005099999999998,1.00383,True,-1.0690443682025002,-1.2682544199999999,-1.0542779,-0.9138341135
Non-centered,40,alpha[9],1.0005099999999998,1.00383,True,-1.0019470438625,-1.128913065,-0.9999090500000001,-0.884096988
Non-centered,40,alpha[10],1.0005099999999998,1.00383,True,-1.06156775611,-1.245034075,-1.0497312,-0.9135653309999999
Non-centered,40,alpha[11],1.0005099999999998,1.00383,True,-1.0187624836275,-1.1443532250000001,-1.01352325,-0.9021335655
Non-centered,40,alpha[12],1.0005099999999998,1.00383,True,-1.0744570652,-1.261232635,-1.062389,-0.9241764875
Non-centered,40,alpha[13],1.0005099999999998,1.00383,True,-0.9269456226750001,-1.049060985,-0.931828625,-0.7936833005
Non-centered,40,alpha[14],1.0005099999999998,1.00383,True,-1.0194000685675,-1.16801393,-1.0145594500000001,-0.8841598125
Non-centered,40,alpha[15],1.0005099999999998,1.00383,True,-1.0354447822350001,-1.192866365,-1.0296547999999999,-0.89696647
Non-centered,40,alpha[16],1.0005099999999998,1.00383,True,-0.9693733599700001,-1.0871427599999999,-0.9713394,-0.8504963400000001
Non-centered,40,alpha[17],1.0005099999999998,1.00383,True,-0.911887480735,-1.03476595,-0.91700015,-0.7672833965
Non-centered,40,alpha[18],1.0005099999999998,1.00383,True,-1.09486962157,-1.33614907,-1.0752237500000001,-0.9168410425
Non-centered,41,mu,1.00064,1.00422,True,-0.991251260385,-1.059011445,-0.990274705,-0.9267369160000001
Non-centered,41,sigma,1.00064,1.00422,True,0.11114677714830751,0.02851245805,0.10916063,0.2009696455
Non-centered,41,alpha[1],1.00064,1.00422,True,-0.8054379194825,-0.975025798,-0.809697155,-0.6219462015
Non-centered,41,alpha[2],1.00064,1.00422,True,-0.9067298554925,-1.02783845,-0.913545725,-0.7653504440000001
Non-centered,41,alpha[3],1.00064,1.00422,True,-0.9580412861125,-1.0747439250000002,-0.95810193,-0.8375316725
Non-centered,41,alpha[4],1.00064,1.00422,True,-1.060228919655,-1.228292085,-1.0505038,-0.923387171
Non-centered,41,alpha[5],1.00064,1.00422,True,-0.9745424155975,-1.102091415,-0.974329055,-0.8499098355
Non-centered,41,alpha[6],1.00064,1.00422,True,-0.98222319178,-1.10381447,-0.9814785699999999,-0.8612245385
Non-centered,41,alpha[7],1.00064,1.00422,True,-1.0041635039174999,-1.1232800150000002,-1.0001011499999999,-0.8937311385000001
Non-centered,41,alpha[8],1.00064,1.00422,True,-1.062508861775,-1.254783185,-1.0515111,-0.9141730185000001
Non-centered,41,alpha[9],1.00064,1.00422,True,-1.0002906407675,-1.1221596,-0.9976180649999999,-0.8882988230000001
Non-centered,41,alpha[10],1.00064,1.00422,True,-1.0604192409500002,-1.237457535,-1.0519229,-0.9190722575
Non-centered,41,alpha[11],1.00064,1.00422,True,-1.0169500147325,-1.144159245,-1.0121980499999998,-0.9052192400000001
Non-centered,41,alpha[12],1.00064,1.00422,True,-1.0718345182350002,-1.26274983,-1.06121155,-0.9224000730000002
Non-centered,41,alpha[13],1.00064,1.00422,True,-0.9280130485349999,-1.051582025,-0.93657324,-0.7925074295000001
Non-centered,41,alpha[14],1.00064,1.00422,True,-1.017909916025,-1.16840426,-1.0124244999999998,-0.8832822650000001
Non-centered,41,alpha[15],1.00064,1.00422,True,-1.031697402135,-1.183353345,-1.0256131,-0.8998257505
Non-centered,41,alpha[16],1.00064,1.00422,True,-0.9678270572850001,-1.082568175,-0.967708565,-0.8498866355000001
Non-centered,41,alpha[17],1.00064,1.00422,True,-0.9126211541050001,-1.03605904,-0.9170001299999999,-0.7749739415
Non-centered,41,alpha[18],1.00064,1.00422,True,-1.0932201650775,-1.32815809,-1.07537195,-0.9232736565
Non-centered,42,mu,1.0005099999999998,1.00251,True,-0.9923111651125001,-1.06051844,-0.99129058,-0.9266365795
Non-centered,42,sigma,1.0005099999999998,1.00251,True,0.11399393721816076,0.030639644400000002,0.11112475499999999,0.20442272649999998
Non-centered,42,alpha[1],1.0005099999999998,1.00251,True,-0.8021358963825,-0.9723671190000001,-0.805630395,-0.6190237144999999
Non-centered,42,alpha[2],1.0005099999999998,1.00251,True,-0.9029789250625,-1.02737834,-0.90931702,-0.7574400485000001
Non-centered,42,alpha[3],1.0005099999999998,1.00251,True,-0.9573620042025,-1.07450609,-0.9585195799999999,-0.8366345525000001
Non-centered,42,alpha[4],1.0005099999999998,1.00251,True,-1.06334712969,-1.2304764750000001,-1.05665615,-0.9258545765
Non-centered,42,alpha[5],1.0005099999999998,1.00251,True,-0.9763188075375,-1.1007538799999999,-0.975695295,-0.8536846870000001
Non-centered,42,alpha[6],1.0005099999999998,1.00251,True,-0.9812588030225,-1.10450704,-0.97963035,-0.8593791900000001
Non-centered,42,alpha[7],1.0005099999999998,1.00251,True,-1.0029680470225,-1.12075743,-1.0000111,-0.893521157
Non-centered,42,alpha[8],1.0005099999999998,1.00251,True,-1.06618594061,-1.2606948649999998,-1.0519747499999998,-0.9148439100000001
Non-centered,42,alpha[9],1.0005099999999998,1.00251,True,-1.000520910455,-1.1230607449999999,-0.998275305,-0.8832368895
Non-centered,42,alpha[10],1.0005099999999998,1.00251,True,-1.06275575669,-1.2438261750000001,-1.0531237500000001,-0.9206183505000001
Non-centered,42,alpha[11],1.0005099999999998,1.00251,True,-1.017413293585,-1.142407895,-1.0145351,-0.9017103045000001
Non-centered,42,alpha[12],1.0005099999999998,1.00251,True,-1.0725590723175,-1.26098704,-1.0617736500000001,-0.9232725940000001
Non-centered,42,alpha[13],1.0005099999999998,1.00251,True,-0.92670908762,-1.046422525,-0.9301725599999999,-0.7932481275000001
Non-centered,42,alpha[14],1.0005099999999998,1.00251,True,-1.018472850095,-1.17102229,-1.0123894500000001,-0.8857216450000001
Non-centered,42,alpha[15],1.0005099999999998,1.00251,True,-1.032523055035,-1.1917657449999999,-1.0251655999999998,-0.8957376870000003
Non-centered,42,alpha[16],1.0005099999999998,1.00251,True,-0.967840009345,-1.084745845,-0.9692346199999999,-0.8491146159999999
Non-centered,42,alpha[17],1.0005099999999998,1.00251,True,-0.9127093993500001,-1.03977423,-0.9179854249999999,-0.7754455215
Non-centered,42,alpha[18],1.0005099999999998,1.00251,True,-1.0990434523100001,-1.338963565,-1.0827046500000002,-0.9273522285000001
Non-centered,43,mu,1.001115,1.00252,True,-0.9925914165799999,-1.062464875,-0.9905820249999999,-0.9290439250000001
Non-centered,43,sigma,1.001115,1.00252,True,0.1120127437349005,0.027900872450000003,0.111125635,0.1969907419999999
Non-centered,43,alpha[1],1.001115,1.00252,True,-0.8024061056424999,-0.974533357,-0.80293316,-0.6186997690000001
Non-centered,43,alpha[2],1.001115,1.00252,True,-0.903755227115,-1.028366895,-0.9088249100000001,-0.759685448
Non-centered,43,alpha[3],1.001115,1.00252,True,-0.9583307145850001,-1.077554105,-0.959988955,-0.8346388865
Non-centered,43,alpha[4],1.001115,1.00252,True,-1.0607605991800002,-1.219596715,-1.05267175,-0.9269005865000001
Non-centered,43,alpha[5],1.001115,1.00252,True,-0.977076902215,-1.101253295,-0.97728639,-0.8529651530000001
Non-centered,43,alpha[6],1.001115,1.00252,True,-0.9818465078049999,-1.105874445,-0.9810709200000001,-0.8603045100000001
Non-centered,43,alpha[7],1.001115,1.00252,True,-1.0032117561675,-1.123681675,-1.0004865500000002,-0.8921019590000004
Non-centered,43,alpha[8],1.001115,1.00252,True,-1.06606888146,-1.253365115,-1.0531141000000002,-0.9143913625
Non-centered,43,alpha[9],1.001115,1.00252,True,-1.002694693155,-1.1291642750000002,-0.99852779,-0.8852238099999999
Non-centered,43,alpha[10],1.001115,1.00252,True,-1.0640033109474998,-1.243849195,-1.0517034,-0.919348579
Non-centered,43,alpha[11],1.001115,1.00252,True,-1.0186824740025,-1.1430061249999999,-1.0148068499999998,-0.9064880885000001
Non-centered,43,alpha[12],1.001115,1.00252,True,-1.074018417265,-1.266006585,-1.06181145,-0.9231160185
Non-centered,43,alpha[13],1.001115,1.00252,True,-0.9268653249224998,-1.0489769899999999,-0.932370105,-0.7860490150000001
Non-centered,43,alpha[14],1.001115,1.00252,True,-1.0193986031425,-1.163529735,-1.0143437,-0.8911353425
Non-centered,43,alpha[15],1.001115,1.00252,True,-1.0335496669575,-1.186650205,-1.0264106499999999,-0.9003519000000001
Non-centered,43,alpha[16],1.001115,1.00252,True,-0.96988711307,-1.0824015249999999,-0.97070138,-0.85598755
Non-centered,43,alpha[17],1.001115,1.00252,True,-0.9129387727624999,-1.0308229199999999,-0.9196133950000001,-0.772507426
Non-centered,43,alpha[18],1.001115,1.00252,True,-1.0946357592599998,-1.332030695,-1.0747171999999998,-0.9245169365000001
Non-centered,44,mu,1.001455,1.00677,True,-0.9923762833,-1.0627893300000002,-0.9901086100000001,-0.9306353255
Non-centered,44,sigma,1.001455,1.00677,True,0.11426698084018751,0.03065071945,0.11127967999999999,0.2021665414999999
Non-centered,44,alpha[1],1.001455,1.00677,True,-0.8018624184225001,-0.9712266494999999,-0.8066880700000001,-0.6186289685
Non-centered,44,alpha[2],1.001455,1.00677,True,-0.9032008028474999,-1.021483045,-0.9071912950000001,-0.7699608400000001
Non-centered,44,alpha[3],1.001455,1.00677,True,-0.9574174053125,-1.07139861,-0.9603768399999999,-0.8367059215
Non-centered,44,alpha[4],1.001455,1.00677,True,-1.0615814022025,-1.238792555,-1.0523363,-0.9183927035
Non-centered,44,alpha[5],1.001455,1.00677,True,-0.975200666965,-1.10125335,-0.975616035,-0.844196875
Non-centered,44,alpha[6],1.001455,1.00677,True,-0.9832742967099999,-1.10448744,-0.981691695,-0.863122348
Non-centered,44,alpha[7],1.001455,1.00677,True,-1.0035655750774999,-1.120931865,-1.0035249,-0.8860943370000001
Non-centered,44,alpha[8],1.001455,1.00677,True,-1.0667191473674997,-1.266224905,-1.05186925,-0.911302422
Non-centered,44,alpha[9],1.001455,1.00677,True,-1.001632370295,-1.1218746899999998,-0.998670065,-0.8864537020000001
Non-centered,44,alpha[10],1.001455,1.00677,True,-1.0622703464849999,-1.237052625,-1.0522722,-0.9200627905000002
Non-centered,44,alpha[11],1.001455,1.00677,True,-1.0178476916649999,-1.14630423,-1.0141566,-0.903320447
Non-centered,44,alpha[12],1.001455,1.00677,True,-1.0758177788999999,-1.266059505,-1.0621735,-0.9254119865
Non-centered,44,alpha[13],1.001455,1.00677,True,-0.92680870955,-1.046472615,-0.93194445,-0.79202457
Non-centered,44,alpha[14],1.001455,1.00677,True,-1.018127068775,-1.168642925,-1.0133600999999999,-0.8866170095000001
Non-centered,44,alpha[15],1.001455,1.00677,True,-1.03333077091,-1.1926066149999999,-1.02724575,-0.893855452
Non-centered,44,alpha[16],1.001455,1.00677,True,-0.9673907695699999,-1.081117065,-0.96692508,-0.8529994725000001
Non-centered,44,alpha[17],1.001455,1.00677,True,-0.911528392725,-1.0339059449999999,-0.916051195,-0.7752796615
Non-centered,44,alpha[18],1.001455,1.00677,True,-1.10039226865,-1.3511015450000001,-1.08181035,-0.921600394
Non-centered,45,mu,1.000915,1.00514,True,-0.9918211952024999,-1.06189436,-0.9906518900000001,-0.927900254
Non-centered,45,sigma,1.000915,1.00514,True,0.11100561368335,0.02417195415,0.11044240999999999,0.1977743245
Non-centered,45,alpha[1],1.000915,1.00514,True,-0.8060729974175,-0.9780537665,-0.8069392950000001,-0.6264048715000001
Non-centered,45,alpha[2],1.000915,1.00514,True,-0.905250114145,-1.0259804899999998,-0.9125749,-0.7610491485
Non-centered,45,alpha[3],1.000915,1.00514,True,-0.9583694996575,-1.07521166,-0.95953691,-0.8355213105
Non-centered,45,alpha[4],1.000915,1.00514,True,-1.0602498027674998,-1.223114395,-1.05089235,-0.9240879645000001
Non-centered,45,alpha[5],1.000915,1.00514,True,-0.9747803639799999,-1.102335445,-0.975709325,-0.847644071
Non-centered,45,alpha[6],1.000915,1.00514,True,-0.9823003650525,-1.1011189049999999,-0.9814386150000001,-0.8615883570000001
Non-centered,45,alpha[7],1.000915,1.00514,True,-1.0027820182825,-1.12540947,-0.99748886,-0.8958879295
Non-centered,45,alpha[8],1.000915,1.00514,True,-1.064069845155,-1.2650286099999999,-1.0493416,-0.9052421900000001
Non-centered,45,alpha[9],1.000915,1.00514,True,-1.0010085941175,-1.126534815,-0.99876902,-0.881934631
Non-centered,45,alpha[10],1.000915,1.00514,True,-1.0608643506875,-1.244216045,-1.04846455,-0.921583287
Non-centered,45,alpha[11],1.000915,1.00514,True,-1.0186348519475,-1.1399601099999999,-1.01628575,-0.9071323410000001
Non-centered,45,alpha[12],1.000915,1.00514,True,-1.0721786804600002,-1.264406695,-1.0600836,-0.922783518
Non-centered,45,alpha[13],1.000915,1.00514,True,-0.9277510918799998,-1.04430318,-0.9344310549999999,-0.7963199169999999
Non-centered,45,alpha[14],1.000915,1.00514,True,-1.01801074276,-1.1743630200000001,-1.0109938,-0.8808023620000001
Non-centered,45,alpha[15],1.000915,1.00514,True,-1.0315465674100002,-1.1821118449999999,-1.02403005,-0.9031655905
Non-centered,45,alpha[16],1.000915,1.00514,True,-0.9705309380325,-1.0844515350000001,-0.9705162549999999,-0.8566736795000001
Non-centered,45,alpha[17],1.000915,1.00514,True,-0.9150385551325001,-1.03553011,-0.921226085,-0.775557682
Non-centered,45,alpha[18],1.000915,1.00514,True,-1.09162477906,-1.329294645,-1.07407455,-0.923815545
Non-centered,46,mu,1.000835,1.00311,True,-0.992821461615,-1.061531215,-0.99126356,-0.92770098
Non-centered,46,sigma,1.000835,1.00311,True,0.11638190905983001,0.03290581245,0.113520125,0.20218211649999998
Non-centered,46,alpha[1],1.000835,1.00311,True,-0.79631862155,-0.9682103005,-0.79850986,-0.618064038
Non-centered,46,alpha[2],1.000835,1.00311,True,-0.9015626767650001,-1.02477073,-0.907177455,-0.7599407835
Non-centered,46,alpha[3],1.000835,1.00311,True,-0.9579102263274999,-1.072540075,-0.95993766,-0.8411075395000001
Non-centered,46,alpha[4],1.000835,1.00311,True,-1.0641073043000002,-1.23251095,-1.05821065,-0.9198619785000002
Non-centered,46,alpha[5],1.000835,1.00311,True,-0.9755578010300001,-1.100416315,-0.97654957,-0.8505012060000001
Non-centered,46,alpha[6],1.000835,1.00311,True,-0.9832178841075001,-1.10821351,-0.9819013350000001,-0.8623894895
Non-centered,46,alpha[7],1.000835,1.00311,True,-1.0031786465274999,-1.12361329,-1.0007598,-0.8913449810000001
Non-centered,46,alpha[8],1.000835,1.00311,True,-1.06847198446,-1.25576211,-1.0567882,-0.914553994
Non-centered,46,alpha[9],1.000835,1.00311,True,-1.0021165481725,-1.131017965,-0.99985154,-0.8819557070000001
Non-centered,46,alpha[10],1.000835,1.00311,True,-1.0623165626675,-1.2453457700000001,-1.051959,-0.9154205200000001
Non-centered,46,alpha[11],1.000835,1.00311,True,-1.0186239785825,-1.14362875,-1.01506265,-0.903747771
Non-centered,46,alpha[12],1.000835,1.00311,True,-1.077421762165,-1.26711698,-1.0663057500000002,-0.919455997
Non-centered,46,alpha[13],1.000835,1.00311,True,-0.924168799065,-1.04696195,-0.926380015,-0.7893703820000001
Non-centered,46,alpha[14],1.000835,1.00311,True,-1.021283486195,-1.171798495,-1.0147115,-0.887103933
Non-centered,46,alpha[15],1.000835,1.00311,True,-1.0349710833224999,-1.191335735,-1.02628345,-0.9015003155
Non-centered,46,alpha[16],1.000835,1.00311,True,-0.9681695706925,-1.082788155,-0.96859617,-0.851653102
Non-centered,46,alpha[17],1.000835,1.00311,True,-0.9105923954625,-1.03430814,-0.9160066250000001,-0.7670458225000001
Non-centered,46,alpha[18],1.000835,1.00311,True,-1.0978470524725,-1.33126995,-1.0801872000000001,-0.9248445715
Non-centered,47,mu,1.0008949999999999,1.0028,True,-0.9919984739675,-1.06259035,-0.990451645,-0.9275566465
Non-centered,47,sigma,1.0008949999999999,1.0028,True,0.116433121484655,0.035463158450000004,0.115031885,0.20276865149999995
Non-centered,47,alpha[1],1.0008949999999999,1.0028,True,-0.7968909372275,-0.9688213005,-0.79785298,-0.6195185995000002
Non-centered,47,alpha[2],1.0008949999999999,1.0028,True,-0.8994253179775,-1.02415481,-0.903686195,-0.7594533855
Non-centered,47,alpha[3],1.0008949999999999,1.0028,True,-0.958490335405,-1.077157435,-0.959038315,-0.8369737285000002
Non-centered,47,alpha[4],1.0008949999999999,1.0028,True,-1.06710433387,-1.2328337,-1.06007755,-0.9280190115
Non-centered,47,alpha[5],1.0008949999999999,1.0028,True,-0.9763967447549999,-1.102294505,-0.9777831100000001,-0.849070949
Non-centered,47,alpha[6],1.0008949999999999,1.0028,True,-0.9815908053525,-1.104506785,-0.9821934400000001,-0.8587864970000001
Non-centered,47,alpha[7],1.0008949999999999,1.0028,True,-1.0022481200275,-1.12558868,-0.9987348250000001,-0.8875036260000001
Non-centered,47,alpha[8],1.0008949999999999,1.0028,True,-1.0663056344475,-1.2682869,-1.0543342,-0.9108912870000001
Non-centered,47,alpha[9],1.0008949999999999,1.0028,True,-1.00313476339,-1.12867103,-1.000688,-0.8834100380000001
Non-centered,47,alpha[10],1.0008949999999999,1.0028,True,-1.0667352280474998,-1.24760877,-1.0560639,-0.916942919
Non-centered,47,alpha[11],1.0008949999999999,1.0028,True,-1.020658855245,-1.14597477,-1.0181439,-0.9074584105000001
Non-centered,47,alpha[12],1.0008949999999999,1.0028,True,-1.0761491735325,-1.26325175,-1.0662829500000002,-0.918650686
Non-centered,47,alpha[13],1.0008949999999999,1.0028,True,-0.9250478769775001,-1.04563447,-0.930701785,-0.7943131605000002
Non-centered,47,alpha[14],1.0008949999999999,1.0028,True,-1.0216013288675,-1.1782383,-1.01554565,-0.885117126
Non-centered,47,alpha[15],1.0008949999999999,1.0028,True,-1.0351323991549999,-1.195400775,-1.02833835,-0.8972887045
Non-centered,47,alpha[16],1.0008949999999999,1.0028,True,-0.9675509668825,-1.08366911,-0.968838,-0.847534845
Non-centered,47,alpha[17],1.0008949999999999,1.0028,True,-0.9100263778,-1.0368323,-0.915239015,-0.7665561780000001
Non-centered,47,alpha[18],1.0008949999999999,1.0028,True,-1.1006986879375,-1.329625815,-1.0831752,-0.9263002300000001
Non-centered,48,mu,1.00049,1.00347,True,-0.9931945414950001,-1.0656441,-0.991354665,-0.9265483560000001
Non-centered,48,sigma,1.00049,1.00347,True,0.11285641988667251,0.026287287800000007,0.11111309,0.20101759549999992
Non-centered,48,alpha[1],1.00049,1.00347,True,-0.8016990997475,-0.975155293,-0.803973315,-0.6175370465000001
Non-centered,48,alpha[2],1.00049,1.00347,True,-0.9045461453375,-1.026976955,-0.91069344,-0.7653257825
Non-centered,48,alpha[3],1.00049,1.00347,True,-0.9565746387225,-1.07005038,-0.960056205,-0.8367138385
Non-centered,48,alpha[4],1.00049,1.00347,True,-1.06299476054,-1.2294999500000001,-1.0551070999999999,-0.92911803
Non-centered,48,alpha[5],1.00049,1.00347,True,-0.9775818568,-1.11069,-0.97532933,-0.8559915880000001
Non-centered,48,alpha[6],1.00049,1.00347,True,-0.9813301488675,-1.109684525,-0.9793134299999999,-0.8555357345000001
Non-centered,48,alpha[7],1.00049,1.00347,True,-1.0017611179775,-1.1194948,-0.9994117650000001,-0.8886090790000001
Non-centered,48,alpha[8],1.00049,1.00347,True,-1.0642536853825,-1.25670525,-1.0508099,-0.9130182235000001
Non-centered,48,alpha[9],1.00049,1.00347,True,-1.0010833993300001,-1.121892785,-0.9954914850000001,-0.8880474405000002
Non-centered,48,alpha[10],1.00049,1.00347,True,-1.063736738135,-1.24015466,-1.0521924999999999,-0.9193735015000001
Non-centered,48,alpha[11],1.00049,1.00347,True,-1.01855957864,-1.141574265,-1.0148361499999998,-0.9041489015
Non-centered,48,alpha[12],1.00049,1.00347,True,-1.072210627935,-1.25844114,-1.0619469000000001,-0.9240962715000001
Non-centered,48,alpha[13],1.00049,1.00347,True,-0.927388456835,-1.044483515,-0.93331579,-0.79729762
Non-centered,48,alpha[14],1.00049,1.00347,True,-1.0178451666275001,-1.16837278,-1.0130531,-0.8855532415
Non-centered,48,alpha[15],1.00049,1.00347,True,-1.0339300274474998,-1.19361993,-1.0258174,-0.9016592115
Non-centered,48,alpha[16],1.00049,1.00347,True,-0.9680456530599999,-1.08168533,-0.9692254950000001,-0.850344478
Non-centered,48,alpha[17],1.00049,1.00347,True,-0.9154767454275,-1.0363792250000001,-0.921404525,-0.7736022855000001
Non-centered,48,alpha[18],1.00049,1.00347,True,-1.0966417630225,-1.332214395,-1.0785867,-0.9250126085000001
Non-centered,49,mu,1.00051,1.0021,True,-0.9917856970275001,-1.0590080249999998,-0.9900098850000001,-0.9291149080000001
Non-centered,49,sigma,1.00051,1.0021,True,0.1147066959677725,0.03048731425,0.112407195,0.20287745899999995
Non-centered,49,alpha[1],1.00051,1.0021,True,-0.8007450191200001,-0.9726747225000001,-0.803806075,-0.6140264955
Non-centered,49,alpha[2],1.00051,1.0021,True,-0.901467586515,-1.02260881,-0.90683078,-0.7616970835000001
Non-centered,49,alpha[3],1.00051,1.0021,True,-0.9587471059575,-1.075416525,-0.961453565,-0.8373496500000001
Non-centered,49,alpha[4],1.00051,1.0021,True,-1.0622351189900001,-1.23281298,-1.0530479,-0.922548661
Non-centered,49,alpha[5],1.00051,1.0021,True,-0.9757531144224999,-1.09816896,-0.97756429,-0.8492242975000002
Non-centered,49,alpha[6],1.00051,1.0021,True,-0.9832856013375,-1.10834184,-0.98037902,-0.8641185355000001
Non-centered,49,alpha[7],1.00051,1.0021,True,-1.0032026761625,-1.1202557100000001,-0.999465185,-0.8901014015
Non-centered,49,alpha[8],1.00051,1.0021,True,-1.0662352115625,-1.2608264,-1.05445895,-0.9150564160000001
Non-centered,49,alpha[9],1.00051,1.0021,True,-1.001617587215,-1.12525337,-0.9990573199999999,-0.8840875345
Non-centered,49,alpha[10],1.00051,1.0021,True,-1.0641631287525002,-1.24957214,-1.05286365,-0.9186259375000001
Non-centered,49,alpha[11],1.00051,1.0021,True,-1.01605765385,-1.14613995,-1.0121053500000001,-0.897962612
Non-centered,49,alpha[12],1.00051,1.0021,True,-1.0770521709374998,-1.271577195,-1.06489185,-0.9257981225
Non-centered,49,alpha[13],1.00051,1.0021,True,-0.9256618847950001,-1.04536985,-0.93126994,-0.7878887410000001
Non-centered,49,alpha[14],1.00051,1.0021,True,-1.0208073156800002,-1.173571015,-1.01470445,-0.8893644645
Non-centered,49,alpha[15],1.00051,1.0021,True,-1.033302422255,-1.1867417,-1.026759,-0.8999403920000001
Non-centered,49,alpha[16],1.00051,1.0021,True,-0.9670864356875,-1.08362702,-0.968245355,-0.848678057
Non-centered,49,alpha[17],1.00051,1.0021,True,-0.9115933068625,-1.03501508,-0.9174927500000001,-0.7718096925
Non-centered,49,alpha[18],1.00051,1.0021,True,-1.0953386536925,-1.3262936399999998,-1.0777557500000001,-0.92375017
Non-centered,50,mu,1.000975,1.00332,True,-0.9916153145900001,-1.0599424700000002,-0.9897537599999999,-0.9292447355000001
Non-centered,50,sigma,1.000975,1.00332,True,0.1133105089915125,0.029044458650000004,0.11085658000000001,0.2004747615
Non-centered,50,alpha[1],1.000975,1.00332,True,-0.8014025378875,-0.9731932145000001,-0.8049045850000001,-0.6146458145000002
Non-centered,50,alpha[2],1.000975,1.00332,True,-0.9015625021925,-1.027116605,-0.90727359,-0.7573768705
Non-centered,50,alpha[3],1.000975,1.00332,True,-0.9566682873825,-1.07754033,-0.9589737,-0.8310815834999999
Non-centered,50,alpha[4],1.000975,1.00332,True,-1.0623723814175001,-1.23279239,-1.05314235,-0.924622088
Non-centered,50,alpha[5],1.000975,1.00332,True,-0.9768280394174998,-1.10601042,-0.976227365,-0.8526020895
Non-centered,50,alpha[6],1.000975,1.00332,True,-0.9808862445750001,-1.1004271650000002,-0.979632075,-0.8616660549999999
Non-centered,50,alpha[7],1.000975,1.00332,True,-1.0034271534199999,-1.115439565,-1.0010389,-0.895665087
Non-centered,50,alpha[8],1.000975,1.00332,True,-1.0622639374999998,-1.26004388,-1.049594,-0.9085314585
Non-centered,50,alpha[9],1.000975,1.00332,True,-1.002231921335,-1.12632665,-0.9988818749999999,-0.8900612775
Non-centered,50,alpha[10],1.000975,1.00332,True,-1.0616470527050001,-1.24695586,-1.0497934,-0.9127584315
Non-centered,50,alpha[11],1.000975,1.00332,True,-1.0182977470575,-1.143147165,-1.0154795,-0.9054874970000001
Non-centered,50,alpha[12],1.000975,1.00332,True,-1.074110051615,-1.2618548749999998,-1.06231765,-0.9297592975000001
Non-centered,50,alpha[13],1.000975,1.00332,True,-0.9264306412050001,-1.049538735,-0.9313866049999999,-0.7894920765
Non-centered,50,alpha[14],1.000975,1.00332,True,-1.018272817805,-1.167647965,-1.0134584,-0.88233565
Non-centered,50,alpha[15],1.000975,1.00332,True,-1.0356236288425,-1.1914406499999999,-1.02699,-0.903643532
Non-centered,50,alpha[16],1.000975,1.00332,True,-0.9669975194000001,-1.0784214,-0.9682745100000001,-0.8501150080000001
Non-centered,50,alpha[17],1.000975,1.00332,True,-0.9129537307325,-1.0352365449999998,-0.91759287,-0.7712084270000001
Non-centered,50,alpha[18],1.000975,1.00332,True,-1.095259159535,-1.33116118,-1.0774357,-0.9234585814999999
Non-centered,51,mu,1.00172,1.0055,True,-0.9925833783325,-1.06138592,-0.990789215,-0.93003759
Non-centered,51,sigma,1.00172,1.0055,True,0.115514348013615,0.03450325135,0.11274881,0.20577825
Non-centered,51,alpha[1],1.00172,1.0055,True,-0.7976047134650001,-0.9704015455,-0.80016371,-0.6154620850000001
Non-centered,51,alpha[2],1.00172,1.0055,True,-0.9002572807225,-1.024810375,-0.90702452,-0.755254422
Non-centered,51,alpha[3],1.00172,1.0055,True,-0.9581141491524999,-1.07641751,-0.958468265,-0.8359869715
Non-centered,51,alpha[4],1.00172,1.0055,True,-1.0642694695275,-1.22910929,-1.0553813,-0.927021438
Non-centered,51,alpha[5],1.00172,1.0055,True,-0.9759722528875001,-1.10102487,-0.9760355999999999,-0.8500538115000001
Non-centered,51,alpha[6],1.00172,1.0055,True,-0.9808821055675,-1.10622884,-0.97894283,-0.8571555335000001
Non-centered,51,alpha[7],1.00172,1.0055,True,-1.0021282417775,-1.119739675,-0.99985882,-0.8889686235
Non-centered,51,alpha[8],1.00172,1.0055,True,-1.06919868731,-1.262894215,-1.05689865,-0.9136306800000001
Non-centered,51,alpha[9],1.00172,1.0055,True,-1.00298862788,-1.12975097,-1.00153745,-0.8874330475000001
Non-centered,51,alpha[10],1.00172,1.0055,True,-1.0632314419825,-1.2391764299999999,-1.0518741,-0.9149779430000002
Non-centered,51,alpha[11],1.00172,1.0055,True,-1.01870720101,-1.1491442,-1.0142679499999998,-0.904879281
Non-centered,51,alpha[12],1.00172,1.0055,True,-1.0749526458475,-1.26383288,-1.0654742000000001,-0.9215964655000001
Non-centered,51,alpha[13],1.00172,1.0055,True,-0.9251271055425,-1.0459133,-0.928235735,-0.7923183785000001
Non-centered,51,alpha[14],1.00172,1.0055,True,-1.0185658844275,-1.16954498,-1.01359665,-0.8856134905
Non-centered,51,alpha[15],1.00172,1.0055,True,-1.0340793143775,-1.196648645,-1.0263277,-0.8951196260000002
Non-centered,51,alpha[16],1.00172,1.0055,True,-0.9692544209875,-1.084911805,-0.9694157400000001,-0.8538632255
Non-centered,51,alpha[17],1.00172,1.0055,True,-0.9107252660799999,-1.03136165,-0.9165228750000001,-0.7708205665000001
Non-centered,51,alpha[18],1.00172,1.0055,True,-1.10155921889,-1.344488205,-1.0832384,-0.9215553985
Non-centered,52,mu,1.00117,1.00669,True,-0.99387767249,-1.0674000300000002,-0.9913574549999999,-0.9309064345
Non-centered,52,sigma,1.00117,1.00669,True,0.11570416429956,0.029371007200000004,0.114498695,0.2018281085
Non-centered,52,alpha[1],1.00117,1.00669,True,-0.7984291855675,-0.971631761,-0.7979910349999999,-0.6197455195
Non-centered,52,alpha[2],1.00117,1.00669,True,-0.9014268327874999,-1.023075125,-0.9077592050000001,-0.7617446655000002
Non-centered,52,alpha[3],1.00117,1.00669,True,-0.9577302396674999,-1.076681225,-0.960209205,-0.8362314879999999
Non-centered,52,alpha[4],1.00117,1.00669,True,-1.0662793001975,-1.243256505,-1.05742075,-0.9251055815000001
Non-centered,52,alpha[5],1.00117,1.00669,True,-0.9771454472725,-1.1022243,-0.97622096,-0.8529811275000001
Non-centered,52,alpha[6],1.00117,1.00669,True,-0.9804095026750002,-1.10535852,-0.980838525,-0.8582888725
Non-centered,52,alpha[7],1.00117,1.00669,True,-1.0034573554925,-1.123341065,-1.00075835,-0.8891630955000001
Non-centered,52,alpha[8],1.00117,1.00669,True,-1.068340741515,-1.2680228900000001,-1.0577717500000001,-0.9071917195
Non-centered,52,alpha[9],1.00117,1.00669,True,-1.0029627373999999,-1.1302540250000002,-0.998877435,-0.8857586080000001
Non-centered,52,alpha[10],1.00117,1.00669,True,-1.0650856537825002,-1.2415975,-1.0536563,-0.9228833685000001
Non-centered,52,alpha[11],1.00117,1.00669,True,-1.0194126151675,-1.1471967299999999,-1.0158246499999999,-0.9062491085000001
Non-centered,52,alpha[12],1.00117,1.00669,True,-1.0780354301675,-1.2716340050000001,-1.06808245,-0.9282812385
Non-centered,52,alpha[13],1.00117,1.00669,True,-0.925819409775,-1.04601243,-0.9324697150000001,-0.7885113145
Non-centered,52,alpha[14],1.00117,1.00669,True,-1.0209475414325,-1.17671553,-1.0151827,-0.8832263090000001
Non-centered,52,alpha[15],1.00117,1.00669,True,-1.03331678686,-1.18433751,-1.02676875,-0.901894611
Non-centered,52,alpha[16],1.00117,1.00669,True,-0.9679641579700001,-1.0788269149999998,-0.96927109,-0.8553863735
Non-centered,52,alpha[17],1.00117,1.00669,True,-0.9112092476425,-1.03325102,-0.91696471,-0.770726271
Non-centered,52,alpha[18],1.00117,1.00669,True,-1.098266851925,-1.33765949,-1.08135675,-0.9200443995
Non-centered,53,mu,1.00089,1.00287,True,-0.992504220695,-1.064412415,-0.99063335,-0.927085747
Non-centered,53,sigma,1.00089,1.00287,True,0.11924642399232001,0.0341044187,0.11677815,0.20856927749999996
Non-centered,53,alpha[1],1.00089,1.00287,True,-0.793520271675,-0.9666553505000001,-0.794667035,-0.612602783
Non-centered,53,alpha[2],1.00089,1.00287,True,-0.9003014749525,-1.0211614,-0.90528271,-0.7619544540000001
Non-centered,53,alpha[3],1.00089,1.00287,True,-0.9559953268575,-1.0688283799999998,-0.95735886,-0.8330162015
Non-centered,53,alpha[4],1.00089,1.00287,True,-1.0670862346849999,-1.2291074050000002,-1.0603421,-0.9298179015000002
Non-centered,53,alpha[5],1.00089,1.00287,True,-0.9762381591400001,-1.1020519899999999,-0.97616825,-0.8517692540000003
Non-centered,53,alpha[6],1.00089,1.00287,True,-0.9820156438975001,-1.1046795600000001,-0.980908435,-0.8605191920000002
Non-centered,53,alpha[7],1.00089,1.00287,True,-1.0032536628125,-1.12021255,-1.0014239,-0.8881646049999999
Non-centered,53,alpha[8],1.00089,1.00287,True,-1.06891720813,-1.260507885,-1.0573133000000001,-0.9119214330000001
Non-centered,53,alpha[9],1.00089,1.00287,True,-1.0020486480550002,-1.130121245,-0.9988529749999999,-0.8834558620000001
Non-centered,53,alpha[10],1.00089,1.00287,True,-1.0682100585275,-1.25584406,-1.0575074500000001,-0.9169208080000001
Non-centered,53,alpha[11],1.00089,1.00287,True,-1.0197924595199999,-1.142580735,-1.0157311500000001,-0.9057399775
Non-centered,53,alpha[12],1.00089,1.00287,True,-1.07945709709,-1.27059345,-1.06961105,-0.9293138395
Non-centered,53,alpha[13],1.00089,1.00287,True,-0.9258525836975,-1.04426967,-0.9296865,-0.7964666925000001
Non-centered,53,alpha[14],1.00089,1.00287,True,-1.02093350528,-1.1792673599999999,-1.01330645,-0.8838720345
Non-centered,53,alpha[15],1.00089,1.00287,True,-1.035663885335,-1.19379907,-1.030104,-0.895872835
Non-centered,53,alpha[16],1.00089,1.00287,True,-0.9689075781200001,-1.09057269,-0.96920819,-0.850152974
Non-centered,53,alpha[17],1.00089,1.00287,True,-0.9088714884375,-1.03482129,-0.91495483,-0.7656649985
Non-centered,53,alpha[18],1.00089,1.00287,True,-1.103042621865,-1.347092865,-1.08636705,-0.924991185
Non-centered,54,mu,1.00103,1.00347,True,-0.9928262442825001,-1.06328005,-0.9911977949999999,-0.9281312254999999
Non-centered,54,sigma,1.00103,1.00347,True,0.11536154155935,0.029185630150000003,0.11306757,0.20599737549999989
Non-centered,54,alpha[1],1.00103,1.00347,True,-0.7991968773975,-0.9732368695,-0.800721625,-0.615280503
Non-centered,54,alpha[2],1.00103,1.00347,True,-0.9015250882099999,-1.0224840849999999,-0.906311975,-0.7620423
Non-centered,54,alpha[3],1.00103,1.00347,True,-0.959252059065,-1.07806681,-0.9611575450000001,-0.8347421035
Non-centered,54,alpha[4],1.00103,1.00347,True,-1.063238118605,-1.2223734899999998,-1.0545394,-0.9276656195
Non-centered,54,alpha[5],1.00103,1.00347,True,-0.9768100602224999,-1.1056838150000001,-0.9779463150000001,-0.8478855495000001
Non-centered,54,alpha[6],1.00103,1.00347,True,-0.98416225263,-1.11029504,-0.9836561349999999,-0.8602991065
Non-centered,54,alpha[7],1.00103,1.00347,True,-1.0026406313425,-1.114531235,-1.00135715,-0.8923742895
Non-centered,54,alpha[8],1.00103,1.00347,True,-1.0671678435724998,-1.272189625,-1.0532188,-0.9092326105
Non-centered,54,alpha[9],1.00103,1.00347,True,-1.0017512820525,-1.1250049899999999,-0.99850947,-0.8897006375000001
Non-centered,54,alpha[10],1.00103,1.00347,True,-1.0643981226149999,-1.248859645,-1.05448445,-0.918187926
Non-centered,54,alpha[11],1.00103,1.00347,True,-1.0188793059625,-1.1424142499999999,-1.0155118,-0.9061608315
Non-centered,54,alpha[12],1.00103,1.00347,True,-1.0771948387099999,-1.26863125,-1.06458395,-0.9234076830000001
Non-centered,54,alpha[13],1.00103,1.00347,True,-0.92745380942,-1.046392845,-0.931850785,-0.7958513095
Non-centered,54,alpha[14],1.00103,1.00347,True,-1.0206902250549998,-1.17637725,-1.0144154,-0.8839388990000001
Non-centered,54,alpha[15],1.00103,1.00347,True,-1.0340293254025001,-1.189957515,-1.0252202499999998,-0.9018348515
Non-centered,54,alpha[16],1.00103,1.00347,True,-0.968670436545,-1.08484663,-0.971126495,-0.852251749
Non-centered,54,alpha[17],1.00103,1.00347,True,-0.9101463058575,-1.03331514,-0.916251155,-0.7680733890000001
Non-centered,54,alpha[18],1.00103,1.00347,True,-1.0994142693425,-1.3428155700000002,-1.0829507,-0.9257154585000001
Non-centered,55,mu,1.00041,1.00377,True,-0.993233201865,-1.0615252,-0.991480345,-0.9315696215
Non-centered,55,sigma,1.00041,1.00377,True,0.11401165067172499,0.0260192634,0.11376728,0.2023291504999999
Non-centered,55,alpha[1],1.00041,1.00377,True,-0.799618578675,-0.9748424864999999,-0.800603145,-0.6167877880000002
Non-centered,55,alpha[2],1.00041,1.00377,True,-0.903578297025,-1.0263888300000001,-0.90866861,-0.762641432
Non-centered,55,alpha[3],1.00041,1.00377,True,-0.95784862432,-1.0764837,-0.959473575,-0.8376152004999999
Non-centered,55,alpha[4],1.00041,1.00377,True,-1.0624215458575,-1.23526911,-1.05177385,-0.9265727605
Non-centered,55,alpha[5],1.00041,1.00377,True,-0.9770937626225,-1.103010515,-0.9763434150000001,-0.8530892485
Non-centered,55,alpha[6],1.00041,1.00377,True,-0.98121769585,-1.103550035,-0.979889775,-0.8652759210000001
Non-centered,55,alpha[7],1.00041,1.00377,True,-1.0042050670125,-1.122033495,-1.0007654499999998,-0.897020387
Non-centered,55,alpha[8],1.00041,1.00377,True,-1.0655380805875,-1.2651419050000001,-1.0539026,-0.9075311645
Non-centered,55,alpha[9],1.00041,1.00377,True,-1.0027218475175,-1.128295165,-0.99927123,-0.8867144265000001
Non-centered,55,alpha[10],1.00041,1.00377,True,-1.0643909360025,-1.249459965,-1.0543092,-0.9150988575
Non-centered,55,alpha[11],1.00041,1.00377,True,-1.0173460617875,-1.14541125,-1.0136728000000002,-0.9019959745000001
Non-centered,55,alpha[12],1.00041,1.00377,True,-1.07667854563,-1.2611648649999998,-1.0656047,-0.929758512
Non-centered,55,alpha[13],1.00041,1.00377,True,-0.92602018746,-1.0427115,-0.930109375,-0.792900104
Non-centered,55,alpha[14],1.00041,1.00377,True,-1.01709909794,-1.165659835,-1.0122192,-0.8822064880000001
Non-centered,55,alpha[15],1.00041,1.00377,True,-1.0339407961000002,-1.19394088,-1.026683,-0.901555305
Non-centered,55,alpha[16],1.00041,1.00377,True,-0.968132501835,-1.0789370550000001,-0.9691462799999999,-0.855370139
Non-centered,55,alpha[17],1.00041,1.00377,True,-0.912796129205,-1.034279605,-0.9198141550000001,-0.7698633810000001
Non-centered,55,alpha[18],1.00041,1.00377,True,-1.0969509083399998,-1.3380133349999999,-1.0795743999999998,-0.922848269
Non-centered,56,mu,1.00082,1.00341,True,-0.9942642625675,-1.065174595,-0.992193055,-0.9312188235000001
Non-centered,56,sigma,1.00082,1.00341,True,0.114278940567565,0.028404418200000003,0.112177895,0.2037027165
Non-centered,56,alpha[1],1.00082,1.00341,True,-0.7996499924449999,-0.9751898965,-0.80076073,-0.6226163385000001
Non-centered,56,alpha[2],1.00082,1.00341,True,-0.903063149165,-1.02571972,-0.909499905,-0.7609578950000002
Non-centered,56,alpha[3],1.00082,1.00341,True,-0.9564056045575,-1.077360155,-0.95871628,-0.8332090745000001
Non-centered,56,alpha[4],1.00082,1.00341,True,-1.0609667408025,-1.233270895,-1.0522954,-0.9208896900000001
Non-centered,56,alpha[5],1.00082,1.00341,True,-0.9774546658325001,-1.10628299,-0.9767029899999999,-0.853911667
Non-centered,56,alpha[6],1.00082,1.00341,True,-0.9823645485,-1.107456225,-0.982649095,-0.8554373105
Non-centered,56,alpha[7],1.00082,1.00341,True,-1.0049681531625,-1.12687633,-1.00185505,-0.895595694
Non-centered,56,alpha[8],1.00082,1.00341,True,-1.067223332055,-1.26555717,-1.05511765,-0.9083572815
Non-centered,56,alpha[9],1.00082,1.00341,True,-1.0023029534549999,-1.12475408,-0.99848586,-0.888676965
Non-centered,56,alpha[10],1.00082,1.00341,True,-1.065352776025,-1.25601866,-1.0543654,-0.919116145
Non-centered,56,alpha[11],1.00082,1.00341,True,-1.0198020870175,-1.14790682,-1.0148814499999999,-0.904728287
Non-centered,56,alpha[12],1.00082,1.00341,True,-1.077270655905,-1.26514911,-1.06530645,-0.9260796205
Non-centered,56,alpha[13],1.00082,1.00341,True,-0.9274721991275,-1.04314261,-0.93350791,-0.7921159505
Non-centered,56,alpha[14],1.00082,1.00341,True,-1.021131671205,-1.1707883650000002,-1.0152774999999998,-0.886285761
Non-centered,56,alpha[15],1.00082,1.00341,True,-1.0352255573025,-1.1940086349999999,-1.0285228499999999,-0.8988299325000002
Non-centered,56,alpha[16],1.00082,1.00341,True,-0.9698288439749999,-1.082361085,-0.97101698,-0.8542122465
Non-centered,56,alpha[17],1.00082,1.00341,True,-0.9125995896225,-1.0281471949999998,-0.918154335,-0.774754105
Non-centered,56,alpha[18],1.00082,1.00341,True,-1.09869810982,-1.336368075,-1.0802759,-0.9294603925
Non-centered,57,mu,1.0005350000000002,1.00215,True,-0.9919152348349999,-1.061273055,-0.99020952,-0.9292150659999999
Non-centered,57,sigma,1.0005350000000002,1.00215,True,0.11173283402065501,0.0283077648,0.11029475,0.19821793999999998
Non-centered,57,alpha[1],1.0005350000000002,1.00215,True,-0.8030403876025,-0.9746252235,-0.803803915,-0.6217881030000001
Non-centered,57,alpha[2],1.0005350000000002,1.00215,True,-0.9055866997950001,-1.02864206,-0.9126594,-0.7646198495000001
Non-centered,57,alpha[3],1.0005350000000002,1.00215,True,-0.9588590166400001,-1.077068175,-0.959700655,-0.839172425
Non-centered,57,alpha[4],1.0005350000000002,1.00215,True,-1.0620517807175,-1.2281307000000001,-1.05367825,-0.9270731825
Non-centered,57,alpha[5],1.0005350000000002,1.00215,True,-0.9773307901549999,-1.104369305,-0.97641857,-0.8555790544999999
Non-centered,57,alpha[6],1.0005350000000002,1.00215,True,-0.980999810065,-1.10162889,-0.980336545,-0.862948658
Non-centered,57,alpha[7],1.0005350000000002,1.00215,True,-1.003044916905,-1.122157415,-1.0009221,-0.8872412450000002
Non-centered,57,alpha[8],1.0005350000000002,1.00215,True,-1.06395655891,-1.259091065,-1.04994765,-0.9144689564999999
Non-centered,57,alpha[9],1.0005350000000002,1.00215,True,-1.0006571380574998,-1.12002609,-0.998284985,-0.8844817724999999
Non-centered,57,alpha[10],1.0005350000000002,1.00215,True,-1.0614429594575,-1.24523169,-1.05008075,-0.918852825
Non-centered,57,alpha[11],1.0005350000000002,1.00215,True,-1.017219815465,-1.141668085,-1.01215505,-0.90422091
Non-centered,57,alpha[12],1.0005350000000002,1.00215,True,-1.0753390802475,-1.266594605,-1.0630190499999999,-0.9289166315
Non-centered,57,alpha[13],1.0005350000000002,1.00215,True,-0.9272540844525,-1.04673575,-0.93105043,-0.7956997110000001
Non-centered,57,alpha[14],1.0005350000000002,1.00215,True,-1.018425762755,-1.169311815,-1.0121470000000001,-0.8843738955
Non-centered,57,alpha[15],1.0005350000000002,1.00215,True,-1.0355365229600002,-1.1983852099999999,-1.0265634499999998,-0.9045741020000001
Non-centered,57,alpha[16],1.0005350000000002,1.00215,True,-0.9680112775325,-1.087896875,-0.968798305,-0.8474275825
Non-centered,57,alpha[17],1.0005350000000002,1.00215,True,-0.9142701398575,-1.03978236,-0.9196787399999999,-0.7766509765
Non-centered,57,alpha[18],1.0005350000000002,1.00215,True,-1.0919074197675,-1.330153385,-1.07411455,-0.9234710065
Non-centered,58,mu,1.001,1.00543,True,-0.9914183652074999,-1.059572875,-0.990179295,-0.9293788045000001
Non-centered,58,sigma,1.001,1.00543,True,0.1138143810567575,0.032500904500000004,0.11150466,0.20039280449999997
Non-centered,58,alpha[1],1.001,1.00543,True,-0.79961543622,-0.9705647835000001,-0.8026751,-0.6189045305
Non-centered,58,alpha[2],1.001,1.00543,True,-0.90276350668,-1.02650692,-0.9073205049999999,-0.7656989915
Non-centered,58,alpha[3],1.001,1.00543,True,-0.956884281405,-1.072568565,-0.958503355,-0.8372317535
Non-centered,58,alpha[4],1.001,1.00543,True,-1.0630051891374999,-1.2310337500000001,-1.0528901,-0.92666735
Non-centered,58,alpha[5],1.001,1.00543,True,-0.97566700707,-1.10076972,-0.97646448,-0.8491162375000001
Non-centered,58,alpha[6],1.001,1.00543,True,-0.9810345250025,-1.1076708450000001,-0.979164905,-0.8577958260000002
Non-centered,58,alpha[7],1.001,1.00543,True,-1.002391726685,-1.118972145,-0.9999538649999999,-0.8906302405000001
Non-centered,58,alpha[8],1.001,1.00543,True,-1.0641567597225001,-1.257580465,-1.0512408999999998,-0.9101150855000001
Non-centered,58,alpha[9],1.001,1.00543,True,-1.001716079545,-1.124465275,-0.998839225,-0.888289986
Non-centered,58,alpha[10],1.001,1.00543,True,-1.0621658850600002,-1.24384295,-1.05076795,-0.9186200125
Non-centered,58,alpha[11],1.001,1.00543,True,-1.0203582384725,-1.14792464,-1.0159071,-0.9020169720000001
Non-centered,58,alpha[12],1.001,1.00543,True,-1.0736209670174999,-1.260677425,-1.0638613000000001,-0.9210415765000001
Non-centered,58,alpha[13],1.001,1.00543,True,-0.925873786995,-1.044179865,-0.93057181,-0.7931270925
Non-centered,58,alpha[14],1.001,1.00543,True,-1.0171871781125001,-1.16672529,-1.0112383999999999,-0.8844663810000001
Non-centered,58,alpha[15],1.001,1.00543,True,-1.0332650801625,-1.18899943,-1.0255515499999999,-0.8999640500000001
Non-centered,58,alpha[16],1.001,1.00543,True,-0.9680630970375,-1.086350335,-0.96855956,-0.8496450875
Non-centered,58,alpha[17],1.001,1.00543,True,-0.91206644578,-1.032502295,-0.91843243,-0.7704489440000002
Non-centered,58,alpha[18],1.001,1.00543,True,-1.0958275067874998,-1.3317655249999998,-1.0785056499999999,-0.923614884
Non-centered,59,mu,1.00139,1.00662,True,-0.992628174415,-1.0600685699999999,-0.9910201599999999,-0.93076294
Non-centered,59,sigma,1.00139,1.00662,True,0.1166028104212775,0.0340956513,0.11401956999999999,0.203802555
Non-centered,59,alpha[1],1.00139,1.00662,True,-0.7974021402525,-0.9662218834999999,-0.80092679,-0.6160307185000001
Non-centered,59,alpha[2],1.00139,1.00662,True,-0.90185089166,-1.025934265,-0.9074968400000001,-0.7574707460000001
Non-centered,59,alpha[3],1.00139,1.00662,True,-0.9578050211350001,-1.074919275,-0.95958994,-0.8370899265
Non-centered,59,alpha[4],1.00139,1.00662,True,-1.067191307,-1.2331379450000002,-1.05869915,-0.9281336045
Non-centered,59,alpha[5],1.00139,1.00662,True,-0.97642655678,-1.100478915,-0.97619373,-0.852054204
Non-centered,59,alpha[6],1.00139,1.00662,True,-0.9836610741674999,-1.1061223900000001,-0.983091765,-0.8635389245
Non-centered,59,alpha[7],1.00139,1.00662,True,-1.0039056645275,-1.1249232200000001,-1.00154705,-0.8898905300000001
Non-centered,59,alpha[8],1.00139,1.00662,True,-1.068020125865,-1.26671781,-1.05686795,-0.9112535060000001
Non-centered,59,alpha[9],1.00139,1.00662,True,-1.0023951756975,-1.1246163599999999,-1.0006689500000001,-0.885358301
Non-centered,59,alpha[10],1.00139,1.00662,True,-1.0648659367775,-1.24571304,-1.0557197500000002,-0.9134186479999999
Non-centered,59,alpha[11],1.00139,1.00662,True,-1.0192818802274999,-1.14563583,-1.0155557499999999,-0.902845662
Non-centered,59,alpha[12],1.00139,1.00662,True,-1.07675742689,-1.261996425,-1.0650559,-0.9315761025
Non-centered,59,alpha[13],1.00139,1.00662,True,-0.9272713790025,-1.0450318349999999,-0.932220285,-0.7942140305000002
Non-centered,59,alpha[14],1.00139,1.00662,True,-1.020739360305,-1.1752516,-1.01599945,-0.8852025945
Non-centered,59,alpha[15],1.00139,1.00662,True,-1.0341489445825,-1.19841856,-1.02757605,-0.8982303560000001
Non-centered,59,alpha[16],1.00139,1.00662,True,-0.967441943135,-1.08336009,-0.968740495,-0.8508097155000001
Non-centered,59,alpha[17],1.00139,1.00662,True,-0.9098546169174999,-1.03027809,-0.915074225,-0.769504454
Non-centered,59,alpha[18],1.00139,1.00662,True,-1.10220076747,-1.33994741,-1.0834435999999998,-0.9226130945000001
Non-centered,60,mu,1.0010949999999998,1.00408,True,-0.992970335905,-1.06404507,-0.99183239,-0.9286523959999999
Non-centered,60,sigma,1.0010949999999998,1.00408,True,0.115556890423185,0.031090604700000007,0.11361637499999999,0.205673248
Non-centered,60,alpha[1],1.0010949999999998,1.00408,True,-0.7983522047675001,-0.9678443835,-0.801254415,-0.6108470380000001
Non-centered,60,alpha[2],1.0010949999999998,1.00408,True,-0.901622202855,-1.0261870849999999,-0.90577559,-0.7639596205
Non-centered,60,alpha[3],1.0010949999999998,1.00408,True,-0.9576934819175,-1.0714728,-0.95968809,-0.8369767030000002
Non-centered,60,alpha[4],1.0010949999999998,1.00408,True,-1.063137511865,-1.2365919399999998,-1.0536200500000001,-0.9244213235000001
Non-centered,60,alpha[5],1.0010949999999998,1.00408,True,-0.9774610508974999,-1.10097852,-0.97862118,-0.8511415900000001
Non-centered,60,alpha[6],1.0010949999999998,1.00408,True,-0.981591442565,-1.1034625249999999,-0.9815253349999999,-0.8593956670000001
Non-centered,60,alpha[7],1.0010949999999998,1.00408,True,-1.00362197459,-1.122492735,-1.0008769,-0.892084533
Non-centered,60,alpha[8],1.0010949999999998,1.00408,True,-1.0675270556324998,-1.26234721,-1.05604515,-0.914765955
Non-centered,60,alpha[9],1.0010949999999998,1.00408,True,-1.0016800089925,-1.130787,-0.998934875,-0.8833576015000001
Non-centered,60,alpha[10],1.0010949999999998,1.00408,True,-1.06596177111,-1.249267475,-1.0537233000000001,-0.9217769105
Non-centered,60,alpha[11],1.0010949999999998,1.00408,True,-1.02028545464,-1.15031419,-1.0166278499999999,-0.906699181
Non-centered,60,alpha[12],1.0010949999999998,1.00408,True,-1.076173470875,-1.2760955699999998,-1.0640642,-0.9235546895000001
Non-centered,60,alpha[13],1.0010949999999998,1.00408,True,-0.9261442876625,-1.04674877,-0.930532935,-0.7948526645000001
Non-centered,60,alpha[14],1.0010949999999998,1.00408,True,-1.0193101472900001,-1.17004639,-1.0135885,-0.8880243955000001
Non-centered,60,alpha[15],1.0010949999999998,1.00408,True,-1.034490701255,-1.19733907,-1.02854615,-0.894537817
Non-centered,60,alpha[16],1.0010949999999998,1.00408,True,-0.9682187793324999,-1.08524865,-0.969704305,-0.8489669295000001
Non-centered,60,alpha[17],1.0010949999999998,1.00408,True,-0.912773321525,-1.033717565,-0.9187660150000001,-0.772678191
Non-centered,60,alpha[18],1.0010949999999998,1.00408,True,-1.0981572394849999,-1.33269461,-1.0821507000000001,-0.923037051
Non-centered,61,mu,1.00096,1.00246,True,-0.9934329066175,-1.0659317,-0.990877845,-0.929309903
Non-centered,61,sigma,1.00096,1.00246,True,0.11384301385842249,0.0315925165,0.111833815,0.20212370099999996
Non-centered,61,alpha[1],1.00096,1.00246,True,-0.8005180586624999,-0.971239215,-0.80300879,-0.6140690495000006
Non-centered,61,alpha[2],1.00096,1.00246,True,-0.90270410471,-1.02832894,-0.908186145,-0.7609275870000001
Non-centered,61,alpha[3],1.00096,1.00246,True,-0.9583984946225,-1.0754184949999999,-0.9596101100000001,-0.8399232355
Non-centered,61,alpha[4],1.00096,1.00246,True,-1.0606437914675,-1.22754403,-1.0527305500000002,-0.9241007585
Non-centered,61,alpha[5],1.00096,1.00246,True,-0.9750935410325001,-1.0987029000000001,-0.9750085399999999,-0.8504820790000001
Non-centered,61,alpha[6],1.00096,1.00246,True,-0.9837520827350001,-1.1089404250000001,-0.982248845,-0.8621892655
Non-centered,61,alpha[7],1.00096,1.00246,True,-1.0045805564899999,-1.127501055,-1.00125755,-0.8914052615000001
Non-centered,61,alpha[8],1.00096,1.00246,True,-1.0663052343750001,-1.2667425350000001,-1.05155985,-0.9116861980000001
Non-centered,61,alpha[9],1.00096,1.00246,True,-1.00040486556,-1.1302086,-0.996522895,-0.8850208595
Non-centered,61,alpha[10],1.00096,1.00246,True,-1.0640087098975,-1.244679165,-1.05237985,-0.9220993055000002
Non-centered,61,alpha[11],1.00096,1.00246,True,-1.0189062972825,-1.1472771549999998,-1.01386105,-0.9061069380000001
Non-centered,61,alpha[12],1.00096,1.00246,True,-1.074582866715,-1.2625801300000001,-1.0614835,-0.928239292
Non-centered,61,alpha[13],1.00096,1.00246,True,-0.927571176735,-1.04943783,-0.93274298,-0.791778415
Non-centered,61,alpha[14],1.00096,1.00246,True,-1.0193355020900001,-1.168594655,-1.0125976,-0.8872544375000001
Non-centered,61,alpha[15],1.00096,1.00246,True,-1.0355975188,-1.190797695,-1.02762225,-0.9029816900000001
Non-centered,61,alpha[16],1.00096,1.00246,True,-0.9700404557075001,-1.0853082950000001,-0.9694362,-0.8546090605000001
Non-centered,61,alpha[17],1.00096,1.00246,True,-0.9135696787900001,-1.036210955,-0.9191944599999999,-0.7738526895000001
Non-centered,61,alpha[18],1.00096,1.00246,True,-1.0950558697775,-1.33359639,-1.0767314,-0.9180167865000001
Non-centered,62,mu,1.001495,1.0138,True,-0.993732420645,-1.063153565,-0.99177362,-0.9301010735
Non-centered,62,sigma,1.001495,1.0138,True,0.11499939908323001,0.0293456081,0.11158774499999999,0.20766164
Non-centered,62,alpha[1],1.001495,1.0138,True,-0.80028432732,-0.9732637375000001,-0.8008864099999999,-0.6117250480000002
Non-centered,62,alpha[2],1.001495,1.0138,True,-0.9016143030724999,-1.0267687749999999,-0.9053143450000001,-0.7659776435
Non-centered,62,alpha[3],1.001495,1.0138,True,-0.9588419276125001,-1.075991985,-0.9616256400000001,-0.8348369975000001
Non-centered,62,alpha[4],1.001495,1.0138,True,-1.063002926065,-1.2325765649999998,-1.0537843,-0.9238852430000001
Non-centered,62,alpha[5],1.001495,1.0138,True,-0.9741214591774999,-1.0955582099999999,-0.975385035,-0.8475417240000002
Non-centered,62,alpha[6],1.001495,1.0138,True,-0.98230195456,-1.1008789749999999,-0.9816675349999999,-0.862575869
Non-centered,62,alpha[7],1.001495,1.0138,True,-1.005795933015,-1.12528791,-1.00294655,-0.892712345
Non-centered,62,alpha[8],1.001495,1.0138,True,-1.068448833,-1.2631698,-1.0529556,-0.9186130385
Non-centered,62,alpha[9],1.001495,1.0138,True,-1.0014002627575,-1.1229013399999999,-0.9993504,-0.8853153920000001
Non-centered,62,alpha[10],1.001495,1.0138,True,-1.0654898824325,-1.244386175,-1.05633745,-0.9196323190000002
Non-centered,62,alpha[11],1.001495,1.0138,True,-1.0210260649425,-1.15190847,-1.0163655999999999,-0.9031701735000001
Non-centered,62,alpha[12],1.001495,1.0138,True,-1.0770306165399997,-1.2658254850000001,-1.064734,-0.92829008
Non-centered,62,alpha[13],1.001495,1.0138,True,-0.92703751806,-1.04725159,-0.931818575,-0.794243835
Non-centered,62,alpha[14],1.001495,1.0138,True,-1.020337870015,-1.1698606200000001,-1.01438505,-0.885787574
Non-centered,62,alpha[15],1.001495,1.0138,True,-1.0337333073025001,-1.189896905,-1.0263268,-0.9046844895
Non-centered,62,alpha[16],1.001495,1.0138,True,-0.9704299205825,-1.085390485,-0.97075011,-0.8513054285
Non-centered,62,alpha[17],1.001495,1.0138,True,-0.9112345752475,-1.026924875,-0.9172812699999999,-0.776287612
Non-centered,62,alpha[18],1.001495,1.0138,True,-1.1001234211425,-1.3367212450000001,-1.0798389,-0.9300306130000001
Non-centered,63,mu,1.00079,1.00533,True,-0.99429707901,-1.0654836799999998,-0.991716515,-0.9299263775000001
Non-centered,63,sigma,1.00079,1.00533,True,0.114346991642445,0.029532617650000002,0.11300845000000001,0.20233800549999997
Non-centered,63,alpha[1],1.00079,1.00533,True,-0.8007244632825,-0.968640542,-0.80126657,-0.620989322
Non-centered,63,alpha[2],1.00079,1.00533,True,-0.9038310542100001,-1.02050385,-0.9098434049999999,-0.7633954130000001
Non-centered,63,alpha[3],1.00079,1.00533,True,-0.9572111810399999,-1.0690224400000001,-0.959328155,-0.8359319045000001
Non-centered,63,alpha[4],1.00079,1.00533,True,-1.06419063128,-1.229899695,-1.0581885,-0.9293667285
Non-centered,63,alpha[5],1.00079,1.00533,True,-0.975862399095,-1.1006973150000001,-0.97775139,-0.846788788
Non-centered,63,alpha[6],1.00079,1.00533,True,-0.98380541909,-1.1063257450000001,-0.98242198,-0.8616373095000001
Non-centered,63,alpha[7],1.00079,1.00533,True,-1.0043792563975,-1.12754019,-1.0011879000000001,-0.8941852995000001
Non-centered,63,alpha[8],1.00079,1.00533,True,-1.0678533546175,-1.267450935,-1.0567761500000001,-0.9079338615000001
Non-centered,63,alpha[9],1.00079,1.00533,True,-1.0008606824900002,-1.121070675,-0.9975553100000001,-0.8875847445
Non-centered,63,alpha[10],1.00079,1.00533,True,-1.0616874567949999,-1.24061985,-1.05046235,-0.9225631705
Non-centered,63,alpha[11],1.00079,1.00533,True,-1.01800460808,-1.146808945,-1.01217305,-0.899149853
Non-centered,63,alpha[12],1.00079,1.00533,True,-1.0754229763774998,-1.2619368450000001,-1.0652845,-0.9245663805
Non-centered,63,alpha[13],1.00079,1.00533,True,-0.9269991390200001,-1.043901045,-0.93241423,-0.792290938
Non-centered,63,alpha[14],1.00079,1.00533,True,-1.018779768265,-1.1731690399999999,-1.0117865,-0.88253548
Non-centered,63,alpha[15],1.00079,1.00533,True,-1.0347052152325,-1.18836551,-1.02837735,-0.9031006675000001
Non-centered,63,alpha[16],1.00079,1.00533,True,-0.9690219336525,-1.08042627,-0.9700744,-0.8548496130000001
Non-centered,63,alpha[17],1.00079,1.00533,True,-0.9112229791625,-1.03139753,-0.918805045,-0.7701690440000001
Non-centered,63,alpha[18],1.00079,1.00533,True,-1.10057043479,-1.34761282,-1.0787021,-0.9226059125
Non-centered,64,mu,1.00079,1.00356,True,-0.9929163053125001,-1.06194969,-0.9918441250000001,-0.928456333
Non-centered,64,sigma,1.00079,1.00356,True,0.11315889735963501,0.0291645557,0.11188216000000001,0.19757974249999996
Non-centered,64,alpha[1],1.00079,1.00356,True,-0.8007174312775,-0.971125592,-0.803413915,-0.6185089995
Non-centered,64,alpha[2],1.00079,1.00356,True,-0.9041841049125,-1.0235982499999998,-0.90962161,-0.76455025
Non-centered,64,alpha[3],1.00079,1.00356,True,-0.9588284431199999,-1.07262705,-0.96121634,-0.838069135
Non-centered,64,alpha[4],1.00079,1.00356,True,-1.0615716759274998,-1.223854075,-1.0537087,-0.929069849
Non-centered,64,alpha[5],1.00079,1.00356,True,-0.975289440645,-1.10012922,-0.9758957500000001,-0.8492292795
Non-centered,64,alpha[6],1.00079,1.00356,True,-0.9815662018425001,-1.104784265,-0.98090887,-0.8612817465
Non-centered,64,alpha[7],1.00079,1.00356,True,-1.004194526005,-1.1301975800000001,-0.999769675,-0.8893770775
Non-centered,64,alpha[8],1.00079,1.00356,True,-1.064966579035,-1.2606320800000002,-1.0527347,-0.9057013655
Non-centered,64,alpha[9],1.00079,1.00356,True,-1.0006209006925,-1.12645387,-0.9986496650000001,-0.8768311385000003
Non-centered,64,alpha[10],1.00079,1.00356,True,-1.06334173612,-1.24915501,-1.05038185,-0.9220664595000002
Non-centered,64,alpha[11],1.00079,1.00356,True,-1.0186281309675,-1.144354955,-1.0131321999999998,-0.9035163860000001
Non-centered,64,alpha[12],1.00079,1.00356,True,-1.0757514130274999,-1.2550306900000001,-1.0648431999999999,-0.9274028985000002
Non-centered,64,alpha[13],1.00079,1.00356,True,-0.9266111978599999,-1.046033045,-0.932490635,-0.795416133
Non-centered,64,alpha[14],1.00079,1.00356,True,-1.0167947777825,-1.1651897549999999,-1.01097965,-0.8846120275000001
Non-centered,64,alpha[15],1.00079,1.00356,True,-1.0349983459625,-1.185218585,-1.0266487999999998,-0.8996468685000001
Non-centered,64,alpha[16],1.00079,1.00356,True,-0.9697240879925,-1.079709965,-0.970231765,-0.85234068
Non-centered,64,alpha[17],1.00079,1.00356,True,-0.911552067085,-1.0316795049999998,-0.9167736200000001,-0.7688586935000001
Non-centered,64,alpha[18],1.00079,1.00356,True,-1.0941678811425,-1.3280736949999998,-1.07790765,-0.9251599135
Non-centered,65,mu,1.000845,1.00242,True,-0.9923388274624999,-1.060902375,-0.990367315,-0.9314006244999999
Non-centered,65,sigma,1.000845,1.00242,True,0.11597233497056149,0.033889694350000006,0.11339553499999999,0.2052040949999999
Non-centered,65,alpha[1],1.000845,1.00242,True,-0.7982940620125001,-0.967906452,-0.80197945,-0.6151005245
Non-centered,65,alpha[2],1.000845,1.00242,True,-0.900210401425,-1.0229089949999999,-0.90526018,-0.757453297
Non-centered,65,alpha[3],1.000845,1.00242,True,-0.9577704377575,-1.0765091450000002,-0.95928697,-0.8366198655
Non-centered,65,alpha[4],1.000845,1.00242,True,-1.0637055063225,-1.22951466,-1.0558225,-0.927028934
Non-centered,65,alpha[5],1.000845,1.00242,True,-0.975914379515,-1.102104645,-0.974307135,-0.8521655385000001
Non-centered,65,alpha[6],1.000845,1.00242,True,-0.9816663891524999,-1.106094055,-0.98038135,-0.86288262
Non-centered,65,alpha[7],1.000845,1.00242,True,-1.0034748826475,-1.122813095,-1.0007736999999999,-0.891600997
Non-centered,65,alpha[8],1.000845,1.00242,True,-1.0663818991025,-1.256336235,-1.0553770500000001,-0.9177213135000001
Non-centered,65,alpha[9],1.000845,1.00242,True,-1.0022245871525,-1.1223873249999998,-0.9992294150000001,-0.8842083030000001
Non-centered,65,alpha[10],1.000845,1.00242,True,-1.0632769588575002,-1.24428159,-1.05412595,-0.9153183985000001
Non-centered,65,alpha[11],1.000845,1.00242,True,-1.0185473248575,-1.14092866,-1.0162639,-0.905307631
Non-centered,65,alpha[12],1.000845,1.00242,True,-1.078243010955,-1.2622040650000002,-1.0671747,-0.9291265055
Non-centered,65,alpha[13],1.000845,1.00242,True,-0.9256378033,-1.044024455,-0.93038553,-0.795556091
Non-centered,65,alpha[14],1.000845,1.00242,True,-1.02072754914,-1.170697625,-1.01579235,-0.8855957455
Non-centered,65,alpha[15],1.000845,1.00242,True,-1.035957481225,-1.1921191899999999,-1.0284304,-0.8979171915
Non-centered,65,alpha[16],1.000845,1.00242,True,-0.9675621589125,-1.0798768849999998,-0.968920395,-0.8567321045000001
Non-centered,65,alpha[17],1.000845,1.00242,True,-0.9114329896950001,-1.0301215549999998,-0.917577855,-0.7773506725000001
Non-centered,65,alpha[18],1.000845,1.00242,True,-1.09930971889,-1.3413386250000001,-1.07955525,-0.925346836
Non-centered,66,mu,1.000465,1.00288,True,-0.993056922085,-1.065165135,-0.991078685,-0.9293012105
Non-centered,66,sigma,1.000465,1.00288,True,0.11557714264006501,0.03567678355,0.112792875,0.20036024049999998
Non-centered,66,alpha[1],1.000465,1.00288,True,-0.7977573385200001,-0.9620885075000001,-0.801586865,-0.6185090725000001
Non-centered,66,alpha[2],1.000465,1.00288,True,-0.9001937242075001,-1.02716191,-0.90719243,-0.7561319645000001
Non-centered,66,alpha[3],1.000465,1.00288,True,-0.95706584451,-1.0697192249999998,-0.958955045,-0.8385173570000001
Non-centered,66,alpha[4],1.000465,1.00288,True,-1.0620672299574998,-1.223853405,-1.05209835,-0.9283850575
Non-centered,66,alpha[5],1.000465,1.00288,True,-0.97576703269,-1.10041413,-0.9746976700000001,-0.8520038645000001
Non-centered,66,alpha[6],1.000465,1.00288,True,-0.98113018504,-1.105834685,-0.97980303,-0.8593143605000002
Non-centered,66,alpha[7],1.000465,1.00288,True,-1.0026157253525,-1.1255311049999999,-0.999885975,-0.8865031435
Non-centered,66,alpha[8],1.000465,1.00288,True,-1.06922617174,-1.268468185,-1.05712435,-0.9118725085
Non-centered,66,alpha[9],1.000465,1.00288,True,-1.001968765465,-1.122019485,-0.999008115,-0.8850816220000001
Non-centered,66,alpha[10],1.000465,1.00288,True,-1.0645234107025001,-1.245089105,-1.0539574,-0.915021583
Non-centered,66,alpha[11],1.000465,1.00288,True,-1.01878714366,-1.1478915699999999,-1.0147932499999999,-0.8978587805
Non-centered,66,alpha[12],1.000465,1.00288,True,-1.0763769027949999,-1.263156735,-1.06531535,-0.9267600670000001
Non-centered,66,alpha[13],1.000465,1.00288,True,-0.926047423745,-1.0469800299999998,-0.9307112550000001,-0.7896896020000002
Non-centered,66,alpha[14],1.000465,1.00288,True,-1.018181905295,-1.169421345,-1.01184545,-0.886118347
Non-centered,66,alpha[15],1.000465,1.00288,True,-1.0353545784350002,-1.195711915,-1.0291573,-0.9009444370000002
Non-centered,66,alpha[16],1.000465,1.00288,True,-0.9670596863825,-1.0831231399999999,-0.96809755,-0.8518806580000001
Non-centered,66,alpha[17],1.000465,1.00288,True,-0.912087340575,-1.03674052,-0.9167582000000001,-0.770934722
Non-centered,66,alpha[18],1.000465,1.00288,True,-1.09897938983,-1.337546,-1.07899635,-0.929503545
Non-centered,67,mu,1.000785,1.00208,True,-0.9919899010050001,-1.06342706,-0.98996478,-0.928946479
Non-centered,67,sigma,1.000785,1.00208,True,0.11365970004587252,0.0317633175,0.11238737,0.20067315199999997
Non-centered,67,alpha[1],1.000785,1.00208,True,-0.8016269043425,-0.9695793165000001,-0.803996095,-0.6220866740000001
Non-centered,67,alpha[2],1.000785,1.00208,True,-0.9030894616724999,-1.026004875,-0.9076831000000001,-0.7585760255000001
Non-centered,67,alpha[3],1.000785,1.00208,True,-0.957837023335,-1.074295365,-0.959663575,-0.8344973744999999
Non-centered,67,alpha[4],1.000785,1.00208,True,-1.0630187533425002,-1.227929615,-1.0544636,-0.9228747705
Non-centered,67,alpha[5],1.000785,1.00208,True,-0.977343933245,-1.099695295,-0.97639678,-0.8493836565000001
Non-centered,67,alpha[6],1.000785,1.00208,True,-0.9819126798775001,-1.108271395,-0.9794342949999999,-0.8640359575000002
Non-centered,67,alpha[7],1.000785,1.00208,True,-1.00407583062,-1.1241916349999999,-1.0024856,-0.891126308
Non-centered,67,alpha[8],1.000785,1.00208,True,-1.065721853345,-1.26481266,-1.0529999,-0.91255154
Non-centered,67,alpha[9],1.000785,1.00208,True,-1.0005317258550002,-1.12346092,-0.996707405,-0.8899205355
Non-centered,67,alpha[10],1.000785,1.00208,True,-1.0644909814749999,-1.2422684149999998,-1.0540776,-0.9150202490000001
Non-centered,67,alpha[11],1.000785,1.00208,True,-1.0177949686375,-1.1406936799999998,-1.0129982499999999,-0.9022731365000001
Non-centered,67,alpha[12],1.000785,1.00208,True,-1.0740850968750002,-1.25540109,-1.06369825,-0.9268161585000001
Non-centered,67,alpha[13],1.000785,1.00208,True,-0.9270013457249999,-1.044761885,-0.93237608,-0.7918311880000002
Non-centered,67,alpha[14],1.000785,1.00208,True,-1.0191674487275,-1.17266769,-1.0134759500000001,-0.8830823760000001
Non-centered,67,alpha[15],1.000785,1.00208,True,-1.035664511205,-1.1903235749999999,-1.02807935,-0.9010091650000001
Non-centered,67,alpha[16],1.000785,1.00208,True,-0.969410547665,-1.085576745,-0.969749405,-0.849301876
Non-centered,67,alpha[17],1.000785,1.00208,True,-0.9123905683475,-1.03446685,-0.9179683949999999,-0.7725684220000002
Non-centered,67,alpha[18],1.000785,1.00208,True,-1.09760261157,-1.3353076400000001,-1.07810035,-0.927525649
Non-centered,68,mu,1.001215,1.00448,True,-0.9939046398525,-1.0636301499999998,-0.9920596749999999,-0.930998232
Non-centered,68,sigma,1.001215,1.00448,True,0.1126639803849925,0.028642030850000003,0.11028318,0.2025268019999999
Non-centered,68,alpha[1],1.001215,1.00448,True,-0.8021355962175001,-0.9710918745,-0.8055651850000001,-0.6231505715000001
Non-centered,68,alpha[2],1.001215,1.00448,True,-0.90267176344,-1.02338591,-0.90753186,-0.7644418100000001
Non-centered,68,alpha[3],1.001215,1.00448,True,-0.9577263782775,-1.075813685,-0.9596176,-0.836005603
Non-centered,68,alpha[4],1.001215,1.00448,True,-1.0635896711675,-1.236711125,-1.053087,-0.9248051770000001
Non-centered,68,alpha[5],1.001215,1.00448,True,-0.9764184864175001,-1.10343133,-0.9753539200000001,-0.852750961
Non-centered,68,alpha[6],1.001215,1.00448,True,-0.98198112784,-1.1074003799999999,-0.980073485,-0.86169909
Non-centered,68,alpha[7],1.001215,1.00448,True,-1.0026546556275,-1.1207243199999999,-1.00099865,-0.88854379
Non-centered,68,alpha[8],1.001215,1.00448,True,-1.0639679030500002,-1.258972055,-1.0515435,-0.9151585455
Non-centered,68,alpha[9],1.001215,1.00448,True,-1.0021514789325,-1.12946201,-0.99784441,-0.8841541230000002
Non-centered,68,alpha[10],1.001215,1.00448,True,-1.0643201672375,-1.24252264,-1.05244155,-0.9205732760000002
Non-centered,68,alpha[11],1.001215,1.00448,True,-1.01875598039,-1.14994483,-1.0146345499999998,-0.904315569
Non-centered,68,alpha[12],1.001215,1.00448,True,-1.0743277282175,-1.262036375,-1.0641396,-0.9271088070000001
Non-centered,68,alpha[13],1.001215,1.00448,True,-0.928603266395,-1.045201665,-0.93496764,-0.7952863150000001
Non-centered,68,alpha[14],1.001215,1.00448,True,-1.01906846003,-1.1720367100000002,-1.0126265,-0.8890693235
Non-centered,68,alpha[15],1.001215,1.00448,True,-1.03433544906,-1.18661322,-1.02813405,-0.9003057959999999
Non-centered,68,alpha[16],1.001215,1.00448,True,-0.9689123806175001,-1.086087665,-0.9688641250000001,-0.852874478
Non-centered,68,alpha[17],1.001215,1.00448,True,-0.9127597145625,-1.03568281,-0.91900961,-0.771588641
Non-centered,68,alpha[18],1.001215,1.00448,True,-1.09528606391,-1.3296988650000001,-1.07903365,-0.918999835
Non-centered,69,mu,1.0006849999999998,1.00368,True,-0.9924475491600001,-1.0641437,-0.990955575,-0.9276774535000001
Non-centered,69,sigma,1.0006849999999998,1.00368,True,0.11472989215520249,0.03009081895,0.11218817,0.20539599949999998
Non-centered,69,alpha[1],1.0006849999999998,1.00368,True,-0.8006126392925,-0.968236662,-0.80648276,-0.617924965
Non-centered,69,alpha[2],1.0006849999999998,1.00368,True,-0.9030346768625,-1.03084947,-0.907523045,-0.7628165265
Non-centered,69,alpha[3],1.0006849999999998,1.00368,True,-0.9570513171949999,-1.0702091299999998,-0.95892351,-0.8348516699999999
Non-centered,69,alpha[4],1.0006849999999998,1.00368,True,-1.0642168042975,-1.233132945,-1.0553975000000002,-0.9206256165000001
Non-centered,69,alpha[5],1.0006849999999998,1.00368,True,-0.9752948834,-1.10616626,-0.976264225,-0.8468162095000002
Non-centered,69,alpha[6],1.0006849999999998,1.00368,True,-0.9807148465000001,-1.10175417,-0.98067639,-0.8592249845000001
Non-centered,69,alpha[7],1.0006849999999998,1.00368,True,-1.0044340023925,-1.1184998400000001,-1.00080545,-0.898941401
Non-centered,69,alpha[8],1.0006849999999998,1.00368,True,-1.06579881527,-1.2689087049999999,-1.05258705,-0.9072518795
Non-centered,69,alpha[9],1.0006849999999998,1.00368,True,-1.00213613209,-1.12321876,-1.0006824,-0.8893356725
Non-centered,69,alpha[10],1.0006849999999998,1.00368,True,-1.0643539810875,-1.252467055,-1.05584115,-0.9143314510000001
Non-centered,69,alpha[11],1.0006849999999998,1.00368,True,-1.0176502274324999,-1.14145482,-1.01366355,-0.9024416980000002
Non-centered,69,alpha[12],1.0006849999999998,1.00368,True,-1.0744596078250002,-1.2619055049999999,-1.06381085,-0.928122371
Non-centered,69,alpha[13],1.0006849999999998,1.00368,True,-0.9270361576875,-1.043271845,-0.930377355,-0.7945346520000001
Non-centered,69,alpha[14],1.0006849999999998,1.00368,True,-1.0192665839675,-1.17155981,-1.0129892,-0.880532209
Non-centered,69,alpha[15],1.0006849999999998,1.00368,True,-1.0341443227700002,-1.1920222249999999,-1.0258937000000001,-0.8978347515
Non-centered,69,alpha[16],1.0006849999999998,1.00368,True,-0.9685373958549999,-1.082957325,-0.9703572899999999,-0.8530580915000002
Non-centered,69,alpha[17],1.0006849999999998,1.00368,True,-0.9119918325749999,-1.03375787,-0.91727193,-0.7700726640000001
Non-centered,69,alpha[18],1.0006849999999998,1.00368,True,-1.095033456395,-1.329587485,-1.07717635,-0.9219610060000001
Non-centered,70,mu,1.00103,1.00216,True,-0.9927878948775,-1.0637267750000001,-0.990386865,-0.930056043
Non-centered,70,sigma,1.00103,1.00216,True,0.11613616826915675,0.0306278906,0.11391088499999999,0.20577443649999988
Non-centered,70,alpha[1],1.00103,1.00216,True,-0.7977944966325,-0.9657453850000001,-0.800989705,-0.6151477685
Non-centered,70,alpha[2],1.00103,1.00216,True,-0.9036133733174999,-1.024021675,-0.911516295,-0.7610876510000001
Non-centered,70,alpha[3],1.00103,1.00216,True,-0.9579048223575001,-1.0742726649999998,-0.959958335,-0.8375354655000001
Non-centered,70,alpha[4],1.00103,1.00216,True,-1.0658509935749998,-1.23349093,-1.0569743,-0.9253044060000001
Non-centered,70,alpha[5],1.00103,1.00216,True,-0.9755509177125,-1.101617235,-0.975696975,-0.852670344
Non-centered,70,alpha[6],1.00103,1.00216,True,-0.9827166303250001,-1.10372743,-0.9820217,-0.8635045610000001
Non-centered,70,alpha[7],1.00103,1.00216,True,-1.004908462055,-1.126165305,-1.0009706,-0.8910361325000001
Non-centered,70,alpha[8],1.00103,1.00216,True,-1.0677648004950002,-1.2536110299999998,-1.0581783,-0.920453521
Non-centered,70,alpha[9],1.00103,1.00216,True,-1.0027609399675,-1.1262394599999999,-1.0000311000000002,-0.8876431405
Non-centered,70,alpha[10],1.00103,1.00216,True,-1.066633352925,-1.250062085,-1.0551495499999999,-0.91872244
Non-centered,70,alpha[11],1.00103,1.00216,True,-1.019668217535,-1.144532465,-1.0167217,-0.9051299030000001
Non-centered,70,alpha[12],1.00103,1.00216,True,-1.0758031211924999,-1.26295377,-1.06484875,-0.9285967035
Non-centered,70,alpha[13],1.00103,1.00216,True,-0.9267066483974999,-1.05189748,-0.93018915,-0.7943857925
Non-centered,70,alpha[14],1.00103,1.00216,True,-1.0192204745625,-1.1688643699999999,-1.0119065,-0.8900996865
Non-centered,70,alpha[15],1.00103,1.00216,True,-1.0343871503199997,-1.19402842,-1.02569825,-0.9044094730000002
Non-centered,70,alpha[16],1.00103,1.00216,True,-0.9683168513125,-1.084844905,-0.968153125,-0.8498870620000001
Non-centered,70,alpha[17],1.00103,1.00216,True,-0.9094480932675,-1.0320076649999999,-0.91498433,-0.7705107675
Non-centered,70,alpha[18],1.00103,1.00216,True,-1.0983873048075,-1.33300237,-1.0787156,-0.9282873255
Non-centered,71,mu,1.00075,1.006,True,-0.993703724285,-1.06397345,-0.99218568,-0.9308826050000001
Non-centered,71,sigma,1.00075,1.006,True,0.116227540517045,0.032763597250000005,0.11299684,0.20811523099999998
Non-centered,71,alpha[1],1.00075,1.006,True,-0.798753385515,-0.968777146,-0.80069968,-0.616776858
Non-centered,71,alpha[2],1.00075,1.006,True,-0.9004313223024999,-1.02108091,-0.9059218,-0.759212134
Non-centered,71,alpha[3],1.00075,1.006,True,-0.9591440509075001,-1.071501955,-0.9601421649999999,-0.8405524885000001
Non-centered,71,alpha[4],1.00075,1.006,True,-1.0657667451449997,-1.23747023,-1.0580163,-0.9225131345
Non-centered,71,alpha[5],1.00075,1.006,True,-0.9763303640750001,-1.105201865,-0.9756422149999999,-0.8485247465000001
Non-centered,71,alpha[6],1.00075,1.006,True,-0.98376829545,-1.105859775,-0.9832913649999999,-0.862180533
Non-centered,71,alpha[7],1.00075,1.006,True,-1.0041201056825,-1.122851025,-1.0020440499999999,-0.8919370665
Non-centered,71,alpha[8],1.00075,1.006,True,-1.0672571918675,-1.2642440449999999,-1.0548009999999999,-0.9125032900000001
Non-centered,71,alpha[9],1.00075,1.006,True,-1.00263681495,-1.1230231949999998,-1.0002433499999999,-0.8867407670000003
Non-centered,71,alpha[10],1.00075,1.006,True,-1.0665322372675001,-1.2527040100000002,-1.0557302,-0.919528788
Non-centered,71,alpha[11],1.00075,1.006,True,-1.0196190710825,-1.14119626,-1.01548955,-0.905703099
Non-centered,71,alpha[12],1.00075,1.006,True,-1.07771495082,-1.2691528,-1.0670636500000001,-0.9227744855000001
Non-centered,71,alpha[13],1.00075,1.006,True,-0.9275391354025001,-1.052075465,-0.92992691,-0.7943523515
Non-centered,71,alpha[14],1.00075,1.006,True,-1.019354034195,-1.16570775,-1.01222425,-0.8892640650000001
Non-centered,71,alpha[15],1.00075,1.006,True,-1.0328071917150001,-1.18720245,-1.02526115,-0.9007469379999999
Non-centered,71,alpha[16],1.00075,1.006,True,-0.9673087681975001,-1.08334492,-0.9681762199999999,-0.8480965335000001
Non-centered,71,alpha[17],1.00075,1.006,True,-0.9100958753449999,-1.031464465,-0.916752875,-0.7669586165000001
Non-centered,71,alpha[18],1.00075,1.006,True,-1.1037460956125,-1.353316565,-1.0854305,-0.9257577750000001
Non-centered,72,mu,1.000845,1.00519,True,-0.9932881540075,-1.06103744,-0.992240605,-0.9320347545
Non-centered,72,sigma,1.000845,1.00519,True,0.11429162002172251,0.0295135659,0.111704735,0.2045326045
Non-centered,72,alpha[1],1.000845,1.00519,True,-0.8018002041675,-0.9754755855,-0.80521631,-0.6158252820000002
Non-centered,72,alpha[2],1.000845,1.00519,True,-0.9026014763325,-1.02643617,-0.909172635,-0.755483577
Non-centered,72,alpha[3],1.000845,1.00519,True,-0.95705076272,-1.0698658699999999,-0.958026195,-0.8411897580000001
Non-centered,72,alpha[4],1.000845,1.00519,True,-1.0632692185650001,-1.229461275,-1.0552665,-0.9270740895
Non-centered,72,alpha[5],1.000845,1.00519,True,-0.97568492457,-1.09749854,-0.975824995,-0.8496496555
Non-centered,72,alpha[6],1.000845,1.00519,True,-0.9827976915075001,-1.1041255300000001,-0.9822913600000001,-0.8646134320000001
Non-centered,72,alpha[7],1.000845,1.00519,True,-1.0024162481774999,-1.12026399,-0.999413275,-0.8925410110000002
Non-centered,72,alpha[8],1.000845,1.00519,True,-1.0668347382524999,-1.265549615,-1.053352,-0.913762802
Non-centered,72,alpha[9],1.000845,1.00519,True,-0.9993656321600001,-1.117691545,-0.999017805,-0.8819432645
Non-centered,72,alpha[10],1.000845,1.00519,True,-1.0649556110449998,-1.248916935,-1.05283575,-0.91710851
Non-centered,72,alpha[11],1.000845,1.00519,True,-1.0181910202225,-1.141663675,-1.0150236499999998,-0.9041299325
Non-centered,72,alpha[12],1.000845,1.00519,True,-1.0727279857174998,-1.260910715,-1.06198795,-0.923724555
Non-centered,72,alpha[13],1.000845,1.00519,True,-0.926611952105,-1.04590944,-0.9320538700000001,-0.7912892155000001
Non-centered,72,alpha[14],1.000845,1.00519,True,-1.017620057505,-1.16979712,-1.01092345,-0.8798649454999999
Non-centered,72,alpha[15],1.000845,1.00519,True,-1.0338744998000002,-1.19001969,-1.0261502500000002,-0.8989791240000001
Non-centered,72,alpha[16],1.000845,1.00519,True,-0.967273429935,-1.0802796399999999,-0.968022375,-0.8548278580000002
Non-centered,72,alpha[17],1.000845,1.00519,True,-0.91237003354,-1.032535105,-0.919644425,-0.7699146665
Non-centered,72,alpha[18],1.000845,1.00519,True,-1.0991461948025,-1.33745498,-1.0806035999999999,-0.9273012900000001
Non-centered,73,mu,1.000725,1.00341,True,-0.9933823414375,-1.063729565,-0.99145042,-0.9280512705
Non-centered,73,sigma,1.000725,1.00341,True,0.11508984812047,0.03313263885,0.112752045,0.2029824614999999
Non-centered,73,alpha[1],1.000725,1.00341,True,-0.79837682949,-0.9659458225,-0.8044300799999999,-0.6084634820000001
Non-centered,73,alpha[2],1.000725,1.00341,True,-0.90189548541,-1.027871395,-0.9058015150000001,-0.7618868430000001
Non-centered,73,alpha[3],1.000725,1.00341,True,-0.9582954178800001,-1.074203415,-0.960454905,-0.8397725525
Non-centered,73,alpha[4],1.000725,1.00341,True,-1.0652035389775,-1.234539195,-1.0570862,-0.923745168
Non-centered,73,alpha[5],1.000725,1.00341,True,-0.9739456181724999,-1.1035731050000002,-0.975266105,-0.8432003205
Non-centered,73,alpha[6],1.000725,1.00341,True,-0.9821685561950001,-1.103831735,-0.981431355,-0.8615878275
Non-centered,73,alpha[7],1.000725,1.00341,True,-1.002705297895,-1.118825795,-0.9995848300000001,-0.890853091
Non-centered,73,alpha[8],1.000725,1.00341,True,-1.0666558618125,-1.26053756,-1.0518637,-0.91318886
Non-centered,73,alpha[9],1.000725,1.00341,True,-1.001771707555,-1.12580369,-0.999635555,-0.8855017010000001
Non-centered,73,alpha[10],1.000725,1.00341,True,-1.0636977901025002,-1.242778125,-1.0538604500000002,-0.916189135
Non-centered,73,alpha[11],1.000725,1.00341,True,-1.018907562705,-1.14462689,-1.01624895,-0.9032650220000003
Non-centered,73,alpha[12],1.000725,1.00341,True,-1.07949367662,-1.273679395,-1.06629705,-0.9256349930000001
Non-centered,73,alpha[13],1.000725,1.00341,True,-0.9268501339375,-1.043769545,-0.932112315,-0.7917474510000001
Non-centered,73,alpha[14],1.000725,1.00341,True,-1.02060935278,-1.1750519000000001,-1.0138699,-0.884013952
Non-centered,73,alpha[15],1.000725,1.00341,True,-1.0350815756525,-1.194330455,-1.0274805,-0.9029467075000002
Non-centered,73,alpha[16],1.000725,1.00341,True,-0.9682707813275,-1.086260335,-0.9690896449999999,-0.8464654875000001
Non-centered,73,alpha[17],1.000725,1.00341,True,-0.9121704881925,-1.032423875,-0.91781471,-0.7716756595000002
Non-centered,73,alpha[18],1.000725,1.00341,True,-1.0931806091825,-1.3311467,-1.0761173,-0.9246313180000001
Non-centered,74,mu,1.0018699999999998,1.00985,True,-0.9912527761775,-1.0608134249999999,-0.9892468999999999,-0.928733086
Non-centered,74,sigma,1.0018699999999998,1.00985,True,0.11215718152134,0.029387852400000004,0.111054405,0.19447502649999998
Non-centered,74,alpha[1],1.0018699999999998,1.00985,True,-0.8035580386249999,-0.9700160505,-0.807525365,-0.6243580365000001
Non-centered,74,alpha[2],1.0018699999999998,1.00985,True,-0.9032623530374999,-1.0250115599999998,-0.9092821099999999,-0.7613255540000002
Non-centered,74,alpha[3],1.0018699999999998,1.00985,True,-0.9563840313224999,-1.06945451,-0.9595091,-0.8351390785
Non-centered,74,alpha[4],1.0018699999999998,1.00985,True,-1.0619388534425003,-1.22749882,-1.0533506,-0.9237941985
Non-centered,74,alpha[5],1.0018699999999998,1.00985,True,-0.9751235065225,-1.103047755,-0.975361095,-0.8474886925
Non-centered,74,alpha[6],1.0018699999999998,1.00985,True,-0.9797108384475,-1.099671,-0.978674235,-0.8581785625
Non-centered,74,alpha[7],1.0018699999999998,1.00985,True,-1.0025924836375,-1.12572663,-1.00040605,-0.8903110080000001
Non-centered,74,alpha[8],1.0018699999999998,1.00985,True,-1.0648586504875,-1.25705437,-1.0519197999999998,-0.914609778
Non-centered,74,alpha[9],1.0018699999999998,1.00985,True,-0.99994553845,-1.126680525,-0.997299895,-0.88319336
Non-centered,74,alpha[10],1.0018699999999998,1.00985,True,-1.060204008785,-1.24067727,-1.05106815,-0.915926557
Non-centered,74,alpha[11],1.0018699999999998,1.00985,True,-1.0177452215725,-1.13498454,-1.0145286,-0.9080838695
Non-centered,74,alpha[12],1.0018699999999998,1.00985,True,-1.0717135989475,-1.2621361500000001,-1.0613448,-0.9245336220000001
Non-centered,74,alpha[13],1.0018699999999998,1.00985,True,-0.9285727726874999,-1.0486282900000001,-0.93583711,-0.7865917645
Non-centered,74,alpha[14],1.0018699999999998,1.00985,True,-1.0173064944474999,-1.1685485199999999,-1.01131275,-0.8828882565
Non-centered,74,alpha[15],1.0018699999999998,1.00985,True,-1.0329420406475,-1.19333812,-1.02475885,-0.894155074
Non-centered,74,alpha[16],1.0018699999999998,1.00985,True,-0.96825495581,-1.0818629149999999,-0.9678293,-0.8544147970000001
Non-centered,74,alpha[17],1.0018699999999998,1.00985,True,-0.9118642334225,-1.032135555,-0.916947805,-0.770614271
Non-centered,74,alpha[18],1.0018699999999998,1.00985,True,-1.0923774353499998,-1.3138158750000002,-1.075188,-0.9210619265000001
Non-centered,75,mu,1.00052,1.00153,True,-0.9927715150424999,-1.063647415,-0.99097853,-0.9273720925
Non-centered,75,sigma,1.00052,1.00153,True,0.11695662872694175,0.0312278688,0.11468086999999999,0.20921433749999993
Non-centered,75,alpha[1],1.00052,1.00153,True,-0.7969013740074999,-0.9713884025,-0.798920085,-0.612194118
Non-centered,75,alpha[2],1.00052,1.00153,True,-0.9017924034425,-1.023902975,-0.906797285,-0.7574096960000001
Non-centered,75,alpha[3],1.00052,1.00153,True,-0.95816260154,-1.07379537,-0.959241705,-0.840828977
Non-centered,75,alpha[4],1.00052,1.00153,True,-1.063750130035,-1.22997198,-1.0572074,-0.9254504785000001
Non-centered,75,alpha[5],1.00052,1.00153,True,-0.975734182165,-1.096898415,-0.974736255,-0.85459611
Non-centered,75,alpha[6],1.00052,1.00153,True,-0.9824227668475001,-1.1059908250000001,-0.98258556,-0.857155879
Non-centered,75,alpha[7],1.00052,1.00153,True,-1.0039173477525,-1.1234500749999998,-1.0009649500000002,-0.8923313555000001
Non-centered,75,alpha[8],1.00052,1.00153,True,-1.0693607725074998,-1.268504785,-1.05471195,-0.913945558
Non-centered,75,alpha[9],1.00052,1.00153,True,-1.002400320315,-1.124665455,-0.9982268700000001,-0.8867444110000002
Non-centered,75,alpha[10],1.00052,1.00153,True,-1.0643521929075,-1.24570172,-1.0550283500000002,-0.915515409
Non-centered,75,alpha[11],1.00052,1.00153,True,-1.0180173511225001,-1.1400255099999999,-1.01451555,-0.903550628
Non-centered,75,alpha[12],1.00052,1.00153,True,-1.0780477259399999,-1.271324585,-1.06575965,-0.9271792695
Non-centered,75,alpha[13],1.00052,1.00153,True,-0.9259531267775001,-1.04325443,-0.93229962,-0.79062033
Non-centered,75,alpha[14],1.00052,1.00153,True,-1.0192706099175,-1.168648815,-1.0132769,-0.8866760850000002
Non-centered,75,alpha[15],1.00052,1.00153,True,-1.0334691314425,-1.19234142,-1.0254802,-0.8994223045
Non-centered,75,alpha[16],1.00052,1.00153,True,-0.968329617775,-1.083856805,-0.96799771,-0.8544160625000001
Non-centered,75,alpha[17],1.00052,1.00153,True,-0.90920727415,-1.0334791300000001,-0.913000485,-0.7723411565
Non-centered,75,alpha[18],1.00052,1.00153,True,-1.1001114554775,-1.3389729000000001,-1.0833537,-0.9251976224999999
Non-centered,76,mu,1.00116,1.00756,True,-0.9939431815574999,-1.06709744,-0.991882955,-0.9285461225
Non-centered,76,sigma,1.00116,1.00756,True,0.11343392351646998,0.0253829744,0.111095075,0.20477146149999997
Non-centered,76,alpha[1],1.00116,1.00756,True,-0.8036303870025,-0.976075748,-0.80662715,-0.615822018
Non-centered,76,alpha[2],1.00116,1.00756,True,-0.9041170383999999,-1.0219693600000002,-0.9113525,-0.7604663115000001
Non-centered,76,alpha[3],1.00116,1.00756,True,-0.958218931545,-1.075011215,-0.9612744900000001,-0.8354365775
Non-centered,76,alpha[4],1.00116,1.00756,True,-1.0626434824575,-1.234217925,-1.0520616500000002,-0.9262414545000001
Non-centered,76,alpha[5],1.00116,1.00756,True,-0.97736369682,-1.103082345,-0.9777086399999999,-0.848677668
Non-centered,76,alpha[6],1.00116,1.00756,True,-0.9809670027625,-1.1050486,-0.980780575,-0.8600435455000001
Non-centered,76,alpha[7],1.00116,1.00756,True,-1.003180276325,-1.123612305,-1.0013423499999998,-0.8899379865000001
Non-centered,76,alpha[8],1.00116,1.00756,True,-1.0639517730249999,-1.26201246,-1.0480920500000002,-0.9147355945
Non-centered,76,alpha[9],1.00116,1.00756,True,-1.0007353268224999,-1.1260999250000001,-0.99830389,-0.8800987570000001
Non-centered,76,alpha[10],1.00116,1.00756,True,-1.063458783975,-1.25085219,-1.0526947500000001,-0.9144476220000001
Non-centered,76,alpha[11],1.00116,1.00756,True,-1.0162008461425,-1.14074381,-1.0124969,-0.904639262
Non-centered,76,alpha[12],1.00116,1.00756,True,-1.0738592004775,-1.2633800149999999,-1.0601285,-0.9248584990000001
Non-centered,76,alpha[13],1.00116,1.00756,True,-0.9276541052225,-1.04201429,-0.93279662,-0.7958635615
Non-centered,76,alpha[14],1.00116,1.00756,True,-1.0211500188475,-1.17550489,-1.0123465,-0.8884248905000001
Non-centered,76,alpha[15],1.00116,1.00756,True,-1.0322701665425003,-1.192953395,-1.0242432,-0.8976797950000001
Non-centered,76,alpha[16],1.00116,1.00756,True,-0.9687611343625,-1.07636686,-0.97009263,-0.854087656
Non-centered,76,alpha[17],1.00116,1.00756,True,-0.9130189361200001,-1.033535475,-0.9211130249999999,-0.7733856714999999
Non-centered,76,alpha[18],1.00116,1.00756,True,-1.099174782195,-1.34599317,-1.07920165,-0.9277695725
Non-centered,77,mu,1.00078,1.00345,True,-0.9922892994575,-1.065919045,-0.9903202799999999,-0.9263035260000001
Non-centered,77,sigma,1.00078,1.00345,True,0.11170474024037,0.0250452411,0.11016601,0.1988359755
Non-centered,77,alpha[1],1.00078,1.00345,True,-0.8053490463949999,-0.976329315,-0.80808111,-0.622668684
Non-centered,77,alpha[2],1.00078,1.00345,True,-0.904388894605,-1.027559485,-0.91032543,-0.7600377355000001
Non-centered,77,alpha[3],1.00078,1.00345,True,-0.958568238025,-1.07509319,-0.962060325,-0.8372449715000001
Non-centered,77,alpha[4],1.00078,1.00345,True,-1.0603731587825,-1.225314555,-1.0499614,-0.9278945715000001
Non-centered,77,alpha[5],1.00078,1.00345,True,-0.974398531415,-1.1000886449999998,-0.9744934199999999,-0.8498760705
Non-centered,77,alpha[6],1.00078,1.00345,True,-0.98120701612,-1.103632285,-0.9794507800000001,-0.8627397470000001
Non-centered,77,alpha[7],1.00078,1.00345,True,-1.0025252443250001,-1.11831632,-0.999856155,-0.895041755
Non-centered,77,alpha[8],1.00078,1.00345,True,-1.0645850485175001,-1.252319875,-1.0538227500000001,-0.9140789365
Non-centered,77,alpha[9],1.00078,1.00345,True,-1.002236392625,-1.121990085,-0.999513195,-0.8887975810000001
Non-centered,77,alpha[10],1.00078,1.00345,True,-1.0618468780975,-1.24220325,-1.054054,-0.916253708
Non-centered,77,alpha[11],1.00078,1.00345,True,-1.01741632362,-1.144183545,-1.01367615,-0.9006744065000001
Non-centered,77,alpha[12],1.00078,1.00345,True,-1.07259483565,-1.2667054,-1.0591498,-0.9227086965
Non-centered,77,alpha[13],1.00078,1.00345,True,-0.9276236721300001,-1.04632413,-0.932451155,-0.7958645860000001
Non-centered,77,alpha[14],1.00078,1.00345,True,-1.018220809335,-1.1685775,-1.0123139,-0.8836068105
Non-centered,77,alpha[15],1.00078,1.00345,True,-1.0340564986724998,-1.1949250699999998,-1.0266263,-0.8991422220000002
Non-centered,77,alpha[16],1.00078,1.00345,True,-0.9697559840075001,-1.083479355,-0.9717985600000001,-0.8530855414999999
Non-centered,77,alpha[17],1.00078,1.00345,True,-0.913622184095,-1.034429265,-0.92040847,-0.7740334025000001
Non-centered,77,alpha[18],1.00078,1.00345,True,-1.0930015898224998,-1.338831795,-1.07419,-0.921766787
Non-centered,78,mu,1.0010949999999998,1.00375,True,-0.99196886521,-1.0606599099999998,-0.990271065,-0.929847097
Non-centered,78,sigma,1.0010949999999998,1.00375,True,0.11388008276610777,0.0283158696,0.11141296,0.20545271199999998
Non-centered,78,alpha[1],1.0010949999999998,1.00375,True,-0.80214686866,-0.9742691075,-0.804234555,-0.620082351
Non-centered,78,alpha[2],1.0010949999999998,1.00375,True,-0.9031305171399999,-1.02293532,-0.9081362799999999,-0.7599914720000001
Non-centered,78,alpha[3],1.0010949999999998,1.00375,True,-0.9578355073425,-1.0747806800000002,-0.959237085,-0.8385938765000001
Non-centered,78,alpha[4],1.0010949999999998,1.00375,True,-1.063829640965,-1.237153505,-1.0564166,-0.928018198
Non-centered,78,alpha[5],1.0010949999999998,1.00375,True,-0.9760671891974999,-1.099798825,-0.9761339899999999,-0.8511365265
Non-centered,78,alpha[6],1.0010949999999998,1.00375,True,-0.9819854610425,-1.1086193999999998,-0.98068471,-0.8555985865
Non-centered,78,alpha[7],1.0010949999999998,1.00375,True,-1.00358674505,-1.120696655,-1.00116445,-0.8922136445
Non-centered,78,alpha[8],1.0010949999999998,1.00375,True,-1.06606297632,-1.2652640400000001,-1.05242755,-0.9124994070000001
Non-centered,78,alpha[9],1.0010949999999998,1.00375,True,-1.00287076685,-1.120542665,-0.9990614600000001,-0.8898468360000001
Non-centered,78,alpha[10],1.0010949999999998,1.00375,True,-1.06259262011,-1.24032855,-1.05258845,-0.9155213555
Non-centered,78,alpha[11],1.0010949999999998,1.00375,True,-1.0185609257875001,-1.143354645,-1.01428015,-0.906141762
Non-centered,78,alpha[12],1.0010949999999998,1.00375,True,-1.075209583755,-1.26413516,-1.0630449,-0.9302536325
Non-centered,78,alpha[13],1.0010949999999998,1.00375,True,-0.92728484775,-1.04806411,-0.9318600699999999,-0.7959697745000001
Non-centered,78,alpha[14],1.0010949999999998,1.00375,True,-1.0179022267275,-1.167069635,-1.01108815,-0.8865789030000001
Non-centered,78,alpha[15],1.0010949999999998,1.00375,True,-1.0342449195624999,-1.1950010149999999,-1.0247152000000002,-0.8997054165
Non-centered,78,alpha[16],1.0010949999999998,1.00375,True,-0.9675854574499999,-1.080840955,-0.969502205,-0.8482946775
Non-centered,78,alpha[17],1.0010949999999998,1.00375,True,-0.9129739332425,-1.034527285,-0.920349865,-0.7774451935
Non-centered,78,alpha[18],1.0010949999999998,1.00375,True,-1.0955174015625002,-1.329088165,-1.0743404,-0.928351955
Non-centered,79,mu,1.000635,1.00273,True,-0.9933663990025,-1.065334025,-0.9910097600000001,-0.9313099825000001
Non-centered,79,sigma,1.000635,1.00273,True,0.11465176910558751,0.03158260845,0.11186317500000001,0.20407936749999997
Non-centered,79,alpha[1],1.000635,1.00273,True,-0.801157962405,-0.9719226765,-0.804261795,-0.6198813915000002
Non-centered,79,alpha[2],1.000635,1.00273,True,-0.9021242030900001,-1.026298485,-0.908369125,-0.7616568100000002
Non-centered,79,alpha[3],1.000635,1.00273,True,-0.957572881865,-1.0687920499999999,-0.95960603,-0.8413247935000001
Non-centered,79,alpha[4],1.000635,1.00273,True,-1.0644642977825,-1.24332668,-1.05493145,-0.9228256800000001
Non-centered,79,alpha[5],1.000635,1.00273,True,-0.9763910430675,-1.100255385,-0.9775514000000001,-0.853869193
Non-centered,79,alpha[6],1.000635,1.00273,True,-0.98356886397,-1.10592864,-0.98152663,-0.8646792875000001
Non-centered,79,alpha[7],1.000635,1.00273,True,-1.0034084629325,-1.121672425,-1.0005878,-0.8910578305
Non-centered,79,alpha[8],1.000635,1.00273,True,-1.0673937951899999,-1.26054747,-1.05445655,-0.916738326
Non-centered,79,alpha[9],1.000635,1.00273,True,-1.0021695926924998,-1.1262931950000001,-1.0001813,-0.8856339055000002
Non-centered,79,alpha[10],1.000635,1.00273,True,-1.0649372253675,-1.24713027,-1.05351485,-0.9193961370000001
Non-centered,79,alpha[11],1.000635,1.00273,True,-1.0178918569925,-1.141936145,-1.0130225,-0.9030069885
Non-centered,79,alpha[12],1.000635,1.00273,True,-1.0762920213500002,-1.269963425,-1.06476185,-0.923116143
Non-centered,79,alpha[13],1.000635,1.00273,True,-0.9258079558,-1.049318545,-0.930825655,-0.7877870570000001
Non-centered,79,alpha[14],1.000635,1.00273,True,-1.0196339052225,-1.171871045,-1.0143282999999998,-0.8824973405000001
Non-centered,79,alpha[15],1.000635,1.00273,True,-1.0335696566675,-1.192734145,-1.0260417,-0.8960955765
Non-centered,79,alpha[16],1.000635,1.00273,True,-0.9685984696575,-1.07953832,-0.97056807,-0.855171169
Non-centered,79,alpha[17],1.000635,1.00273,True,-0.912955308655,-1.03331232,-0.91862588,-0.774359565
Non-centered,79,alpha[18],1.000635,1.00273,True,-1.0995540641525,-1.3414010250000001,-1.0806292,-0.9257030295000002
Non-centered,80,mu,1.00101,1.00649,True,-0.991852732235,-1.0617449399999999,-0.9898108,-0.9283427545
Non-centered,80,sigma,1.00101,1.00649,True,0.113097281167945,0.02848472525,0.11197182,0.1997001845
Non-centered,80,alpha[1],1.00101,1.00649,True,-0.8030802907050001,-0.972041376,-0.8049948,-0.6212562115000001
Non-centered,80,alpha[2],1.00101,1.00649,True,-0.902992021365,-1.0324319199999998,-0.908202145,-0.758318539
Non-centered,80,alpha[3],1.00101,1.00649,True,-0.9589567659424999,-1.0779079200000001,-0.959592865,-0.8360248370000001
Non-centered,80,alpha[4],1.00101,1.00649,True,-1.0617526596975,-1.230430505,-1.05134835,-0.9250491985
Non-centered,80,alpha[5],1.00101,1.00649,True,-0.9758361857900001,-1.101569185,-0.9759101649999999,-0.8478758285
Non-centered,80,alpha[6],1.00101,1.00649,True,-0.9829405541000001,-1.1099426749999999,-0.9822100149999999,-0.8557436115000001
Non-centered,80,alpha[7],1.00101,1.00649,True,-1.0027574061125,-1.1229473349999999,-1.0003848999999998,-0.8897432750000001
Non-centered,80,alpha[8],1.00101,1.00649,True,-1.0672524718025,-1.2659858499999999,-1.053982,-0.9135202350000001
Non-centered,80,alpha[9],1.00101,1.00649,True,-0.9998416418199999,-1.11788423,-0.99768637,-0.885810526
Non-centered,80,alpha[10],1.00101,1.00649,True,-1.0600143643,-1.2430413850000002,-1.0489925,-0.9155905880000001
Non-centered,80,alpha[11],1.00101,1.00649,True,-1.017529704905,-1.14406456,-1.01319725,-0.9048533890000001
Non-centered,80,alpha[12],1.00101,1.00649,True,-1.073804821275,-1.268535655,-1.06257445,-0.9254517395
Non-centered,80,alpha[13],1.00101,1.00649,True,-0.9276340564975001,-1.050425695,-0.9332487,-0.7939982790000001
Non-centered,80,alpha[14],1.00101,1.00649,True,-1.0175439671575,-1.1619974,-1.012326,-0.8859422650000001
Non-centered,80,alpha[15],1.00101,1.00649,True,-1.0318258247825,-1.18638017,-1.0242391,-0.8933555660000001
Non-centered,80,alpha[16],1.00101,1.00649,True,-0.97030726421,-1.08510987,-0.9712610100000001,-0.8514821710000001
Non-centered,80,alpha[17],1.00101,1.00649,True,-0.9121987665975,-1.038747015,-0.91761805,-0.7657968525000001
Non-centered,80,alpha[18],1.00101,1.00649,True,-1.0929267148625,-1.3163669450000002,-1.0754857000000002,-0.9219183700000001
Non-centered,81,mu,1.0011700000000001,1.0084,True,-0.9933759730925,-1.06282268,-0.9920401000000001,-0.928956816
Non-centered,81,sigma,1.0011700000000001,1.0084,True,0.1130470962033635,0.0305523561,0.112227435,0.19899936349999997
Non-centered,81,alpha[1],1.0011700000000001,1.0084,True,-0.80121123317,-0.974971817,-0.80379478,-0.6199866810000001
Non-centered,81,alpha[2],1.0011700000000001,1.0084,True,-0.903089717995,-1.027677755,-0.9077208,-0.7657963520000002
Non-centered,81,alpha[3],1.0011700000000001,1.0084,True,-0.9568138524224999,-1.070295,-0.958595675,-0.836051751
Non-centered,81,alpha[4],1.0011700000000001,1.0084,True,-1.0621816284424999,-1.22860883,-1.0540122,-0.925265167
Non-centered,81,alpha[5],1.0011700000000001,1.0084,True,-0.9767975441425,-1.09963055,-0.97783177,-0.8543465990000002
Non-centered,81,alpha[6],1.0011700000000001,1.0084,True,-0.981778919395,-1.1035714,-0.981073175,-0.8579534225000001
Non-centered,81,alpha[7],1.0011700000000001,1.0084,True,-1.00178525136,-1.119291245,-0.99894229,-0.890564427
Non-centered,81,alpha[8],1.0011700000000001,1.0084,True,-1.0658779911649998,-1.25855116,-1.05317655,-0.9139168320000001
Non-centered,81,alpha[9],1.0011700000000001,1.0084,True,-1.0032902302,-1.127908565,-1.00120415,-0.887658605
Non-centered,81,alpha[10],1.0011700000000001,1.0084,True,-1.0632628063974998,-1.250510335,-1.051658,-0.9125999265
Non-centered,81,alpha[11],1.0011700000000001,1.0084,True,-1.0181993948624999,-1.144029945,-1.0129244,-0.903482068
Non-centered,81,alpha[12],1.0011700000000001,1.0084,True,-1.07392577816,-1.26012263,-1.0624240999999999,-0.9244645775000001
Non-centered,81,alpha[13],1.0011700000000001,1.0084,True,-0.92713014289,-1.04582292,-0.93359687,-0.7900249189999999
Non-centered,81,alpha[14],1.0011700000000001,1.0084,True,-1.018091773645,-1.17304285,-1.0127891,-0.8785685839999999
Non-centered,81,alpha[15],1.0011700000000001,1.0084,True,-1.033670924735,-1.194371565,-1.02495495,-0.902269618
Non-centered,81,alpha[16],1.0011700000000001,1.0084,True,-0.9672519538250001,-1.078552985,-0.9679181299999999,-0.85321743
Non-centered,81,alpha[17],1.0011700000000001,1.0084,True,-0.9114338941275,-1.0339165000000001,-0.9169339,-0.7734530015000001
Non-centered,81,alpha[18],1.0011700000000001,1.0084,True,-1.0938954609625,-1.333225485,-1.0762914000000001,-0.924223715
Non-centered,82,mu,1.000515,1.00308,True,-0.993491307445,-1.0655602350000002,-0.99067587,-0.9285236470000001
Non-centered,82,sigma,1.000515,1.00308,True,0.117645613460592,0.02933588805,0.11561041999999999,0.20885733199999995
Non-centered,82,alpha[1],1.000515,1.00308,True,-0.7969098637175,-0.971832222,-0.798091385,-0.619779649
Non-centered,82,alpha[2],1.000515,1.00308,True,-0.89955064871,-1.02402369,-0.904385295,-0.7570555935000001
Non-centered,82,alpha[3],1.000515,1.00308,True,-0.9576222534775,-1.0743792399999998,-0.958829765,-0.8351395905
Non-centered,82,alpha[4],1.000515,1.00308,True,-1.0667187794975002,-1.234012345,-1.05734885,-0.9262171440000001
Non-centered,82,alpha[5],1.000515,1.00308,True,-0.975996078895,-1.099447785,-0.9764362950000001,-0.8495656745
Non-centered,82,alpha[6],1.000515,1.00308,True,-0.9826013276050001,-1.104851465,-0.982593185,-0.8607876450000002
Non-centered,82,alpha[7],1.000515,1.00308,True,-1.0033785385624998,-1.122369545,-1.00071825,-0.8954684800000001
Non-centered,82,alpha[8],1.000515,1.00308,True,-1.071628077845,-1.274396255,-1.0579485499999999,-0.919915568
Non-centered,82,alpha[9],1.000515,1.00308,True,-1.0028206493225,-1.1271915399999999,-0.998677555,-0.8870431755
Non-centered,82,alpha[10],1.000515,1.00308,True,-1.0669155319149999,-1.24668878,-1.05776805,-0.9191289355000002
Non-centered,82,alpha[11],1.000515,1.00308,True,-1.0206385520425,-1.148724435,-1.0164727500000001,-0.9101970310000002
Non-centered,82,alpha[12],1.000515,1.00308,True,-1.080326207645,-1.2743216499999999,-1.06886875,-0.928634688
Non-centered,82,alpha[13],1.000515,1.00308,True,-0.9269499594650001,-1.05242053,-0.93079534,-0.7917596244999999
Non-centered,82,alpha[14],1.000515,1.00308,True,-1.0218562401175,-1.17628862,-1.0162702,-0.887094979
Non-centered,82,alpha[15],1.000515,1.00308,True,-1.0350959517725,-1.20039678,-1.026351,-0.9014319475
Non-centered,82,alpha[16],1.000515,1.00308,True,-0.9686514092625,-1.0877003349999999,-0.9704509400000001,-0.8464540105
Non-centered,82,alpha[17],1.000515,1.00308,True,-0.9115250656825,-1.032171155,-0.918329465,-0.765356962
Non-centered,82,alpha[18],1.000515,1.00308,True,-1.1025381956675,-1.33950057,-1.0858663499999999,-0.926560041
Non-centered,83,mu,1.000505,1.0041,True,-0.9927085098025,-1.063440665,-0.99148032,-0.9267420605
Non-centered,83,sigma,1.000505,1.0041,True,0.11672148103889525,0.037104294200000006,0.114275695,0.20872739799999998
Non-centered,83,alpha[1],1.000505,1.0041,True,-0.7968731134325,-0.9630913225000001,-0.79862637,-0.6219185425000001
Non-centered,83,alpha[2],1.000505,1.0041,True,-0.900065086445,-1.02246659,-0.9048299900000001,-0.7614956840000002
Non-centered,83,alpha[3],1.000505,1.0041,True,-0.9577947844324999,-1.0708336,-0.9595953,-0.840270316
Non-centered,83,alpha[4],1.000505,1.0041,True,-1.0652624003525,-1.23812226,-1.0567081,-0.9223997650000002
Non-centered,83,alpha[5],1.000505,1.0041,True,-0.9759379304849999,-1.1044419300000001,-0.97707026,-0.8478763615000001
Non-centered,83,alpha[6],1.000505,1.0041,True,-0.9830313498625001,-1.10361649,-0.98349303,-0.8623166210000001
Non-centered,83,alpha[7],1.000505,1.0041,True,-1.0038450738674998,-1.1226421450000001,-1.0013835,-0.893641143
Non-centered,83,alpha[8],1.000505,1.0041,True,-1.067752192425,-1.2572340199999998,-1.05575755,-0.9134713520000001
Non-centered,83,alpha[9],1.000505,1.0041,True,-1.0025102948825,-1.1280464000000001,-0.9995617800000001,-0.882323041
Non-centered,83,alpha[10],1.000505,1.0041,True,-1.0679056975875,-1.2540645449999999,-1.05555425,-0.9223209195000001
Non-centered,83,alpha[11],1.000505,1.0041,True,-1.021335948755,-1.15009404,-1.0167385,-0.9075198580000001
Non-centered,83,alpha[12],1.000505,1.0041,True,-1.0767078801050003,-1.2575898799999998,-1.0657426,-0.9277015335000001
Non-centered,83,alpha[13],1.000505,1.0041,True,-0.9269151075975001,-1.0476904900000001,-0.931627325,-0.7958949070000001
Non-centered,83,alpha[14],1.000505,1.0041,True,-1.0195107022675,-1.167182015,-1.01337415,-0.886401733
Non-centered,83,alpha[15],1.000505,1.0041,True,-1.03314618486,-1.187911655,-1.0266848,-0.8972161305
Non-centered,83,alpha[16],1.000505,1.0041,True,-0.96854481818,-1.0873378249999999,-0.968745855,-0.8512796610000001
Non-centered,83,alpha[17],1.000505,1.0041,True,-0.91136237486,-1.034286385,-0.91910105,-0.768700493
Non-centered,83,alpha[18],1.000505,1.0041,True,-1.099585007065,-1.3303765650000001,-1.0802629499999998,-0.930343565
Non-centered,84,mu,1.0006300000000001,1.00407,True,-0.99194825343,-1.06047855,-0.9908941200000001,-0.9294085315
Non-centered,84,sigma,1.0006300000000001,1.00407,True,0.1132893029825475,0.029794011850000003,0.11126525000000001,0.19962014999999997
Non-centered,84,alpha[1],1.0006300000000001,1.00407,True,-0.8000935489325,-0.9709833825,-0.80189626,-0.6147256385000001
Non-centered,84,alpha[2],1.0006300000000001,1.00407,True,-0.90237021208,-1.0202508399999999,-0.91017572,-0.7604083580000001
Non-centered,84,alpha[3],1.0006300000000001,1.00407,True,-0.9575960909200001,-1.07355211,-0.959793345,-0.8346557965
Non-centered,84,alpha[4],1.0006300000000001,1.00407,True,-1.061427366205,-1.2351455500000001,-1.05265325,-0.9231221905
Non-centered,84,alpha[5],1.0006300000000001,1.00407,True,-0.9767911575975001,-1.098669585,-0.9772660950000001,-0.8543261585000002
Non-centered,84,alpha[6],1.0006300000000001,1.00407,True,-0.9837073000150001,-1.10571826,-0.9830254199999999,-0.86187155
Non-centered,84,alpha[7],1.0006300000000001,1.00407,True,-1.003397512875,-1.129371945,-1.0010094,-0.887208574
Non-centered,84,alpha[8],1.0006300000000001,1.00407,True,-1.06597125897,-1.26100776,-1.05333655,-0.9149341114999999
Non-centered,84,alpha[9],1.0006300000000001,1.00407,True,-1.00288402594,-1.126883785,-0.999947835,-0.8871195295000001
Non-centered,84,alpha[10],1.0006300000000001,1.00407,True,-1.0619900833699998,-1.23665826,-1.05186665,-0.9186438815000001
Non-centered,84,alpha[11],1.0006300000000001,1.00407,True,-1.019694245565,-1.1463504,-1.0163139,-0.9086295460000001
Non-centered,84,alpha[12],1.0006300000000001,1.00407,True,-1.0734022964925,-1.2570309100000001,-1.0604277500000001,-0.9222144120000001
Non-centered,84,alpha[13],1.0006300000000001,1.00407,True,-0.9295476372075,-1.0504975749999999,-0.933525775,-0.7962330740000001
Non-centered,84,alpha[14],1.0006300000000001,1.00407,True,-1.017176352825,-1.16496765,-1.0095228,-0.8855969570000001
Non-centered,84,alpha[15],1.0006300000000001,1.00407,True,-1.033705745855,-1.19183075,-1.02715395,-0.894716092
Non-centered,84,alpha[16],1.0006300000000001,1.00407,True,-0.9691739430774999,-1.083362095,-0.968500515,-0.8591702990000001
Non-centered,84,alpha[17],1.0006300000000001,1.00407,True,-0.91413982059,-1.0388348649999999,-0.9207845,-0.7729792975
Non-centered,84,alpha[18],1.0006300000000001,1.00407,True,-1.0950596749625001,-1.3268913949999999,-1.07874675,-0.928250609
Non-centered,85,mu,1.001075,1.00411,True,-0.9917234363924999,-1.06325031,-0.989348915,-0.9286391275
Non-centered,85,sigma,1.001075,1.00411,True,0.11256094443011526,0.03012805965,0.11059142,0.19994137849999996
Non-centered,85,alpha[1],1.001075,1.00411,True,-0.8035495503750001,-0.9699470305,-0.8061369549999999,-0.6240371995
Non-centered,85,alpha[2],1.001075,1.00411,True,-0.9023235089625,-1.025003075,-0.9087803649999999,-0.759689524
Non-centered,85,alpha[3],1.001075,1.00411,True,-0.9591218720075001,-1.07239298,-0.9610697349999999,-0.83962201
Non-centered,85,alpha[4],1.001075,1.00411,True,-1.062687398625,-1.225586545,-1.0518741,-0.9279160895
Non-centered,85,alpha[5],1.001075,1.00411,True,-0.976594185495,-1.1085458199999998,-0.9769183800000001,-0.8503091565
Non-centered,85,alpha[6],1.001075,1.00411,True,-0.981011967065,-1.104839205,-0.980107155,-0.8612128415000002
Non-centered,85,alpha[7],1.001075,1.00411,True,-1.00336045807,-1.1230217,-0.999675825,-0.89349804
Non-centered,85,alpha[8],1.001075,1.00411,True,-1.0639868973900002,-1.270282185,-1.0485365999999998,-0.9042414855
Non-centered,85,alpha[9],1.001075,1.00411,True,-1.0038332396375,-1.132003965,-1.000418,-0.8864832055
Non-centered,85,alpha[10],1.001075,1.00411,True,-1.0620429278225,-1.238953905,-1.0500183,-0.923594077
Non-centered,85,alpha[11],1.001075,1.00411,True,-1.0156693566525001,-1.138872065,-1.0118483999999999,-0.90151461
Non-centered,85,alpha[12],1.001075,1.00411,True,-1.0736912152,-1.264252495,-1.06039865,-0.925210187
Non-centered,85,alpha[13],1.001075,1.00411,True,-0.9259809668725,-1.042633835,-0.93095554,-0.795013025
Non-centered,85,alpha[14],1.001075,1.00411,True,-1.01893500571,-1.1693021049999999,-1.01149075,-0.8842613875
Non-centered,85,alpha[15],1.001075,1.00411,True,-1.034637562865,-1.19160263,-1.0273607999999999,-0.9045933145
Non-centered,85,alpha[16],1.001075,1.00411,True,-0.9688871642025,-1.08615886,-0.96774496,-0.8503879885
Non-centered,85,alpha[17],1.001075,1.00411,True,-0.9132179641575001,-1.0306320599999998,-0.91992481,-0.7751603255
Non-centered,85,alpha[18],1.001075,1.00411,True,-1.0918005457675,-1.3164829,-1.07252565,-0.9205169915
Non-centered,86,mu,1.0007199999999998,1.00533,True,-0.9927751114775001,-1.064262415,-0.991047715,-0.9290995055
Non-centered,86,sigma,1.0007199999999998,1.00533,True,0.1143788089599,0.030775166200000002,0.112773505,0.201675774
Non-centered,86,alpha[1],1.0007199999999998,1.00533,True,-0.8012752762475,-0.9666230375,-0.805551195,-0.6223508435
Non-centered,86,alpha[2],1.0007199999999998,1.00533,True,-0.902878502045,-1.028797255,-0.907803575,-0.7616925840000001
Non-centered,86,alpha[3],1.0007199999999998,1.00533,True,-0.957073167635,-1.06911341,-0.95965072,-0.839339597
Non-centered,86,alpha[4],1.0007199999999998,1.00533,True,-1.0641092220275,-1.227365815,-1.0557767999999998,-0.9235051165000001
Non-centered,86,alpha[5],1.0007199999999998,1.00533,True,-0.9765999942475,-1.10066373,-0.97688836,-0.8504846580000002
Non-centered,86,alpha[6],1.0007199999999998,1.00533,True,-0.982559049085,-1.1059225,-0.982633665,-0.862437495
Non-centered,86,alpha[7],1.0007199999999998,1.00533,True,-1.0046902368875,-1.1272941650000001,-1.0010546,-0.889016035
Non-centered,86,alpha[8],1.0007199999999998,1.00533,True,-1.0668183238400002,-1.263839645,-1.0547222,-0.9138085695
Non-centered,86,alpha[9],1.0007199999999998,1.00533,True,-1.00291624654,-1.1254690600000001,-1.0001188,-0.8881524725000001
Non-centered,86,alpha[10],1.0007199999999998,1.00533,True,-1.063018210545,-1.245021005,-1.0524905,-0.9176518435000001
Non-centered,86,alpha[11],1.0007199999999998,1.00533,True,-1.0194738171700002,-1.1430585,-1.01556435,-0.9045869905
Non-centered,86,alpha[12],1.0007199999999998,1.00533,True,-1.0757980052075002,-1.26742637,-1.0640144999999999,-0.925089823
Non-centered,86,alpha[13],1.0007199999999998,1.00533,True,-0.9269904345725002,-1.051270055,-0.9328493250000001,-0.7899830965000001
Non-centered,86,alpha[14],1.0007199999999998,1.00533,True,-1.0190555852825,-1.172168085,-1.01356525,-0.8866710035000002
Non-centered,86,alpha[15],1.0007199999999998,1.00533,True,-1.033698097615,-1.18811697,-1.02716885,-0.897793096
Non-centered,86,alpha[16],1.0007199999999998,1.00533,True,-0.9685926028725,-1.089907405,-0.9697846000000001,-0.8465218095000001
Non-centered,86,alpha[17],1.0007199999999998,1.00533,True,-0.9116337839,-1.03116797,-0.91675924,-0.7679933580000001
Non-centered,86,alpha[18],1.0007199999999998,1.00533,True,-1.0994602861675,-1.3394659299999998,-1.08163385,-0.9221017665000001
Non-centered,87,mu,1.00086,1.00672,True,-0.9924284668625001,-1.0642755400000001,-0.990819235,-0.926387473
Non-centered,87,sigma,1.00086,1.00672,True,0.1158473158308625,0.03116509255000001,0.11425210499999999,0.20774043499999992
Non-centered,87,alpha[1],1.00086,1.00672,True,-0.797752479615,-0.9736399195,-0.7987219649999999,-0.6166101855
Non-centered,87,alpha[2],1.00086,1.00672,True,-0.902493486445,-1.024563385,-0.9088462850000001,-0.7621206835000001
Non-centered,87,alpha[3],1.00086,1.00672,True,-0.9581182079675,-1.073623365,-0.96043313,-0.8343420880000001
Non-centered,87,alpha[4],1.00086,1.00672,True,-1.0651108722899998,-1.236357475,-1.0561007999999998,-0.9249719820000001
Non-centered,87,alpha[5],1.00086,1.00672,True,-0.9774729334050001,-1.1053955199999999,-0.9766139549999999,-0.8539992555000001
Non-centered,87,alpha[6],1.00086,1.00672,True,-0.9812810080975001,-1.104979055,-0.98101066,-0.858594158
Non-centered,87,alpha[7],1.00086,1.00672,True,-1.0043559277024998,-1.11609107,-1.0017359,-0.8964208025000001
Non-centered,87,alpha[8],1.00086,1.00672,True,-1.069217002555,-1.27110854,-1.0530447500000002,-0.9132152625000001
Non-centered,87,alpha[9],1.00086,1.00672,True,-1.001634966355,-1.1278532449999998,-0.997097745,-0.8868375390000001
Non-centered,87,alpha[10],1.00086,1.00672,True,-1.0657160449475,-1.24117543,-1.05706265,-0.916344371
Non-centered,87,alpha[11],1.00086,1.00672,True,-1.019210422785,-1.15119706,-1.0134083999999999,-0.9028429775
Non-centered,87,alpha[12],1.00086,1.00672,True,-1.0763533104475,-1.265763575,-1.0671371,-0.9267843585000001
Non-centered,87,alpha[13],1.00086,1.00672,True,-0.9263773051724999,-1.0479107,-0.930831195,-0.7907067960000002
Non-centered,87,alpha[14],1.00086,1.00672,True,-1.01838274798,-1.164813615,-1.0133927,-0.887399097
Non-centered,87,alpha[15],1.00086,1.00672,True,-1.0339432350425,-1.19380541,-1.0268057,-0.894800357
Non-centered,87,alpha[16],1.00086,1.00672,True,-0.9676317033274999,-1.082459255,-0.9676462100000001,-0.85472149
Non-centered,87,alpha[17],1.00086,1.00672,True,-0.9104149470649999,-1.029493095,-0.91732941,-0.7700758820000002
Non-centered,87,alpha[18],1.00086,1.00672,True,-1.1010458557725,-1.34719459,-1.0803118,-0.9233615975000001
Non-centered,88,mu,1.0008050000000002,1.00308,True,-0.99275855634,-1.063030425,-0.98984907,-0.928855001
Non-centered,88,sigma,1.0008050000000002,1.00308,True,0.114843490494815,0.03364957635,0.110460955,0.2042358795
Non-centered,88,alpha[1],1.0008050000000002,1.00308,True,-0.8009593161625,-0.9659679204999999,-0.80409252,-0.6182399985
Non-centered,88,alpha[2],1.0008050000000002,1.00308,True,-0.90301861021,-1.02696983,-0.9091145949999999,-0.7619476555
Non-centered,88,alpha[3],1.0008050000000002,1.00308,True,-0.958401925015,-1.074106575,-0.96031792,-0.8372230880000001
Non-centered,88,alpha[4],1.0008050000000002,1.00308,True,-1.06283153846,-1.22547032,-1.05445245,-0.9299441915000001
Non-centered,88,alpha[5],1.0008050000000002,1.00308,True,-0.9758756295725,-1.101370865,-0.976061525,-0.8477015735000001
Non-centered,88,alpha[6],1.0008050000000002,1.00308,True,-0.9813007100675,-1.1052548599999998,-0.981905245,-0.8578322335
Non-centered,88,alpha[7],1.0008050000000002,1.00308,True,-1.0054976695125,-1.123749845,-1.0039714000000002,-0.8926929935000001
Non-centered,88,alpha[8],1.0008050000000002,1.00308,True,-1.064671038005,-1.25612182,-1.0538877,-0.9109550660000001
Non-centered,88,alpha[9],1.0008050000000002,1.00308,True,-1.0031997698350001,-1.12352587,-0.9999763349999999,-0.8869022115
Non-centered,88,alpha[10],1.0008050000000002,1.00308,True,-1.0643488815474997,-1.244756725,-1.05582265,-0.918524658
Non-centered,88,alpha[11],1.0008050000000002,1.00308,True,-1.0203469145625,-1.14394568,-1.0166081,-0.906423329
Non-centered,88,alpha[12],1.0008050000000002,1.00308,True,-1.0766302715725,-1.27512691,-1.0639995,-0.9243642245
Non-centered,88,alpha[13],1.0008050000000002,1.00308,True,-0.92654119264,-1.044630255,-0.931235205,-0.7935432960000003
Non-centered,88,alpha[14],1.0008050000000002,1.00308,True,-1.018957390725,-1.1670949449999999,-1.01362315,-0.8864921445000001
Non-centered,88,alpha[15],1.0008050000000002,1.00308,True,-1.0340768094725,-1.18728807,-1.02687745,-0.9011962135000001
Non-centered,88,alpha[16],1.0008050000000002,1.00308,True,-0.9673995590075,-1.0783464699999998,-0.969258065,-0.8526857375000001
Non-centered,88,alpha[17],1.0008050000000002,1.00308,True,-0.9114700928825,-1.03841999,-0.91669409,-0.7673398730000001
Non-centered,88,alpha[18],1.0008050000000002,1.00308,True,-1.0971764906775001,-1.344259245,-1.0768516,-0.925573158
Non-centered,89,mu,1.00094,1.00237,True,-0.993624603115,-1.064347975,-0.992387535,-0.928977005
Non-centered,89,sigma,1.00094,1.00237,True,0.11562441235427501,0.029099318400000004,0.114191735,0.2043875445
Non-centered,89,alpha[1],1.00094,1.00237,True,-0.800317103155,-0.9693818935,-0.80279738,-0.619724259
Non-centered,89,alpha[2],1.00094,1.00237,True,-0.90134612296,-1.02600264,-0.905840905,-0.7608994875
Non-centered,89,alpha[3],1.00094,1.00237,True,-0.9570790699824999,-1.0707928649999998,-0.959149515,-0.8356620510000002
Non-centered,89,alpha[4],1.00094,1.00237,True,-1.0659151866874998,-1.232830335,-1.05565985,-0.9252022305000001
Non-centered,89,alpha[5],1.00094,1.00237,True,-0.9748859563175001,-1.0954389599999999,-0.974601805,-0.8507268105000001
Non-centered,89,alpha[6],1.00094,1.00237,True,-0.9812020755175,-1.104233905,-0.98149011,-0.8556634465
Non-centered,89,alpha[7],1.00094,1.00237,True,-1.0047880096475001,-1.1268612150000001,-1.0015228999999999,-0.892579491
Non-centered,89,alpha[8],1.00094,1.00237,True,-1.0669390070299998,-1.264333325,-1.05524865,-0.9113775805
Non-centered,89,alpha[9],1.00094,1.00237,True,-1.0019029613400001,-1.1238902599999998,-0.99885998,-0.88421285
Non-centered,89,alpha[10],1.00094,1.00237,True,-1.0655663691525001,-1.24772304,-1.05628485,-0.9166019710000001
Non-centered,89,alpha[11],1.00094,1.00237,True,-1.019501347475,-1.1450595449999998,-1.0146983,-0.9076596565000001
Non-centered,89,alpha[12],1.00094,1.00237,True,-1.0756291145375,-1.27062616,-1.0657763999999998,-0.9242107480000001
Non-centered,89,alpha[13],1.00094,1.00237,True,-0.9254467529075,-1.043004335,-0.9309484800000001,-0.7910777800000001
Non-centered,89,alpha[14],1.00094,1.00237,True,-1.02011556497,-1.1722313400000002,-1.01434315,-0.883959208
Non-centered,89,alpha[15],1.00094,1.00237,True,-1.0349854898825,-1.18851974,-1.02846155,-0.902770205
Non-centered,89,alpha[16],1.00094,1.00237,True,-0.968055575945,-1.08605468,-0.9681964249999999,-0.8539761410000002
Non-centered,89,alpha[17],1.00094,1.00237,True,-0.9105843691875,-1.03217034,-0.9184534499999999,-0.7706973910000003
Non-centered,89,alpha[18],1.00094,1.00237,True,-1.1000146796675,-1.34332316,-1.0776691999999999,-0.9241795490000001
Non-centered,90,mu,1.000925,1.00544,True,-0.9926853173575,-1.0626079400000001,-0.990697175,-0.9326020239999999
Non-centered,90,sigma,1.000925,1.00544,True,0.11182219600835251,0.025413740150000003,0.10943792999999999,0.199404251
Non-centered,90,alpha[1],1.000925,1.00544,True,-0.8036829973325,-0.9747146155,-0.804343655,-0.6245017235
Non-centered,90,alpha[2],1.000925,1.00544,True,-0.9034529117675,-1.02973736,-0.907960755,-0.7563326710000001
Non-centered,90,alpha[3],1.000925,1.00544,True,-0.9574491388474999,-1.072217125,-0.959689045,-0.8384325535
Non-centered,90,alpha[4],1.000925,1.00544,True,-1.06145448057,-1.2223043050000002,-1.05273255,-0.9293733925000001
Non-centered,90,alpha[5],1.000925,1.00544,True,-0.9753778446975,-1.09912448,-0.9755013349999999,-0.850118068
Non-centered,90,alpha[6],1.000925,1.00544,True,-0.9822829582375,-1.10519983,-0.9823446,-0.858858965
Non-centered,90,alpha[7],1.000925,1.00544,True,-1.0028807911475,-1.12048658,-0.9994149800000001,-0.8930697435
Non-centered,90,alpha[8],1.000925,1.00544,True,-1.0664363314699998,-1.261465385,-1.0514591,-0.910747932
Non-centered,90,alpha[9],1.000925,1.00544,True,-1.00287246705,-1.12948909,-0.9982912100000001,-0.8885142165000001
Non-centered,90,alpha[10],1.000925,1.00544,True,-1.0604275070424998,-1.240509655,-1.0495596,-0.9164531005000001
Non-centered,90,alpha[11],1.000925,1.00544,True,-1.01796912994,-1.1431002350000001,-1.0132400499999998,-0.9056863285000001
Non-centered,90,alpha[12],1.000925,1.00544,True,-1.0710796717200002,-1.25908866,-1.0618265500000001,-0.9194855165
Non-centered,90,alpha[13],1.000925,1.00544,True,-0.92770412528,-1.046067565,-0.93309984,-0.7908184190000002
Non-centered,90,alpha[14],1.000925,1.00544,True,-1.01858705729,-1.16960343,-1.0110269,-0.885284331
Non-centered,90,alpha[15],1.000925,1.00544,True,-1.0317981872,-1.1890929449999998,-1.02468695,-0.8981559255000001
Non-centered,90,alpha[16],1.000925,1.00544,True,-0.9690576045075001,-1.081804215,-0.96974245,-0.8523290514999999
Non-centered,90,alpha[17],1.000925,1.00544,True,-0.9134411250975,-1.03678073,-0.919483935,-0.771267614
Non-centered,90,alpha[18],1.000925,1.00544,True,-1.0926711895799999,-1.32415048,-1.0781142,-0.9216985455000001
Non-centered,91,mu,1.000225,1.00242,True,-0.9934343592,-1.064513295,-0.99109379,-0.9303972775
Non-centered,91,sigma,1.000225,1.00242,True,0.11526729079670249,0.0311219902,0.11272711499999999,0.2077857815
Non-centered,91,alpha[1],1.000225,1.00242,True,-0.7998363466925,-0.9749183055,-0.80129562,-0.6181384139999999
Non-centered,91,alpha[2],1.000225,1.00242,True,-0.9039656656325,-1.025548375,-0.90950234,-0.762265379
Non-centered,91,alpha[3],1.000225,1.00242,True,-0.9583938870275,-1.07613509,-0.95953745,-0.837184154
Non-centered,91,alpha[4],1.000225,1.00242,True,-1.0652241407375,-1.23061117,-1.0584514,-0.9249173485
Non-centered,91,alpha[5],1.000225,1.00242,True,-0.97659812664,-1.10346882,-0.9759164499999999,-0.852044905
Non-centered,91,alpha[6],1.000225,1.00242,True,-0.9809947116525,-1.10393787,-0.98165083,-0.8598215570000003
Non-centered,91,alpha[7],1.000225,1.00242,True,-1.002860483355,-1.1220518449999999,-0.999361405,-0.890927943
Non-centered,91,alpha[8],1.000225,1.00242,True,-1.0664774554749998,-1.2639606,-1.05177375,-0.9133106485000001
Non-centered,91,alpha[9],1.000225,1.00242,True,-1.0008055332825,-1.119630675,-0.998178915,-0.886069768
Non-centered,91,alpha[10],1.000225,1.00242,True,-1.0636149958649999,-1.244831265,-1.05357415,-0.91872315
Non-centered,91,alpha[11],1.000225,1.00242,True,-1.0187220767824998,-1.14570118,-1.0149390999999999,-0.9033383565
Non-centered,91,alpha[12],1.000225,1.00242,True,-1.07749199556,-1.2633135249999998,-1.0645938,-0.9302836345000001
Non-centered,91,alpha[13],1.000225,1.00242,True,-0.9274360865875,-1.048457215,-0.931556795,-0.793966817
Non-centered,91,alpha[14],1.000225,1.00242,True,-1.018472885875,-1.169469315,-1.0122181000000001,-0.8849807395000001
Non-centered,91,alpha[15],1.000225,1.00242,True,-1.0354622801199997,-1.19396337,-1.0270321500000001,-0.8992493100000001
Non-centered,91,alpha[16],1.000225,1.00242,True,-0.9678796506874999,-1.085101095,-0.968758505,-0.8488786050000001
Non-centered,91,alpha[17],1.000225,1.00242,True,-0.9133028962724999,-1.0370671949999999,-0.9193857000000001,-0.771865965
Non-centered,91,alpha[18],1.000225,1.00242,True,-1.0966048586675001,-1.3491553649999999,-1.07450285,-0.920027046
Non-centered,92,mu,1.00068,1.00241,True,-0.9934785497225,-1.068556205,-0.9904074350000001,-0.92742162
Non-centered,92,sigma,1.00068,1.00241,True,0.11607365861478751,0.0343134749,0.11422587000000001,0.20564553599999996
Non-centered,92,alpha[1],1.00068,1.00241,True,-0.7968623138075001,-0.964344465,-0.79768025,-0.6143318915
Non-centered,92,alpha[2],1.00068,1.00241,True,-0.9026911207825,-1.0228804500000002,-0.9102140350000001,-0.7620699450000002
Non-centered,92,alpha[3],1.00068,1.00241,True,-0.957346988535,-1.07768197,-0.95923326,-0.8349783315000001
Non-centered,92,alpha[4],1.00068,1.00241,True,-1.0633460307875,-1.234483145,-1.053735,-0.924282638
Non-centered,92,alpha[5],1.00068,1.00241,True,-0.9764278005925,-1.10283431,-0.976302155,-0.848836293
Non-centered,92,alpha[6],1.00068,1.00241,True,-0.98348277708,-1.1103571399999999,-0.98170414,-0.8625722540000001
Non-centered,92,alpha[7],1.00068,1.00241,True,-1.0017277437225,-1.123125315,-0.999625105,-0.8837695145
Non-centered,92,alpha[8],1.00068,1.00241,True,-1.0657996442075,-1.2629790300000001,-1.05542385,-0.9076213710000001
Non-centered,92,alpha[9],1.00068,1.00241,True,-1.0028863646475001,-1.129228095,-0.99955193,-0.888519324
Non-centered,92,alpha[10],1.00068,1.00241,True,-1.0646190604275,-1.24631612,-1.05255975,-0.9183868305
Non-centered,92,alpha[11],1.00068,1.00241,True,-1.0188383040625,-1.1468776349999998,-1.01534575,-0.9042403880000001
Non-centered,92,alpha[12],1.00068,1.00241,True,-1.076425866275,-1.264128165,-1.0652131,-0.926129352
Non-centered,92,alpha[13],1.00068,1.00241,True,-0.9258801191274999,-1.04606357,-0.929052245,-0.7959573915000001
Non-centered,92,alpha[14],1.00068,1.00241,True,-1.01973890888,-1.172422375,-1.0149135,-0.8879881290000001
Non-centered,92,alpha[15],1.00068,1.00241,True,-1.034233375475,-1.1949232300000001,-1.02782105,-0.9005518025000001
Non-centered,92,alpha[16],1.00068,1.00241,True,-0.9692425201425,-1.083567395,-0.96968118,-0.853467367
Non-centered,92,alpha[17],1.00068,1.00241,True,-0.9122587080525,-1.03472115,-0.91746135,-0.7753969095
Non-centered,92,alpha[18],1.00068,1.00241,True,-1.0999842889225002,-1.34463336,-1.0804304,-0.9217567175000001
Non-centered,93,mu,1.000995,1.00332,True,-0.99187148641,-1.062858835,-0.98868985,-0.92751187
Non-centered,93,sigma,1.000995,1.00332,True,0.11638289759859251,0.028231003450000007,0.11456633,0.20526164649999995
Non-centered,93,alpha[1],1.000995,1.00332,True,-0.796220128025,-0.970408139,-0.798521,-0.6096449300000001
Non-centered,93,alpha[2],1.000995,1.00332,True,-0.90168911103,-1.02411452,-0.90820906,-0.7626959045000001
Non-centered,93,alpha[3],1.000995,1.00332,True,-0.9572718810874999,-1.07463349,-0.95982221,-0.8328085875
Non-centered,93,alpha[4],1.000995,1.00332,True,-1.0669374041875,-1.23256875,-1.0594556,-0.931573033
Non-centered,93,alpha[5],1.000995,1.00332,True,-0.9754043187775001,-1.10493401,-0.9745876,-0.8471333165
Non-centered,93,alpha[6],1.000995,1.00332,True,-0.9817000752624999,-1.102574805,-0.9805413199999999,-0.8649298425
Non-centered,93,alpha[7],1.000995,1.00332,True,-1.001823760505,-1.121289975,-0.9997895050000001,-0.8881346305
Non-centered,93,alpha[8],1.000995,1.00332,True,-1.0673885515650001,-1.264737525,-1.0543789499999998,-0.900525231
Non-centered,93,alpha[9],1.000995,1.00332,True,-1.00127159073,-1.12649075,-0.997490865,-0.88678736
Non-centered,93,alpha[10],1.000995,1.00332,True,-1.0655342767875,-1.24659093,-1.05260025,-0.9190680590000001
Non-centered,93,alpha[11],1.000995,1.00332,True,-1.018290070325,-1.146459315,-1.0134102999999999,-0.9066448420000002
Non-centered,93,alpha[12],1.000995,1.00332,True,-1.0753712015424999,-1.26387783,-1.0626866,-0.9287970155
Non-centered,93,alpha[13],1.000995,1.00332,True,-0.9249149705674999,-1.045999345,-0.9282851649999999,-0.794794864
Non-centered,93,alpha[14],1.000995,1.00332,True,-1.0196724382,-1.1748291,-1.01240735,-0.8824142320000001
Non-centered,93,alpha[15],1.000995,1.00332,True,-1.0337409057875,-1.18407268,-1.02539025,-0.9007195935000001
Non-centered,93,alpha[16],1.000995,1.00332,True,-0.96826358137,-1.0809808300000001,-0.969372685,-0.8500586785000002
Non-centered,93,alpha[17],1.000995,1.00332,True,-0.9113167362525001,-1.03546252,-0.9177012099999999,-0.7689662380000002
Non-centered,93,alpha[18],1.000995,1.00332,True,-1.103408153135,-1.34212344,-1.08263895,-0.9301230760000001
Non-centered,94,mu,1.0012500000000002,1.01341,True,-0.9899682998475,-1.055470885,-0.9882322050000001,-0.930160726
Non-centered,94,sigma,1.0012500000000002,1.01341,True,0.11252881607620001,0.024580566900000003,0.11146053,0.203205105
Non-centered,94,alpha[1],1.0012500000000002,1.01341,True,-0.8019037337325,-0.977901354,-0.803083005,-0.6143183305000006
Non-centered,94,alpha[2],1.0012500000000002,1.01341,True,-0.9038603867975,-1.024454495,-0.908503125,-0.7663875165
Non-centered,94,alpha[3],1.0012500000000002,1.01341,True,-0.9571577985024999,-1.06778101,-0.9591409399999999,-0.8399902225000001
Non-centered,94,alpha[4],1.0012500000000002,1.01341,True,-1.0609207544425001,-1.231450245,-1.0530357000000001,-0.9244715425
Non-centered,94,alpha[5],1.0012500000000002,1.01341,True,-0.97690261981,-1.098326865,-0.977795085,-0.8488918075
Non-centered,94,alpha[6],1.0012500000000002,1.01341,True,-0.9821370961849999,-1.1045231149999999,-0.982105095,-0.863410052
Non-centered,94,alpha[7],1.0012500000000002,1.01341,True,-1.0031515386474998,-1.1214478300000001,-1.00021585,-0.892639444
Non-centered,94,alpha[8],1.0012500000000002,1.01341,True,-1.0631977525475,-1.26072421,-1.04946405,-0.9102835530000001
Non-centered,94,alpha[9],1.0012500000000002,1.01341,True,-1.0010816714050002,-1.1266707999999999,-0.99910478,-0.879768486
Non-centered,94,alpha[10],1.0012500000000002,1.01341,True,-1.0617429195124999,-1.2391712099999999,-1.0496121500000002,-0.9184505930000001
Non-centered,94,alpha[11],1.0012500000000002,1.01341,True,-1.01795201732,-1.14488025,-1.01304545,-0.9073493545
Non-centered,94,alpha[12],1.0012500000000002,1.01341,True,-1.0736573191499998,-1.264323695,-1.0624368,-0.9269119554999999
Non-centered,94,alpha[13],1.0012500000000002,1.01341,True,-0.9287768838000001,-1.05026308,-0.9336022399999999,-0.7947550375000001
Non-centered,94,alpha[14],1.0012500000000002,1.01341,True,-1.0179406717925,-1.173854485,-1.0100669500000001,-0.8883403615000001
Non-centered,94,alpha[15],1.0012500000000002,1.01341,True,-1.0318061275925001,-1.19091653,-1.02462345,-0.8965165995000002
Non-centered,94,alpha[16],1.0012500000000002,1.01341,True,-0.9686302122575,-1.0803334549999999,-0.96946513,-0.8543619195000001
Non-centered,94,alpha[17],1.0012500000000002,1.01341,True,-0.9133607597475,-1.035558505,-0.920321315,-0.7715057200000001
Non-centered,94,alpha[18],1.0012500000000002,1.01341,True,-1.0932572063425001,-1.3248431649999999,-1.07492505,-0.921866182
Non-centered,95,mu,1.0006249999999999,1.00321,True,-0.993616919955,-1.065419315,-0.992911785,-0.9287441180000001
Non-centered,95,sigma,1.0006249999999999,1.00321,True,0.114633756471125,0.03253750500000001,0.111711405,0.2058017915
Non-centered,95,alpha[1],1.0006249999999999,1.00321,True,-0.8008303793675,-0.9738571404999999,-0.801780715,-0.6132674535000002
Non-centered,95,alpha[2],1.0006249999999999,1.00321,True,-0.9045167450325,-1.02589989,-0.9090957,-0.7604108255
Non-centered,95,alpha[3],1.0006249999999999,1.00321,True,-0.9570950121774999,-1.0740875200000002,-0.9585769900000001,-0.8320906945
Non-centered,95,alpha[4],1.0006249999999999,1.00321,True,-1.06366381639,-1.23366143,-1.0554857000000002,-0.922260159
Non-centered,95,alpha[5],1.0006249999999999,1.00321,True,-0.9751515006099999,-1.09935948,-0.974323855,-0.8513582755000001
Non-centered,95,alpha[6],1.0006249999999999,1.00321,True,-0.981691472785,-1.09701402,-0.983720585,-0.863157679
Non-centered,95,alpha[7],1.0006249999999999,1.00321,True,-1.0038508743475,-1.1224133600000001,-1.000946,-0.8951810440000002
Non-centered,95,alpha[8],1.0006249999999999,1.00321,True,-1.067640850675,-1.26734394,-1.05356475,-0.9138663470000001
Non-centered,95,alpha[9],1.0006249999999999,1.00321,True,-1.0015568799375,-1.12260665,-0.999615205,-0.8857273995
Non-centered,95,alpha[10],1.0006249999999999,1.00321,True,-1.0650612992625,-1.248001565,-1.0542533,-0.920597161
Non-centered,95,alpha[11],1.0006249999999999,1.00321,True,-1.0183287676625,-1.13868662,-1.01663985,-0.9058815225
Non-centered,95,alpha[12],1.0006249999999999,1.00321,True,-1.0755978295075002,-1.265631365,-1.0625019,-0.922794352
Non-centered,95,alpha[13],1.0006249999999999,1.00321,True,-0.927873159015,-1.04960739,-0.932174445,-0.7885756075
Non-centered,95,alpha[14],1.0006249999999999,1.00321,True,-1.0187966682424998,-1.17272666,-1.01466025,-0.8789553165
Non-centered,95,alpha[15],1.0006249999999999,1.00321,True,-1.0338865922675,-1.19024683,-1.027158,-0.8957276765000001
Non-centered,95,alpha[16],1.0006249999999999,1.00321,True,-0.9682317346225,-1.0801633800000001,-0.968958895,-0.8563468795
Non-centered,95,alpha[17],1.0006249999999999,1.00321,True,-0.9103548834975,-1.032364775,-0.915758955,-0.7691368645
Non-centered,95,alpha[18],1.0006249999999999,1.00321,True,-1.0970843934149999,-1.333132775,-1.0790026,-0.9254560685000001
Non-centered,96,mu,1.00038,1.00315,True,-0.993274959645,-1.06301317,-0.9909259699999999,-0.930548214
Non-centered,96,sigma,1.00038,1.00315,True,0.1165540625091675,0.03426725970000001,0.1130033,0.2059543544999999
Non-centered,96,alpha[1],1.00038,1.00315,True,-0.79511915383,-0.9687408225,-0.7966626750000001,-0.6107144525
Non-centered,96,alpha[2],1.00038,1.00315,True,-0.9018885285374999,-1.01960716,-0.907400565,-0.7649902475
Non-centered,96,alpha[3],1.00038,1.00315,True,-0.95643712236,-1.0687557950000002,-0.95850583,-0.8379015439999999
Non-centered,96,alpha[4],1.00038,1.00315,True,-1.0646079371975,-1.23513257,-1.0549164,-0.9243672175000001
Non-centered,96,alpha[5],1.00038,1.00315,True,-0.9766751271724999,-1.100169445,-0.9751221800000001,-0.8520851405000001
Non-centered,96,alpha[6],1.00038,1.00315,True,-0.9801347937425,-1.10400574,-0.97802246,-0.8594829325000001
Non-centered,96,alpha[7],1.00038,1.00315,True,-1.0026033707925002,-1.122150285,-0.999618415,-0.887882416
Non-centered,96,alpha[8],1.00038,1.00315,True,-1.0683831853874999,-1.267873525,-1.0550299,-0.9123262335000002
Non-centered,96,alpha[9],1.00038,1.00315,True,-1.0008250436850001,-1.12820265,-0.9964708499999999,-0.8818964010000001
Non-centered,96,alpha[10],1.00038,1.00315,True,-1.06423477973,-1.251414345,-1.0518584,-0.9110573705
Non-centered,96,alpha[11],1.00038,1.00315,True,-1.020569650485,-1.15100447,-1.01588135,-0.9032966920000001
Non-centered,96,alpha[12],1.00038,1.00315,True,-1.0779665626275001,-1.271306105,-1.06636715,-0.926864477
Non-centered,96,alpha[13],1.00038,1.00315,True,-0.9255331825575001,-1.0445932249999998,-0.92919749,-0.7921603595000001
Non-centered,96,alpha[14],1.00038,1.00315,True,-1.02140089054,-1.1718509,-1.0150708499999999,-0.8885611170000001
Non-centered,96,alpha[15],1.00038,1.00315,True,-1.03342126342,-1.197951125,-1.0250222,-0.8952197985
Non-centered,96,alpha[16],1.00038,1.00315,True,-0.9690936636774999,-1.0853063649999999,-0.96917646,-0.850109617
Non-centered,96,alpha[17],1.00038,1.00315,True,-0.9121229278574999,-1.03553391,-0.917740205,-0.7724556435000001
Non-centered,96,alpha[18],1.00038,1.00315,True,-1.10048791579,-1.3406701099999998,-1.0815227,-0.9257694825
Non-centered,97,mu,1.000745,1.00377,True,-0.9942576716924999,-1.0655953649999999,-0.9929055849999999,-0.929448064
Non-centered,97,sigma,1.000745,1.00377,True,0.1141491967611775,0.030789225950000002,0.112224665,0.200772535
Non-centered,97,alpha[1],1.000745,1.00377,True,-0.8015027048275,-0.9714516615000001,-0.804347015,-0.61323751
Non-centered,97,alpha[2],1.000745,1.00377,True,-0.90214382658,-1.02524899,-0.9083246549999999,-0.7559539865
Non-centered,97,alpha[3],1.000745,1.00377,True,-0.9578413238100001,-1.072319055,-0.960821455,-0.833285603
Non-centered,97,alpha[4],1.000745,1.00377,True,-1.0630885672250001,-1.22621311,-1.05299835,-0.924967541
Non-centered,97,alpha[5],1.000745,1.00377,True,-0.97666161707,-1.10436476,-0.97794146,-0.8508354845000002
Non-centered,97,alpha[6],1.000745,1.00377,True,-0.9825884022624999,-1.1051721399999999,-0.98123667,-0.8609975045
Non-centered,97,alpha[7],1.000745,1.00377,True,-1.0045588825949998,-1.130007545,-1.00156175,-0.893250834
Non-centered,97,alpha[8],1.000745,1.00377,True,-1.06520437232,-1.26176967,-1.05228125,-0.9102693045
Non-centered,97,alpha[9],1.000745,1.00377,True,-1.0023443089325,-1.1249767050000001,-1.0005898,-0.889490823
Non-centered,97,alpha[10],1.000745,1.00377,True,-1.0633236832875,-1.24377794,-1.05113885,-0.918357743
Non-centered,97,alpha[11],1.000745,1.00377,True,-1.0182826455625,-1.148179315,-1.01285475,-0.906964968
Non-centered,97,alpha[12],1.000745,1.00377,True,-1.0780768893750001,-1.2731832749999998,-1.065381,-0.9284538395
Non-centered,97,alpha[13],1.000745,1.00377,True,-0.9273394022074999,-1.0439357,-0.9323905450000001,-0.7935821035
Non-centered,97,alpha[14],1.000745,1.00377,True,-1.0209873493725001,-1.17202556,-1.0159259999999999,-0.8897903700000002
Non-centered,97,alpha[15],1.000745,1.00377,True,-1.0351523827874998,-1.19331406,-1.027769,-0.8979008455
Non-centered,97,alpha[16],1.000745,1.00377,True,-0.9682349488424999,-1.078005145,-0.969560985,-0.8514740909999999
Non-centered,97,alpha[17],1.000745,1.00377,True,-0.9117365372624999,-1.034857975,-0.9174479099999999,-0.771222807
Non-centered,97,alpha[18],1.000745,1.00377,True,-1.0965473114524997,-1.337256265,-1.07670485,-0.923050751
Non-centered,98,mu,1.000475,1.00372,True,-0.9927962094924999,-1.063044965,-0.9910260449999999,-0.9293498905
Non-centered,98,sigma,1.000475,1.00372,True,0.11476341209288751,0.0357597508,0.111295745,0.20613801799999998
Non-centered,98,alpha[1],1.000475,1.00372,True,-0.8000066682524999,-0.970089515,-0.802037195,-0.6165706485000001
Non-centered,98,alpha[2],1.000475,1.00372,True,-0.9024079673775,-1.03024495,-0.905914785,-0.7612329860000001
Non-centered,98,alpha[3],1.000475,1.00372,True,-0.9592122331225,-1.07179248,-0.9607394650000001,-0.843459206
Non-centered,98,alpha[4],1.000475,1.00372,True,-1.0642670993725,-1.22821639,-1.0566094499999998,-0.9234230685
Non-centered,98,alpha[5],1.000475,1.00372,True,-0.9763426429400001,-1.1029858750000001,-0.9763928,-0.8524712295
Non-centered,98,alpha[6],1.000475,1.00372,True,-0.981856778555,-1.10301729,-0.9827613749999999,-0.8591111419999999
Non-centered,98,alpha[7],1.000475,1.00372,True,-1.0039838552224998,-1.12089312,-1.00182595,-0.893118995
Non-centered,98,alpha[8],1.000475,1.00372,True,-1.0661807018975,-1.25881987,-1.0541126,-0.9127256495
Non-centered,98,alpha[9],1.000475,1.00372,True,-1.00191142265,-1.12398333,-1.00038495,-0.890661738
Non-centered,98,alpha[10],1.000475,1.00372,True,-1.0632755189125,-1.2460575600000001,-1.0517587,-0.9196533485
Non-centered,98,alpha[11],1.000475,1.00372,True,-1.0177278839975,-1.1465248650000002,-1.0143721,-0.9022237120000002
Non-centered,98,alpha[12],1.000475,1.00372,True,-1.074868383475,-1.2608083350000001,-1.0632614500000002,-0.9246865475
Non-centered,98,alpha[13],1.000475,1.00372,True,-0.9260998923375,-1.04233196,-0.93124661,-0.7913244955
Non-centered,98,alpha[14],1.000475,1.00372,True,-1.0204673217475,-1.166346095,-1.0142423,-0.8824465715
Non-centered,98,alpha[15],1.000475,1.00372,True,-1.03409998271,-1.19050748,-1.0290312,-0.8995489575000001
Non-centered,98,alpha[16],1.000475,1.00372,True,-0.9678175043325,-1.082246125,-0.967267195,-0.850257693
Non-centered,98,alpha[17],1.000475,1.00372,True,-0.91113120837,-1.03699408,-0.91596228,-0.769624172
Non-centered,98,alpha[18],1.000475,1.00372,True,-1.0968000012225003,-1.33928421,-1.0767236,-0.9174947715
Non-centered,99,mu,1.00075,1.00374,True,-0.9932395325625,-1.063355495,-0.9904843050000001,-0.9303398350000001
Non-centered,99,sigma,1.00075,1.00374,True,0.11510664710348,0.03080690815,0.112201325,0.20628028249999988
Non-centered,99,alpha[1],1.00075,1.00374,True,-0.8003044543375001,-0.9723433930000001,-0.802906675,-0.6119135255000001
Non-centered,99,alpha[2],1.00075,1.00374,True,-0.9018530255549999,-1.019951075,-0.907924135,-0.7651006285
Non-centered,99,alpha[3],1.00075,1.00374,True,-0.95861423536,-1.0746942800000001,-0.959392495,-0.8346208195000001
Non-centered,99,alpha[4],1.00075,1.00374,True,-1.0643908288200001,-1.2305470649999999,-1.05600555,-0.9237721935000001
Non-centered,99,alpha[5],1.00075,1.00374,True,-0.9752062176375,-1.097123485,-0.976298745,-0.851759459
Non-centered,99,alpha[6],1.00075,1.00374,True,-0.98336545191,-1.106831605,-0.982102705,-0.8629129275
Non-centered,99,alpha[7],1.00075,1.00374,True,-1.002784876225,-1.115413815,-1.0007385,-0.892688469
Non-centered,99,alpha[8],1.00075,1.00374,True,-1.0681734761875,-1.27375076,-1.0525185499999998,-0.9088502355
Non-centered,99,alpha[9],1.00075,1.00374,True,-1.00216133166,-1.126082705,-0.99929717,-0.8831611765
Non-centered,99,alpha[10],1.00075,1.00374,True,-1.0644913634250002,-1.2399526,-1.0522928500000002,-0.9214444765
Non-centered,99,alpha[11],1.00075,1.00374,True,-1.01885711662,-1.1446577599999999,-1.0144258000000002,-0.9062964419999999
Non-centered,99,alpha[12],1.00075,1.00374,True,-1.0739989705600002,-1.26646469,-1.0625957,-0.9228200245
Non-centered,99,alpha[13],1.00075,1.00374,True,-0.9264302437574999,-1.041509225,-0.93228656,-0.7885558965
Non-centered,99,alpha[14],1.00075,1.00374,True,-1.0198134373125,-1.170514875,-1.01307605,-0.8855680925000002
Non-centered,99,alpha[15],1.00075,1.00374,True,-1.0348689837025,-1.19466057,-1.0264753999999998,-0.8950473824999999
Non-centered,99,alpha[16],1.00075,1.00374,True,-0.968926048755,-1.08683191,-0.9674871650000001,-0.8551004335
Non-centered,99,alpha[17],1.00075,1.00374,True,-0.9118771305124999,-1.036450685,-0.91971629,-0.7696073795
Non-centered,99,alpha[18],1.00075,1.00374,True,-1.096773849895,-1.3294252899999999,-1.07795615,-0.926108232
Non-centered,100,mu,1.001725,1.00737,True,-0.993835800115,-1.0651537100000001,-0.991669115,-0.9305227955
Non-centered,100,sigma,1.001725,1.00737,True,0.114217455511375,0.0234665746,0.111897685,0.20452637949999994
Non-centered,100,alpha[1],1.001725,1.00737,True,-0.8014925387625,-0.9743967914999999,-0.8026934800000001,-0.6198459015000001
Non-centered,100,alpha[2],1.001725,1.00737,True,-0.9030839377675,-1.02636636,-0.909411065,-0.760662182
Non-centered,100,alpha[3],1.001725,1.00737,True,-0.958274174885,-1.072943845,-0.96103017,-0.8352892525000001
Non-centered,100,alpha[4],1.001725,1.00737,True,-1.0636448174275,-1.23195299,-1.0551349,-0.9251611255000001
Non-centered,100,alpha[5],1.001725,1.00737,True,-0.9766430229225,-1.09766435,-0.9763591549999999,-0.8527053529999999
Non-centered,100,alpha[6],1.001725,1.00737,True,-0.9826280595575,-1.107651405,-0.98107806,-0.8629876390000001
Non-centered,100,alpha[7],1.001725,1.00737,True,-1.0024532603275,-1.120044735,-0.998103645,-0.8934064285000001
Non-centered,100,alpha[8],1.001725,1.00737,True,-1.0654512279975001,-1.2703936450000002,-1.05106345,-0.912054775
Non-centered,100,alpha[9],1.001725,1.00737,True,-1.000585068345,-1.1282615649999999,-0.9974095199999999,-0.8841781585
Non-centered,100,alpha[10],1.001725,1.00737,True,-1.0626199056324999,-1.2379838,-1.05228735,-0.92095017
Non-centered,100,alpha[11],1.001725,1.00737,True,-1.0177605457924999,-1.1422594750000001,-1.01356535,-0.9040515665000001
Non-centered,100,alpha[12],1.001725,1.00737,True,-1.0744716087625001,-1.258557645,-1.0640098,-0.9313345980000001
Non-centered,100,alpha[13],1.001725,1.00737,True,-0.928799668375,-1.04550058,-0.932569785,-0.801377188
Non-centered,100,alpha[14],1.001725,1.00737,True,-1.020024636165,-1.17155653,-1.01391225,-0.8827899845000001
Non-centered,100,alpha[15],1.001725,1.00737,True,-1.035016219895,-1.19616233,-1.02556545,-0.8994307490000001
Non-centered,100,alpha[16],1.001725,1.00737,True,-0.9673577496725,-1.078801625,-0.9686409300000001,-0.8507093665000001
Non-centered,100,alpha[17],1.001725,1.00737,True,-0.9114726072999999,-1.032283405,-0.91797396,-0.770940391
Non-centered,100,alpha[18],1.001725,1.00737,True,-1.09965358858,-1.3363460649999999,-1.0795499,-0.9293369185
